pitcher,team,pitch_type,rawmean,n,stuff_mean,support,low_support,atom_sum,atom_n
"Abbott, Andrew",CIN,CH,0.0018483250351831496,557,101.4,0.7155,False,56455.0,557
"Abbott, Andrew",CIN,CU,-0.0010959892725919387,362,90.6,0.7673,False,32796.0,362
"Abbott, Andrew",CIN,FC,0.0020414768454716787,95,107.9,0.9926,False,10248.0,95
"Abbott, Andrew",CIN,FF,-0.005821983173408821,1275,90.4,0.5149,False,115292.0,1275
"Abbott, Andrew",CIN,ST,0.005987760236797532,568,94.3,0.7795,False,53580.0,568
"Abel, Mick",MIN,CH,0.0023432704536909504,63,102.3,1.0115,False,6444.0,63
"Abel, Mick",MIN,CU,0.006772272031022502,42,107.3,0.8945,False,4506.0,42
"Abel, Mick",MIN,FF,0.00351916588875728,155,108.3,0.5965,False,16789.0,155
"Abel, Mick",MIN,SI,-0.0037183857639320195,10,95.7,0.7594,False,957.0,10
"Abel, Mick",MIN,SL,0.004962667323222074,48,98.0,0.9355,False,4705.0,48
"Abel, Mick",MIN,ST,0.012330048063841578,39,110.5,1.1067,False,4311.0,39
"Abner, Philip",ARI,CH,-0.010743122906065904,13,77.2,1.369,False,1003.0,13
"Abner, Philip",ARI,CU,-0.0013169135129563376,48,90.2,1.2558,False,4328.0,48
"Abner, Philip",ARI,FF,-0.006135219903314405,137,89.8,0.8019,False,12306.0,137
"Abner, Philip",ARI,ST,0.0029815441330936937,47,86.7,1.2249,False,4076.0,47
"Abner, Philip",SFG,CH,-0.009894253988750278,10,78.8,1.1459,False,788.0,10
"Abner, Philip",SFG,CU,-0.0005786779162008316,15,91.7,1.2954,False,1375.0,15
"Abner, Philip",SFG,FF,-0.01056825234799793,38,81.3,0.9235,False,3088.0,38
"Abner, Philip",SFG,ST,0.0005296189337968826,5,80.4,1.2782,False,402.0,5
"Abreu, Bryan",HOU,CH,-0.012390208430588245,1,74.0,1.0658,False,74.0,1
"Abreu, Bryan",HOU,FC,-0.002289253674246276,118,94.8,1.0641,False,11184.0,118
"Abreu, Bryan",HOU,FF,0.00157370201832424,485,104.6,0.4868,False,50736.0,485
"Abreu, Bryan",HOU,SI,-0.0040263077632213635,3,95.0,0.8219,False,285.0,3
"Abreu, Bryan",HOU,SL,0.010129268411949369,486,110.5,0.6622,False,53700.0,486
"Acton, Garrett",MIN,CH,0.0026497439976083115,4,102.8,1.1498,False,411.0,4
"Acton, Garrett",MIN,FF,0.001494411718058159,116,104.5,0.6834,False,12117.0,116
"Acton, Garrett",MIN,SL,0.004658669669178303,83,97.3,1.0642,False,8074.0,83
"Adam, Jason",SDP,CH,0.0030770937504712493,190,103.7,0.6311,False,19709.0,190
"Adam, Jason",SDP,FF,-0.004472855500917063,129,93.0,0.5919,False,11997.0,129
"Adam, Jason",SDP,SL,0.004938879446334405,210,98.0,0.6372,False,20581.0,210
"Adam, Jason",SDP,ST,0.004783239679034943,39,91.3,0.8621,False,3559.0,39
"Adams, Blake",COL,CU,-0.0025647162488894536,5,87.4,1.008,False,437.0,5
"Adams, Blake",COL,FC,-0.0020500412460283507,14,95.4,0.9888,False,1336.0,14
"Adams, Blake",COL,FF,-0.00967731505599139,14,83.1,0.7335,False,1163.0,14
"Adams, Blake",COL,SI,-0.009463658672757447,4,85.0,1.0259,False,340.0,4
"Adams, Mason",COL,CH,-0.009287211947831447,23,80.0,1.318,False,1839.0,23
"Adams, Mason",COL,CU,0.0002624104010699798,93,93.5,1.4572,False,8695.0,93
"Adams, Mason",COL,FC,-0.004832796228583902,29,87.0,1.1344,False,2524.0,29
"Adams, Mason",COL,FF,-0.007247617083149274,149,87.7,0.8286,False,13072.0,149
"Adams, Mason",COL,SI,-0.00553672010676401,117,92.2,1.015,False,10789.0,117
"Adams, Mason",COL,ST,0.005611292983654462,57,93.4,1.5119,False,5322.0,57
"Adams, Travis",MIN,CH,0.0002711708181396895,234,98.3,0.9154,False,23004.0,234
"Adams, Travis",MIN,FC,0.0002018193033365652,195,102.4,0.8351,False,19960.0,195
"Adams, Travis",MIN,FF,-0.0038999838546040903,232,94.1,0.618,False,21838.0,232
"Adams, Travis",MIN,SI,-0.0023509330841765754,57,98.1,0.8311,False,5590.0,57
"Adams, Travis",MIN,SL,0.0026613302668387216,232,92.5,0.8978,False,21455.0,232
"Agnos, Zach",COL,FC,-0.0017409292207580533,318,96.4,0.7105,False,30668.0,318
"Agnos, Zach",COL,FF,-0.00430785117522975,376,93.3,0.5763,False,35098.0,376
"Agnos, Zach",COL,FS,0.0004878347546228763,163,93.3,0.8735,False,15208.0,163
"Agnos, Zach",COL,SI,-0.00501090536138402,205,93.2,0.7224,False,19107.0,205
"Agnos, Zach",COL,SL,0.003707213662710274,175,95.0,1.0168,False,16621.0,175
"Agnos, Zach",COL,ST,0.004763703828678634,265,91.2,1.0227,False,24176.0,265
"Aguiar, Julian",CIN,CH,-0.0012102627034227436,13,95.5,1.131,False,1241.0,13
"Aguiar, Julian",CIN,CU,0.002394028784086307,3,98.3,1.4924,False,295.0,3
"Aguiar, Julian",CIN,FF,-0.009169364348053932,1,84.0,0.9333,False,84.0,1
"Aguiar, Julian",CIN,SI,-0.006286838590592827,26,90.8,0.8467,False,2362.0,26
"Aguiar, Julian",CIN,SL,0.003592258426413702,11,94.5,1.251,False,1040.0,11
"Ahlstrom, Robby",TEX,CU,-0.0003974766605887967,23,92.1,1.2888,False,2118.0,23
"Ahlstrom, Robby",TEX,FF,-0.0034580255548496133,216,94.9,0.6684,False,20502.0,216
"Ahlstrom, Robby",TEX,FS,0.00240022780701903,101,96.5,1.1542,False,9751.0,101
"Ahlstrom, Robby",TEX,SI,-0.0026247411354515275,139,97.6,0.7806,False,13563.0,139
"Ahlstrom, Robby",TEX,SL,0.003339194315828358,169,94.1,0.9925,False,15904.0,169
"Akin, Keegan",BAL,CH,-0.0020582772250775563,113,93.8,0.5948,False,10605.0,113
"Akin, Keegan",BAL,FC,0.0013953858300572559,110,106.0,0.8224,False,11655.0,110
"Akin, Keegan",BAL,FF,-0.003863660091007081,220,94.2,0.4236,False,20716.0,220
"Alcantara, Sandy",MIA,CH,0.00637174394473496,675,110.0,0.4942,False,74708.0,679
"Alcantara, Sandy",MIA,FC,0.0024027866214728273,492,109.0,0.5913,False,53857.0,494
"Alcantara, Sandy",MIA,FF,-0.0019231222904554483,582,97.9,0.4225,False,56971.0,582
"Alcantara, Sandy",MIA,SI,0.00028526294944591576,873,103.0,0.3837,False,90345.0,877
"Alcantara, Sandy",MIA,SL,0.003993152787985511,307,95.7,0.691,False,29384.0,307
"Alcantara, Sandy",MIA,ST,0.007805294490899953,354,99.0,1.1892,False,35044.0,354
"Aldegheri, Sam",LAA,CH,-0.002961819704935243,189,92.1,1.1957,False,17413.0,189
"Aldegheri, Sam",LAA,CU,-0.005730622384757938,46,80.8,1.194,False,3715.0,46
"Aldegheri, Sam",LAA,FC,-0.003878697714613876,52,89.9,1.1266,False,4677.0,52
"Aldegheri, Sam",LAA,FF,-0.012246407851016931,291,78.1,0.7038,False,22725.0,291
"Aldegheri, Sam",LAA,SL,0.0002573394503997406,32,86.7,0.9535,False,2774.0,32
"Aleman, Franco",CLE,CH,-0.0009620077285684861,28,96.1,1.2088,False,2691.0,28
"Aleman, Franco",CLE,FF,0.002744583123758243,283,106.9,0.8849,False,30242.0,283
"Aleman, Franco",CLE,SL,0.010148191505416843,116,110.5,1.2991,False,12819.0,116
"Alexander, Jason",HOU,CH,0.0017939183808353154,105,101.2,0.5386,False,10627.0,105
"Alexander, Jason",HOU,FC,-0.0014491748674224842,34,97.2,1.4868,False,3306.0,34
"Alexander, Jason",HOU,FF,-0.012051175381473975,67,78.4,0.6189,False,5253.0,67
"Alexander, Jason",HOU,SI,-0.006497010300841389,72,90.4,0.4884,False,6510.0,72
"Alexander, Jason",HOU,ST,0.0066213714252669545,21,96.0,0.6711,False,2016.0,21
"Alexander, Tyler",TEX,CH,-0.0033110330960604163,273,91.4,0.9999,False,25418.0,278
"Alexander, Tyler",TEX,FC,-0.001244248786050658,248,97.9,0.7848,False,24670.0,252
"Alexander, Tyler",TEX,FF,-0.005096573569466677,216,91.8,0.8077,False,19827.0,216
"Alexander, Tyler",TEX,SI,-0.005536396332357535,228,92.2,0.822,False,21397.0,232
"Alexander, Tyler",TEX,ST,0.006015638308121172,219,94.3,1.1547,False,20930.0,222
"Allard, Kolby",CLE,CH,-0.00512514220044426,33,87.9,0.7128,False,2901.0,33
"Allard, Kolby",CLE,CU,-0.010068193213858953,24,71.5,0.7858,False,1716.0,24
"Allard, Kolby",CLE,FF,-0.007417997210965647,60,87.3,0.5077,False,5240.0,60
"Allard, Kolby",CLE,SI,-0.009255674225278199,20,85.5,0.6255,False,1710.0,20
"Allard, Kolby",CLE,SL,-0.0016243449268586118,40,82.1,0.7947,False,3285.0,40
"Allen, Logan",CLE,CH,-0.004615919817551066,43,88.9,0.8475,False,3822.0,43
"Allen, Logan",CLE,FC,-0.0019292285955585116,77,95.9,0.9906,False,7382.0,77
"Allen, Logan",CLE,FF,-0.004381898509977459,88,93.2,0.7174,False,8204.0,88
"Allen, Logan",CLE,SI,-0.010055245043059706,53,83.9,0.7025,False,4448.0,53
"Allen, Logan",CLE,ST,0.0049289476060039306,64,91.6,0.8248,False,5864.0,64
"Alvarado, Elvis",ATH,FF,0.007798920567662551,552,116.6,0.5951,False,65271.0,560
"Alvarado, Elvis",ATH,FS,0.0021466435101178977,62,96.1,1.6869,False,6151.0,64
"Alvarado, Elvis",ATH,SI,-0.001229611504461827,137,100.3,0.6581,False,14239.0,142
"Alvarado, Elvis",ATH,SL,0.009599978268125703,179,109.3,0.7786,False,20219.0,185
"Alvarado, José",PHI,FC,0.006197699382885244,365,120.6,0.5797,False,44002.0,365
"Alvarado, José",PHI,FF,-0.001474663843020188,13,98.8,1.1315,False,1284.0,13
"Alvarado, José",PHI,SI,0.0036416935129402537,722,109.1,0.5107,False,78765.0,722
"Alvarado, José",PHI,SL,0.006888777140657425,29,102.7,1.1082,False,2977.0,29
"Alvarez, Andrew",WSH,CH,-0.003979123327490645,101,90.1,0.9649,False,9103.0,101
"Alvarez, Andrew",WSH,CU,0.0057403272042413,589,105.2,0.786,False,61951.0,589
"Alvarez, Andrew",WSH,FF,-0.00768218619931963,529,86.9,0.7348,False,45946.0,529
"Alvarez, Andrew",WSH,SI,-0.0063608033681301634,256,90.7,0.8985,False,23217.0,256
"Alvarez, Andrew",WSH,SL,0.004833515621075502,381,97.7,0.7223,False,37218.0,381
"Anderson, Drew",DET,CH,0.01665405813076165,549,129.9,1.0675,False,71288.0,549
"Anderson, Drew",DET,CU,0.0014092004491307083,389,96.0,1.1529,False,37333.0,389
"Anderson, Drew",DET,FF,-0.0016701267312440075,719,98.4,0.5624,False,70750.0,719
"Anderson, Drew",DET,SI,0.0028787529725897393,28,107.8,0.8599,False,3017.0,28
"Anderson, Drew",DET,SL,0.0040650236985076095,85,95.8,0.8829,False,8146.0,85
"Anderson, Grant",MIL,CH,-0.000900712656608272,31,96.1,1.0012,False,2978.0,31
"Anderson, Grant",MIL,FF,0.0047027578817318855,321,110.6,0.5597,False,35504.0,321
"Anderson, Grant",MIL,SI,0.0014846461771584644,222,105.1,0.5746,False,23342.0,222
"Anderson, Grant",MIL,ST,0.005490931250500036,341,93.1,0.7045,False,31742.0,341
"Anderson, Jack",BOS,CU,0.0012472906858998942,11,95.7,1.8306,True,1053.0,11
"Anderson, Jack",BOS,FF,-0.016821172647178174,45,69.3,1.0533,False,3120.0,45
"Anderson, Jack",BOS,FS,0.0013842840248798893,28,94.6,2.6418,True,2650.0,28
"Anderson, Jack",BOS,SL,0.002720456906200315,26,92.7,1.3852,False,2409.0,26
"Anderson, Jack",BOS,ST,0.005022692555680156,14,91.8,1.8051,True,1285.0,14
"Anderson, Jack",MIN,FF,-0.006938229159762462,15,88.3,1.0756,False,1324.0,15
"Anderson, Jack",MIN,FS,0.0056001456437765485,14,101.9,2.8766,True,1426.0,14
"Anderson, Jack",MIN,SL,0.002825082656532426,14,93.0,1.2975,False,1302.0,14
"Anderson, Jack",MIN,ST,0.007443823354641119,13,98.1,1.594,False,1275.0,13
"Anderson, Kade",SEA,CH,0.005736178234504526,96,108.8,1.0103,False,10448.0,96
"Anderson, Kade",SEA,CU,0.0006718060070282712,83,94.4,1.2503,False,7835.0,83
"Anderson, Kade",SEA,FF,-0.008183428029451944,222,85.9,0.7114,False,19068.0,222
"Anderson, Kade",SEA,SI,-0.0012532941293881908,7,99.9,1.3103,False,699.0,7
"Anderson, Kade",SEA,SL,0.005728086720232123,133,99.9,1.0154,False,13284.0,133
"Anderson, Shaun",LAA,FF,-0.003282295694549722,92,95.3,0.6899,False,8766.0,92
"Anderson, Shaun",LAA,FS,0.00212775177318731,89,96.0,0.9123,False,8546.0,89
"Anderson, Shaun",LAA,SI,-0.002653894919384239,29,97.7,1.0019,False,2832.0,29
"Anderson, Shaun",LAA,SL,0.002328426235877448,94,91.6,0.7958,False,8614.0,94
"Anderson, Shaun",LAA,ST,0.008337441160581372,47,100.3,1.1329,False,4714.0,47
"Andrews, Tanner",TOR,FF,-0.007460157481546048,16,87.1,0.7067,False,1394.0,16
"Andrews, Tanner",TOR,FS,0.006358511306138502,18,103.2,1.2769,False,1858.0,18
"Andrews, Tanner",TOR,SL,0.005441072836725248,9,99.1,1.0158,False,892.0,9
"Antone, Tejay",CIN,CU,0.005646669634979079,107,105.0,1.2721,False,11237.0,107
"Antone, Tejay",CIN,FC,0.00156375670718064,147,106.4,1.4296,False,15644.0,147
"Antone, Tejay",CIN,FF,-0.004746916326136367,48,92.5,1.2448,False,4442.0,48
"Antone, Tejay",CIN,SI,-0.002203209257197951,101,98.3,1.193,False,9931.0,101
"Antone, Tejay",CIN,SL,0.006161532915519694,13,101.0,1.3074,False,1313.0,13
"Antone, Tejay",CIN,ST,0.011418403903570786,475,108.2,1.323,False,51406.0,475
"Armstrong, Shawn",CLE,FC,-0.0015681496564902532,151,96.9,0.485,False,14633.0,151
"Armstrong, Shawn",CLE,FF,-0.005934606400092214,194,90.2,0.4476,False,17495.0,194
"Armstrong, Shawn",CLE,SI,-0.0027726054051238173,107,97.4,0.4378,False,10419.0,107
"Armstrong, Shawn",CLE,ST,0.014020595655892976,176,114.8,0.625,False,20207.0,176
"Arrighetti, Spencer",HOU,CH,-0.0075422475738996225,103,83.3,1.1894,False,8575.0,103
"Arrighetti, Spencer",HOU,CU,0.008202906098471609,529,110.4,0.8636,False,58418.0,529
"Arrighetti, Spencer",HOU,FC,-0.0009818191549287724,92,98.7,0.9199,False,9082.0,92
"Arrighetti, Spencer",HOU,FF,0.001749339095950793,456,105.0,0.6867,False,47865.0,456
"Arrighetti, Spencer",HOU,SI,-0.002483372642195213,144,97.8,0.9968,False,14090.0,144
"Arrighetti, Spencer",HOU,ST,0.007817300771582976,180,99.0,1.0043,False,17827.0,180
"Arrighetti, Spencer",TOR,CH,-0.007044699179638045,51,84.2,1.0592,False,4296.0,51
"Arrighetti, Spencer",TOR,CU,0.010155049844963642,159,114.6,0.7508,False,18223.0,159
"Arrighetti, Spencer",TOR,FC,-0.0022780429424381363,37,94.8,0.8541,False,3508.0,37
"Arrighetti, Spencer",TOR,FF,0.0058452684179428616,104,112.8,0.5536,False,11735.0,104
"Arrighetti, Spencer",TOR,SI,-0.00138474711460805,49,99.8,0.8311,False,4892.0,49
"Arrighetti, Spencer",TOR,ST,0.009136411023638701,38,102.4,0.8837,False,3890.0,38
"Ashby, Aaron",MIL,CH,0.012616451655204513,187,122.1,0.7625,False,22826.0,187
"Ashby, Aaron",MIL,CU,0.018182066602368357,358,131.7,0.6726,False,47138.0,358
"Ashby, Aaron",MIL,FF,-0.004119460355497957,31,93.7,0.8867,False,2904.0,31
"Ashby, Aaron",MIL,SI,0.005269941104628099,823,112.1,0.5603,False,92251.0,823
"Ashby, Aaron",MIL,SL,0.01319066946021958,183,117.8,0.6939,False,21565.0,183
"Ashcraft, Braxton",PIT,CU,0.008652061940836654,638,111.4,0.8827,False,71060.0,638
"Ashcraft, Braxton",PIT,FC,0.004101885427685942,537,114.2,0.6638,False,61329.0,537
"Ashcraft, Braxton",PIT,FF,-0.001003308575223172,743,99.7,0.5815,False,74063.0,743
"Ashcraft, Braxton",PIT,FS,0.003379612838153383,101,98.2,0.9979,False,9914.0,101
"Ashcraft, Braxton",PIT,SI,0.0044567266068135285,394,110.6,0.6591,False,43578.0,394
"Ashcraft, Graham",CIN,FF,-0.0012034195799071324,333,99.3,0.5348,False,33062.0,333
"Ashcraft, Graham",CIN,SL,0.025776047042594376,279,148.2,0.6921,False,41350.0,279
"Assad, Javier",CHC,CH,0.004428459244945,118,106.3,1.1242,False,12546.0,118
"Assad, Javier",CHC,CU,0.0002765783146883006,105,93.5,0.7581,False,9822.0,105
"Assad, Javier",CHC,FC,-0.0008225401438774016,174,99.2,0.5213,False,17266.0,174
"Assad, Javier",CHC,FF,-0.005208945717420551,285,91.6,0.43,False,26109.0,285
"Assad, Javier",CHC,SI,0.003012423664488853,636,107.9,0.41,False,68642.0,636
"Assad, Javier",CHC,SL,0.003004450615181293,68,93.4,1.0538,False,6348.0,68
"Assad, Javier",CHC,ST,0.008171642584784422,120,100.0,0.7748,False,11997.0,120
"Avila, Luinder",KCR,CH,0.0018616271287251415,133,101.5,1.1971,False,13493.0,133
"Avila, Luinder",KCR,CU,0.0037713157283591997,220,101.0,1.3818,False,22224.0,220
"Avila, Luinder",KCR,FF,0.0016185505017459188,341,104.7,1.0886,False,35697.0,341
"Avila, Luinder",KCR,SI,0.002648024312675704,349,107.3,1.0002,False,37435.0,349
"Avila, Luinder",KCR,SL,0.009937119347043336,250,110.0,1.1799,False,27505.0,250
"Bachar, Lake",MIA,CU,0.011146511524478256,132,116.7,1.3442,False,15402.0,132
"Bachar, Lake",MIA,FF,0.0031965672700376294,283,107.7,0.5295,False,30486.0,283
"Bachar, Lake",MIA,FS,0.0008880288936351837,102,94.0,1.0282,False,9588.0,102
"Bachar, Lake",MIA,SI,-0.004697126050208074,48,93.7,1.2919,False,4498.0,48
"Bachar, Lake",MIA,SL,0.0058378238367664,215,100.1,0.6022,False,21526.0,215
"Bachar, Lake",MIA,ST,0.008177907587040617,181,100.0,0.9693,False,18091.0,181
"Bachar, Lake",PIT,CU,0.011983123384057902,156,118.9,1.2255,False,19975.0,168
"Bachar, Lake",PIT,FF,-0.00529891460860983,145,92.0,0.5595,False,14083.0,153
"Bachar, Lake",PIT,SI,-0.008730491174470731,19,86.4,1.2401,False,1642.0,19
"Bachar, Lake",PIT,SL,0.005795293731353013,96,100.0,0.7363,False,10302.0,103
"Bachar, Lake",PIT,ST,0.008435320086954605,42,100.6,1.0638,False,4428.0,44
"Bachman, Sam",LAA,CH,0.008639465410250508,118,114.4,1.2142,False,13503.0,118
"Bachman, Sam",LAA,FF,-0.00021912568772677332,30,101.1,0.9333,False,3032.0,30
"Bachman, Sam",LAA,SI,0.0033852412043886876,251,108.6,0.7524,False,27259.0,251
"Bachman, Sam",LAA,SL,0.009477016300553448,431,108.9,0.978,False,46940.0,431
"Backhus, Kyle",PHI,CH,-0.00509674372404186,37,88.0,1.4429,False,3256.0,37
"Backhus, Kyle",PHI,SI,0.0006336219832278124,196,103.6,0.5821,False,20305.0,196
"Backhus, Kyle",PHI,ST,0.004033236395071447,121,89.3,0.9129,False,10811.0,121
"Baker, Bryan",TBR,CH,0.013537772785571231,427,123.9,0.5328,False,52885.0,427
"Baker, Bryan",TBR,FF,0.0011966902658662952,517,103.9,0.3671,False,53699.0,517
"Baker, Bryan",TBR,SL,0.012207543826662004,32,115.4,0.5716,False,3693.0,32
"Banda, Anthony",MIN,CH,-0.0037009222755725016,39,90.6,1.0703,False,3534.0,39
"Banda, Anthony",MIN,FF,-0.002605434144014487,171,96.6,0.5024,False,16520.0,171
"Banda, Anthony",MIN,SI,-0.004109072261971411,149,94.9,0.4896,False,14142.0,149
"Banda, Anthony",MIN,SL,0.005043970358117468,249,98.2,0.9092,False,24460.0,249
"Banks, Tanner",PHI,CH,0.0009147763676082832,32,99.5,0.7914,False,3184.0,32
"Banks, Tanner",PHI,FF,-0.008549206341558601,140,85.2,0.4936,False,11928.0,140
"Banks, Tanner",PHI,SI,-0.007679385618332808,107,88.3,0.5721,False,9448.0,107
"Banks, Tanner",PHI,SL,0.0007665026335161807,239,87.9,0.4275,False,21018.0,239
"Banks, Tanner",PHI,ST,0.003726794373408969,150,88.5,0.6399,False,13280.0,150
"Barco, Hunter",PIT,CH,-0.0029229180177810185,29,92.2,1.2316,False,2674.0,29
"Barco, Hunter",PIT,FF,0.0039055978737678743,128,109.1,0.8161,False,13964.0,128
"Barco, Hunter",PIT,FS,-0.0015045412234030663,15,89.9,1.7067,False,1349.0,15
"Barco, Hunter",PIT,SI,-0.006750561962892082,72,90.0,1.1001,False,6480.0,72
"Barco, Hunter",PIT,SL,0.0031093133411452395,85,93.6,1.0422,False,7953.0,85
"Barco, Hunter",PIT,ST,0.005214729044713418,22,92.3,1.4151,False,2031.0,22
"Barlow, Scott",ATH,CU,0.002148660251965229,199,97.5,0.8173,False,19405.0,199
"Barlow, Scott",ATH,FF,-0.004804931545459112,80,92.4,0.7374,False,7391.0,80
"Barlow, Scott",ATH,SI,-0.013270335973635928,73,78.1,0.8284,False,5700.0,73
"Barlow, Scott",ATH,SL,-0.0011804337747370092,28,83.2,0.8855,False,2330.0,28
"Barlow, Scott",ATH,ST,0.00838910057364363,201,100.5,0.771,False,20195.0,201
"Barnes, Charlie",CHC,CH,-0.01094515754708222,7,76.9,1.1456,False,538.0,7
"Barnes, Charlie",CHC,FF,-0.009803181642200797,25,82.8,0.9011,False,2071.0,25
"Barnes, Charlie",CHC,SI,-0.01533194898001966,16,74.2,1.1867,False,1187.0,16
"Barnes, Charlie",CHC,SL,0.0018705748079810292,12,90.6,1.3238,False,1087.0,12
"Barnes, Charlie",CHC,ST,0.005463753128424287,2,93.0,1.553,False,186.0,2
"Barnes, Charlie",LAD,CH,-0.010651387370609004,29,77.3,1.1247,False,2241.0,29
"Barnes, Charlie",LAD,FF,-0.010185863041988341,40,82.0,0.9577,False,3278.0,40
"Barnes, Charlie",LAD,SI,-0.014384106174914231,29,76.0,1.2568,False,2205.0,29
"Barnes, Charlie",LAD,SL,0.0015657689978854313,29,89.9,1.1875,False,2607.0,29
"Barnes, Charlie",LAD,ST,0.002347371659197961,12,85.0,1.8299,True,1020.0,12
"Barnett, Mason",ATH,CH,0.004622565020353237,69,106.7,1.0402,False,7361.0,69
"Barnett, Mason",ATH,CU,0.0007702104533476109,93,94.6,0.7855,False,8796.0,93
"Barnett, Mason",ATH,FF,-0.0017927583819299182,447,98.1,0.512,False,43870.0,447
"Barnett, Mason",ATH,SL,0.011914874658396002,160,114.8,1.2666,False,18367.0,160
"Barnett, Mason",ATH,ST,0.00983803975894781,140,104.1,1.1092,False,14580.0,140
"Bassitt, Chris",BAL,CH,-0.005274227193218567,84,87.6,0.7412,False,7361.0,84
"Bassitt, Chris",BAL,CU,0.006065878111702988,376,105.9,0.5864,False,39814.0,376
"Bassitt, Chris",BAL,FC,-0.003406608438136618,362,91.4,0.6172,False,33083.0,362
"Bassitt, Chris",BAL,FF,-0.010150516437408249,123,82.1,0.6141,False,10094.0,123
"Bassitt, Chris",BAL,SI,-0.005970917920201355,635,91.5,0.4698,False,58077.0,635
"Bassitt, Chris",BAL,SL,0.0011936501057061833,50,89.0,0.9142,False,4448.0,50
"Bassitt, Chris",BAL,ST,0.01392200630213512,101,114.6,0.712,False,11572.0,101
"Basso, Brady",ATH,CH,-0.0008420187147521574,30,96.6,1.0413,False,3091.0,32
"Basso, Brady",ATH,CU,-0.0020338823116097565,119,88.7,0.8239,False,10913.0,123
"Basso, Brady",ATH,FC,-0.0034126633738782108,87,91.6,0.8363,False,8245.0,90
"Basso, Brady",ATH,FF,-0.0064373112565805825,304,89.3,0.555,False,27417.0,307
"Basso, Brady",ATH,SI,-0.0012125178906657941,49,99.5,0.7842,False,5371.0,54
"Basso, Brady",ATH,SL,0.003204860590157359,86,93.7,1.2911,False,8247.0,88
"Basso, Brady",ATH,ST,0.006711513735353947,2,96.0,1.533,False,192.0,2
"Baumler, Carter",TEX,CU,0.006133467691272797,56,105.9,1.0889,False,5932.0,56
"Baumler, Carter",TEX,FC,-0.0007390691004859816,14,99.5,0.8559,False,1393.0,14
"Baumler, Carter",TEX,FF,0.0019204003732365658,39,105.4,0.5415,False,4109.0,39
"Baumler, Carter",TEX,SI,0.006331980257527903,8,114.0,0.7757,False,912.0,8
"Bautista, Félix",BAL,FS,0.004568732045727837,17,100.1,1.0032,False,1702.0,17
"Bautista, Félix",BAL,SI,0.00131886860785576,13,104.7,0.6111,False,1361.0,13
"Bautista, Félix",BAL,SL,0.00810482376255095,6,105.5,0.9313,False,633.0,6
"Baz, Shane",BAL,CH,-0.0028150810575452716,268,92.4,0.8024,False,24762.0,268
"Baz, Shane",BAL,CU,0.007694145352214869,959,109.3,0.6723,False,104843.0,959
"Baz, Shane",BAL,FC,0.002252990919579169,433,108.6,0.7367,False,47007.0,433
"Baz, Shane",BAL,FF,0.00011545065430988285,1007,101.8,0.411,False,102525.0,1007
"Baz, Shane",BAL,SI,-0.002022478745101329,243,98.7,0.7972,False,23981.0,243
"Bazardo, Eduard",SEA,FC,-0.009031136520206928,2,74.0,1.2824,False,148.0,2
"Bazardo, Eduard",SEA,FF,-0.003954277069379504,13,93.9,0.6782,False,1408.0,15
"Bazardo, Eduard",SEA,FS,0.0007410988568713387,26,93.7,0.9659,False,2436.0,26
"Bazardo, Eduard",SEA,SI,0.001692508329653177,684,105.6,0.4618,False,74259.0,703
"Bazardo, Eduard",SEA,ST,0.006473875183069116,382,95.7,0.6053,False,37021.0,387
"Beck, Brendan",NYY,CU,-0.0038036677778061283,19,84.8,1.373,False,1612.0,19
"Beck, Brendan",NYY,FF,-0.006395324283788549,118,89.3,0.7185,False,10541.0,118
"Beck, Brendan",NYY,FS,0.004887225491035244,23,100.9,1.564,False,2320.0,23
"Beck, Brendan",NYY,SI,-0.0008800794155551837,13,100.8,0.9645,False,1310.0,13
"Beck, Brendan",NYY,SL,0.0024611733711836143,73,92.0,1.0517,False,6715.0,73
"Beck, Tristan",SFG,CH,0.0014395429348547219,9,100.4,1.1751,False,904.0,9
"Beck, Tristan",SFG,CU,0.0006510516876005567,15,94.2,0.6968,False,1413.0,15
"Beck, Tristan",SFG,FF,-0.0031174282767167387,129,95.6,0.4976,False,12336.0,129
"Beck, Tristan",SFG,SL,0.0031892411279841326,40,93.7,0.6701,False,3747.0,40
"Beck, Tristan",SFG,ST,0.009340894975078602,120,102.9,0.7008,False,12348.0,120
"Bednar, David",NYY,CU,-0.0002218090974435784,210,92.5,0.5747,False,19426.0,210
"Bednar, David",NYY,FF,0.0024523117172921202,468,106.3,0.4182,False,49755.0,468
"Bednar, David",NYY,FS,0.01271550961832623,474,114.0,0.6015,False,54056.0,474
"Beeks, Jalen",TEX,CH,-0.0013101126270754723,163,95.3,0.6178,False,15534.0,163
"Beeks, Jalen",TEX,FF,-0.008260685622009926,207,85.7,0.4164,False,17741.0,207
"Beeks, Jalen",TEX,SL,0.001293093505483813,37,89.2,0.8452,False,3301.0,37
"Beeter, Clayton",WSH,FF,-0.0004402174245807529,394,100.7,0.4972,False,39686.0,394
"Beeter, Clayton",WSH,SL,0.010657001795917309,402,111.7,0.7174,False,44917.0,402
"Bello, Brayan",BOS,CH,-0.005284648718053983,387,87.6,0.5499,False,33907.0,387
"Bello, Brayan",BOS,CU,0.0033112327783851713,93,100.0,0.9078,False,9299.0,93
"Bello, Brayan",BOS,FF,-0.006226637327728368,183,89.6,0.6438,False,16400.0,183
"Bello, Brayan",BOS,SI,0.0008459560140082573,735,104.0,0.4912,False,76646.0,737
"Bello, Brayan",BOS,SL,0.0020027599808306747,273,90.9,0.6666,False,24910.0,274
"Bello, Brayan",BOS,ST,0.0059110059533539145,228,94.2,0.6939,False,21852.0,232
"Bellozo, Valente",COL,CH,-0.004743121921144906,31,88.8,1.0269,False,2752.0,31
"Bellozo, Valente",COL,CU,0.0001679284978308715,7,93.3,1.0443,False,653.0,7
"Bellozo, Valente",COL,FC,-0.006468079434200309,39,82.0,0.9038,False,3199.0,39
"Bellozo, Valente",COL,FF,-0.010666874708525988,37,81.1,0.6678,False,3001.0,37
"Bellozo, Valente",COL,SI,-0.008562763785257152,19,86.7,1.1348,False,1647.0,19
"Bellozo, Valente",COL,ST,0.006494077576388844,37,95.6,0.985,False,3536.0,37
"Bender, Anthony",MIA,CH,-0.004662271792767569,12,88.8,1.3563,False,1066.0,12
"Bender, Anthony",MIA,FF,-0.00043928244076596457,8,100.8,0.9877,False,806.0,8
"Bender, Anthony",MIA,SI,0.003892681968183262,171,109.6,0.4906,False,18735.0,171
"Bender, Anthony",MIA,SL,0.006646291160141118,75,102.1,0.6726,False,7656.0,75
"Bender, Anthony",MIA,ST,0.02020241730614487,273,130.6,0.618,False,35662.0,273
"Bennett, Jake",BOS,CU,0.0030802643576440993,41,99.4,1.5788,False,4077.0,41
"Bennett, Jake",BOS,FF,-0.00337354458772659,573,95.1,0.9827,False,54503.0,573
"Bennett, Jake",BOS,FS,0.002204871774588657,437,96.2,1.4348,False,42041.0,437
"Bennett, Jake",BOS,SI,-0.0036736238500925064,385,95.7,1.2293,False,36834.0,385
"Bennett, Jake",BOS,SL,0.003467189227269016,61,94.4,1.3644,False,5760.0,61
"Bennett, Jake",BOS,ST,0.005602827693974553,121,93.4,1.4317,False,11300.0,121
"Bernardino, Brennan",COL,CH,-0.01233052701462765,74,74.1,0.9319,False,5480.0,74
"Bernardino, Brennan",COL,FC,-0.0016402813840117728,110,96.7,0.7921,False,10641.0,110
"Bernardino, Brennan",COL,FF,-0.007765324476199096,58,86.7,1.3806,False,5026.0,58
"Bernardino, Brennan",COL,SI,-0.0076999640304044985,406,88.2,0.497,False,35826.0,406
"Bernardino, Brennan",COL,ST,0.0027081793021960544,353,85.9,0.7705,False,30338.0,353
"Bibee, Tanner",CLE,CH,0.007222098297369997,458,111.7,0.6073,False,51156.0,458
"Bibee, Tanner",CLE,CU,0.0008172000334712247,292,94.7,0.8861,False,27645.0,292
"Bibee, Tanner",CLE,FF,-0.005897000891464827,690,90.3,0.4895,False,62291.0,690
"Bibee, Tanner",CLE,SI,-0.00015354830615707768,622,102.1,0.636,False,63519.0,622
"Bibee, Tanner",CLE,SL,0.005917436534844722,709,100.3,0.7306,False,71140.0,709
"Bibee, Tanner",CLE,ST,0.007028310773167333,197,97.0,0.6096,False,19109.0,197
"Bido, Osvaldo",ATL,CH,-0.006043333917411722,11,86.1,0.6002,False,947.0,11
"Bido, Osvaldo",ATL,FC,-0.0009626649865822401,15,98.8,0.9216,False,1482.0,15
"Bido, Osvaldo",ATL,FF,-0.001112028642637597,48,99.5,0.4704,False,4775.0,48
"Bido, Osvaldo",ATL,SI,0.005248110239084907,29,112.0,0.5726,False,3249.0,29
"Bido, Osvaldo",ATL,SL,0.004601549485575079,34,97.2,0.8246,False,3306.0,34
"Bido, Osvaldo",ATL,ST,0.013747662409312196,18,114.2,0.6666,False,2055.0,18
"Bido, Osvaldo",CWS,CH,-0.006900431937538087,8,84.6,0.5982,False,677.0,8
"Bido, Osvaldo",CWS,FC,-0.0013831273769028484,10,97.6,0.9426,False,976.0,10
"Bido, Osvaldo",CWS,FF,-0.0026156899156881586,45,96.6,0.4018,False,4347.0,45
"Bido, Osvaldo",CWS,SI,0.0007535188286359092,36,103.8,0.5327,False,3737.0,36
"Bido, Osvaldo",CWS,SL,0.007451190205756575,12,104.0,0.7248,False,1248.0,12
"Bido, Osvaldo",CWS,ST,0.01018598874775218,51,105.1,0.9194,False,5358.0,51
"Bidois, Brandan",PIT,CH,0.009809977512552658,11,116.5,1.3425,False,1282.0,11
"Bidois, Brandan",PIT,FF,0.004373201810298003,178,110.0,0.8558,False,19581.0,178
"Bidois, Brandan",PIT,SL,0.014249503321480006,136,120.4,1.4269,False,16381.0,136
"Bieber, Shane",TOR,CH,0.0030591222454805734,170,103.7,0.8541,False,17629.0,170
"Bieber, Shane",TOR,CU,0.0023258164593815225,172,97.9,0.6636,False,16836.0,172
"Bieber, Shane",TOR,FC,-0.0024315512234585764,113,94.4,0.5488,False,10662.0,113
"Bieber, Shane",TOR,FF,-0.002574929683011124,346,96.7,0.4137,False,33445.0,346
"Bieber, Shane",TOR,SI,-0.0077759055174182225,36,88.2,0.8413,False,3174.0,36
"Bieber, Shane",TOR,SL,0.004743053706147538,93,97.5,0.5203,False,9065.0,93
"Bigge, Hunter",TBR,CU,0.006743291733852986,7,107.3,1.0395,False,751.0,7
"Bigge, Hunter",TBR,FF,0.003049728693362917,164,107.5,0.6156,False,17623.0,164
"Bigge, Hunter",TBR,FS,0.016078347929150742,17,119.7,1.4327,False,2035.0,17
"Bigge, Hunter",TBR,SL,0.0067238625879257295,131,102.2,0.9046,False,13393.0,131
"Bird, Jake",NYY,CU,0.008454914686169374,74,110.9,0.7479,False,8209.0,74
"Bird, Jake",NYY,FF,0.0013163040653248696,74,104.2,1.2702,False,7709.0,74
"Bird, Jake",NYY,SI,0.0002576604311074408,196,102.9,0.7166,False,20159.0,196
"Bird, Jake",NYY,ST,0.01565176087373402,200,119.0,0.7634,False,23800.0,200
"Bird, Jake",WSH,CH,-0.0019889421964762732,6,94.2,1.5528,False,565.0,6
"Bird, Jake",WSH,CU,0.002972883094723026,3,99.0,0.8482,False,297.0,3
"Bird, Jake",WSH,FF,-0.0003487641490159553,36,100.9,1.4427,False,3634.0,36
"Bird, Jake",WSH,SI,-0.002006031532675542,29,98.7,0.7695,False,2863.0,29
"Bird, Jake",WSH,ST,0.014834851218620316,60,117.0,0.8361,False,7017.0,60
"Bivens, Spencer",KCR,CH,0.0016333354724338278,8,101.0,,False,808.0,8
"Bivens, Spencer",KCR,FF,-0.00893681530858605,26,84.5,,False,2197.0,26
"Bivens, Spencer",KCR,SI,0.004142905119806528,12,110.0,,False,1320.0,12
"Bivens, Spencer",KCR,SL,-0.006443315418437123,2,70.5,,False,141.0,2
"Bivens, Spencer",KCR,ST,0.0059298956808301485,7,94.3,,False,660.0,7
"Bivens, Spencer",SFG,CH,-0.0013170272335022066,12,95.3,1.4375,False,1144.0,12
"Bivens, Spencer",SFG,FC,0.001634077886895587,9,106.6,1.123,False,959.0,9
"Bivens, Spencer",SFG,FF,-0.000714211069096468,19,100.3,1.2674,False,1905.0,19
"Bivens, Spencer",SFG,SI,0.006013821603462346,53,113.5,0.8414,False,6013.0,53
"Bivens, Spencer",SFG,SL,-0.0037601917083520675,4,76.8,1.7348,False,307.0,4
"Bivens, Spencer",SFG,ST,0.009552682968205772,30,103.5,1.3777,False,3105.0,30
"Blach, Ty",CHC,CH,-0.0024286452680826187,3,93.3,1.9817,True,280.0,3
"Blach, Ty",CHC,SI,-0.012758206527091955,19,79.1,1.5002,False,1502.0,19
"Blach, Ty",CHC,SL,0.00659083136542904,8,102.1,1.6095,False,817.0,8
"Black, Mason",KCR,CH,-0.005660966236103812,23,86.9,1.4006,False,1998.0,23
"Black, Mason",KCR,CU,0.0020974089102064435,37,97.3,1.3556,False,3601.0,37
"Black, Mason",KCR,FC,-0.005817613580216796,59,84.1,1.1586,False,4963.0,59
"Black, Mason",KCR,FF,0.0010626332861455574,123,103.7,0.9779,False,12749.0,123
"Black, Mason",KCR,SI,-0.0016518331349223497,139,99.4,0.9162,False,13814.0,139
"Black, Mason",KCR,SL,0.003840994661297901,62,95.3,1.0662,False,5908.0,62
"Black, Mason",KCR,ST,0.0035965006940290372,113,88.2,1.1996,False,9969.0,113
"Blackburn, Paul",NYY,CU,0.0023390387670199774,178,97.9,0.7349,False,17427.0,178
"Blackburn, Paul",NYY,FC,0.0018559197609140596,244,107.4,0.6235,False,26194.0,244
"Blackburn, Paul",NYY,FF,0.0009552478127261566,32,103.4,0.6715,False,3309.0,32
"Blackburn, Paul",NYY,FS,0.0012418597523609412,264,94.6,0.7217,False,24965.0,264
"Blackburn, Paul",NYY,SI,0.001033159054519477,421,104.3,0.5072,False,43910.0,421
"Blackburn, Paul",NYY,SL,0.00574064739048481,5,100.0,1.0469,False,500.0,5
"Blackburn, Paul",NYY,ST,0.00769086347625509,91,98.7,0.9521,False,8978.0,91
"Blalock, Bradley",MIA,CU,0.005082122708180188,28,103.8,1.1174,False,2907.0,28
"Blalock, Bradley",MIA,FC,0.002016971440752968,12,107.9,1.2497,False,1295.0,12
"Blalock, Bradley",MIA,FF,0.00016466757006128319,53,101.9,0.657,False,5400.0,53
"Blalock, Bradley",MIA,FS,0.007998844321783898,28,106.0,1.463,False,2968.0,28
"Blalock, Bradley",MIA,SI,-0.0005916126024471048,17,101.2,0.8423,False,1721.0,17
"Blalock, Bradley",MIA,SL,0.012660072012139218,35,116.6,0.784,False,4082.0,35
"Blalock, Bradley",MIA,ST,0.009301444429352327,27,102.8,1.1887,False,2776.0,27
"Blanco, Ronel",HOU,CH,0.004545607319291895,152,106.6,0.7431,False,16196.0,152
"Blanco, Ronel",HOU,FC,-0.0023668440662125553,120,94.5,0.6597,False,11343.0,120
"Blanco, Ronel",HOU,FF,-0.0021786624045325794,211,97.4,0.4505,False,20555.0,211
"Blanco, Ronel",HOU,SL,0.0015143043359387974,87,89.7,0.7661,False,7802.0,87
"Blewett, Scott",ATH,FC,-0.001350023395238372,187,97.7,0.9581,False,18858.0,193
"Blewett, Scott",ATH,FF,-0.003777453656150629,124,94.9,0.5387,False,12432.0,131
"Blewett, Scott",ATH,FS,0.007590225402964279,34,105.5,0.7299,False,3694.0,35
"Blewett, Scott",ATH,SI,-0.003104870080349821,51,96.8,0.8672,False,5128.0,53
"Blewett, Scott",ATH,SL,0.006457084921074115,124,101.7,0.6701,False,13224.0,130
"Blewett, Scott",STL,FC,-0.003233250114135444,2,91.5,1.0655,False,183.0,2
"Blewett, Scott",STL,FF,-0.004724304855335504,10,92.6,0.5655,False,926.0,10
"Blewett, Scott",STL,FS,0.010573986393865198,4,110.5,0.7549,False,442.0,4
"Blewett, Scott",STL,SI,-0.0004864332254833749,9,101.4,1.0025,False,913.0,9
"Blewett, Scott",STL,SL,0.006048147429657333,17,100.6,0.7628,False,1710.0,17
"Blubaugh, AJ",HOU,CH,0.007300418623935114,342,111.8,0.9826,False,38251.0,342
"Blubaugh, AJ",HOU,CU,-0.000545982203870413,14,91.7,1.0632,False,1284.0,14
"Blubaugh, AJ",HOU,FC,0.0014966047485576205,67,106.3,0.8814,False,7125.0,67
"Blubaugh, AJ",HOU,FF,0.0010649606696135157,843,103.6,0.5381,False,87369.0,843
"Blubaugh, AJ",HOU,ST,0.010906310817478898,374,106.9,0.9657,False,39979.0,374
"Bolton, Cody",HOU,CH,0.0027840333721542267,40,103.2,1.1003,False,4127.0,40
"Bolton, Cody",HOU,CU,-0.0007334184945490131,46,91.4,1.1282,False,4204.0,46
"Bolton, Cody",HOU,FC,0.0027010481283836502,94,110.0,0.8979,False,10338.0,94
"Bolton, Cody",HOU,FF,-0.00085974009083542,111,99.9,0.5903,False,11094.0,111
"Bolton, Cody",HOU,SI,0.0012623680263156227,60,104.7,0.7994,False,6282.0,60
"Bolton, Cody",HOU,ST,0.008343183962279,40,100.3,0.8543,False,4013.0,40
"Booser, Cam",TBR,CH,-0.001967160328474295,7,94.0,0.8777,False,658.0,7
"Booser, Cam",TBR,FF,7.855869847005054e-05,260,101.8,0.7058,False,26455.0,260
"Booser, Cam",TBR,SL,0.0036965087875224915,245,94.9,0.7702,False,23261.0,245
"Booser, Cam",TBR,ST,0.006309808868357576,61,95.2,0.8149,False,5805.0,61
"Borucki, Ryan",SFG,FC,-0.009453305715901984,18,72.9,1.3363,False,1312.0,18
"Borucki, Ryan",SFG,FS,-0.003152902376605198,50,87.1,1.0927,False,4355.0,50
"Borucki, Ryan",SFG,SI,-0.006153082617234567,133,91.1,0.678,False,12119.0,133
"Borucki, Ryan",SFG,SL,0.002437110211764725,144,92.0,0.7853,False,13243.0,144
"Borucki, Ryan",SFG,ST,0.00320529613951034,35,87.3,0.9301,False,3054.0,35
"Bowden, Ben",ATH,CH,-0.008989800233393908,9,80.4,1.0964,False,724.0,9
"Bowden, Ben",ATH,FC,0.0022240386169869453,2,108.5,1.2574,False,217.0,2
"Bowden, Ben",ATH,FF,-0.002296206522130108,28,97.1,0.7817,False,2720.0,28
"Bowden, Ben",ATH,SL,-0.0015026201726868749,1,82.0,1.1742,False,82.0,1
"Bowlan, Jonathan",PHI,CH,0.004473762242705561,125,106.4,0.8989,False,13299.0,125
"Bowlan, Jonathan",PHI,CU,0.002962372867235293,9,99.4,1.1769,False,895.0,9
"Bowlan, Jonathan",PHI,FF,0.006903442338322445,465,114.8,0.477,False,53394.0,465
"Bowlan, Jonathan",PHI,SI,0.00963341306688952,112,120.1,0.5951,False,13452.0,112
"Bowlan, Jonathan",PHI,SL,0.008904691719887102,179,107.5,0.5512,False,19251.0,179
"Bowlan, Jonathan",PHI,ST,0.012716937837754622,76,111.5,1.117,False,8475.0,76
"Boyd, Matthew",CHC,CH,-9.385119166797647e-05,546,97.6,0.5565,False,53300.0,546
"Boyd, Matthew",CHC,CU,0.0012222313741990208,242,95.6,0.7856,False,23134.0,242
"Boyd, Matthew",CHC,FF,-0.005555439429021409,888,90.9,0.3744,False,80740.0,888
"Boyd, Matthew",CHC,SI,-0.007904741505626589,2,88.0,0.8764,False,176.0,2
"Boyd, Matthew",CHC,SL,0.0014698356538713183,279,89.6,0.6577,False,25003.0,279
"Boyle, Joe",TBR,FF,0.002270174622380737,77,105.9,0.5526,False,8157.0,77
"Boyle, Joe",TBR,FS,0.01225177826149864,51,113.2,0.8956,False,5771.0,51
"Boyle, Joe",TBR,SI,0.007294712470344375,61,115.8,0.9158,False,7063.0,61
"Boyle, Joe",TBR,SL,0.008021898695306185,109,105.4,0.6751,False,11490.0,109
"Boyle, Joe",TBR,ST,0.008800938416332029,41,101.5,1.1026,False,4163.0,41
"Bradford, Cody",TEX,CH,0.000290342806137843,213,98.5,0.8197,False,22063.0,224
"Bradford, Cody",TEX,CU,-0.004928898327334812,33,82.5,1.0584,False,2723.0,33
"Bradford, Cody",TEX,FF,-0.011409578745236475,358,79.6,0.5438,False,29359.0,369
"Bradford, Cody",TEX,SI,-0.01283210074325325,16,78.9,1.4925,False,1262.0,16
"Bradford, Cody",TEX,SL,-0.0035419188846533777,76,77.6,0.8427,False,5974.0,77
"Bradish, Kyle",BAL,CH,-0.004989310379772048,14,88.3,0.8424,False,1236.0,14
"Bradish, Kyle",BAL,CU,0.009389619200374,570,113.0,0.6203,False,64387.0,570
"Bradish, Kyle",BAL,FF,-0.0015694555821845532,454,98.6,0.5313,False,44755.0,454
"Bradish, Kyle",BAL,SI,-0.0015445173010977607,952,99.6,0.4719,False,94798.0,952
"Bradish, Kyle",BAL,ST,0.011863798552727638,639,109.4,0.5275,False,69876.0,639
"Bradley, Taj",MIN,CU,0.0022864564153129035,278,97.8,0.7668,False,27199.0,278
"Bradley, Taj",MIN,FF,0.0025603416965010997,1398,106.5,0.407,False,148906.0,1398
"Bradley, Taj",MIN,FS,0.013538749444161441,588,115.4,0.7023,False,67864.0,588
"Bradley, Taj",MIN,SL,0.011378058823536112,733,113.5,0.5721,False,83176.0,733
"Brash, Matt",SEA,CH,0.0033415521860920955,35,104.3,1.1998,False,3649.0,35
"Brash, Matt",SEA,FF,-0.0011364927049726248,16,99.6,0.8469,False,1593.0,16
"Brash, Matt",SEA,SI,0.0034855283622164277,55,108.8,0.5608,False,5985.0,55
"Brash, Matt",SEA,ST,0.010745584758786628,156,106.5,0.5899,False,16612.0,156
"Bratt, Mitch",ARI,CH,-0.009203606222848028,71,80.1,1.1323,False,5687.0,71
"Bratt, Mitch",ARI,CU,-0.004165323478026459,26,84.0,1.1507,False,2185.0,26
"Bratt, Mitch",ARI,FC,-0.0021791036697462775,65,95.2,0.9275,False,6186.0,65
"Bratt, Mitch",ARI,FF,-0.004724508924450312,339,92.6,0.7244,False,31377.0,339
"Bratt, Mitch",ARI,SI,-0.010785251003523757,56,82.6,0.8603,False,4626.0,56
"Bratt, Mitch",ARI,ST,-0.0009425704587416616,169,76.7,1.18,False,12958.0,169
"Brazobán, Huascar",CWS,CH,0.0057417564587731885,86,108.8,0.5807,False,9360.0,86
"Brazobán, Huascar",CWS,FC,-0.0021264449266406396,6,95.3,0.8262,False,572.0,6
"Brazobán, Huascar",CWS,FF,-0.00576366433792178,28,90.5,0.6662,False,2535.0,28
"Brazobán, Huascar",CWS,SI,-0.0011550927770301877,105,100.3,0.5945,False,10534.0,105
"Brazobán, Huascar",NYM,CH,0.005603708721012766,326,108.6,0.5135,False,35412.0,326
"Brazobán, Huascar",NYM,FC,-0.0037921525806943407,31,90.2,0.7513,False,2797.0,31
"Brazobán, Huascar",NYM,FF,-0.003045572182521067,46,95.8,0.5521,False,4407.0,46
"Brazobán, Huascar",NYM,SI,0.00010312011213456077,412,102.6,0.4932,False,42273.0,412
"Brebbia, John",COL,CH,-0.009278466259794576,7,79.9,1.0683,False,559.0,7
"Brebbia, John",COL,FF,-0.0022083237213460175,37,97.4,0.4518,False,3604.0,37
"Brebbia, John",COL,SL,0.0008887386266198721,45,88.2,0.7291,False,3969.0,45
"Brebbia, John",COL,ST,0.014318270143121481,5,115.6,1.3214,False,578.0,5
"Brieske, Beau",DET,CH,0.006019724892347709,47,110.2,0.5949,False,5950.0,54
"Brieske, Beau",DET,CU,0.008494236171019211,36,110.7,1.1202,False,4758.0,43
"Brieske, Beau",DET,FF,-0.0019591573609310823,150,98.3,0.45,False,15622.0,159
"Brieske, Beau",DET,SI,0.002897321339332848,56,107.5,0.4704,False,6557.0,61
"Brieske, Beau",DET,SL,0.005765209301470724,68,99.8,0.8572,False,6986.0,70
"Brito, Jhony",SDP,CH,-0.001767548056355176,39,94.4,0.66,False,3680.0,39
"Brito, Jhony",SDP,FC,-0.00240490585565567,19,94.4,1.2142,False,1794.0,19
"Brito, Jhony",SDP,FF,-0.012843397771939635,10,76.9,0.6277,False,769.0,10
"Brito, Jhony",SDP,SI,-0.0011471327514514355,34,100.4,0.5896,False,3414.0,34
"Brito, Jhony",SDP,SL,0.0031167721386910195,21,93.5,1.0993,False,1963.0,21
"Brogdon, Connor",CLE,CH,0.0036410924831461917,111,104.8,0.5942,False,11630.0,111
"Brogdon, Connor",CLE,FC,0.0007567478147663038,27,104.0,0.6861,False,2807.0,27
"Brogdon, Connor",CLE,FF,0.0002623540883598877,134,102.1,0.4427,False,13680.0,134
"Brogdon, Connor",CLE,ST,0.00834952644072473,9,100.3,1.3888,False,903.0,9
"Brooks, Aaron",TBR,CH,-0.00167180597782135,1,95.0,0.9949,False,95.0,1
"Brooks, Aaron",TBR,FF,-0.013907704768436295,7,74.9,0.7563,False,524.0,7
"Brooks, Aaron",TBR,SI,-0.010166020411998034,5,83.6,0.8902,False,418.0,5
"Brooks, Aaron",TBR,SL,0.0034401562297716737,4,94.2,0.9472,False,377.0,4
"Brown, Ben",CHC,CH,0.002732341081476382,60,103.1,1.0136,False,6188.0,60
"Brown, Ben",CHC,FF,-0.0026551694422030686,371,96.5,0.3747,False,35807.0,371
"Brown, Ben",CHC,SI,0.0017129465700741599,207,105.6,0.7564,False,21850.0,207
"Brown, Ben",CHC,SL,0.010096950836440223,366,110.4,0.4966,False,40402.0,366
"Brown, Hunter",HOU,CU,0.007713077634216137,337,109.4,0.5669,False,36860.0,337
"Brown, Hunter",HOU,FC,0.0025549038956693164,202,109.5,0.5657,False,22117.0,202
"Brown, Hunter",HOU,FF,-2.1012959311263766e-05,579,101.5,0.4617,False,58787.0,579
"Brown, Hunter",HOU,FS,0.004515733393288558,168,100.1,0.6545,False,16814.0,168
"Brown, Hunter",HOU,SI,0.006210527054718113,575,113.8,0.4786,False,65447.0,575
"Brown, Hunter",HOU,SL,0.01198707576841116,20,115.0,1.042,False,2300.0,20
"Brubaker, JT",SFG,CH,-0.003668459357483373,137,90.7,0.6234,False,12431.0,137
"Brubaker, JT",SFG,CU,0.0015909475449999181,88,96.4,0.9191,False,8480.0,88
"Brubaker, JT",SFG,FF,-0.009637727082470461,63,83.1,0.524,False,5235.0,63
"Brubaker, JT",SFG,SI,-0.0040878638957781,449,94.9,0.4199,False,42619.0,449
"Brubaker, JT",SFG,SL,0.0035643872710185674,262,94.7,0.4929,False,24801.0,262
"Bruihl, Justin",STL,FC,-0.0004116186100873165,14,100.5,1.0016,False,1407.0,14
"Bruihl, Justin",STL,FF,0.0023648006671895642,76,106.3,1.2969,False,8183.0,77
"Bruihl, Justin",STL,FS,-0.0019676178259666294,112,89.1,1.8309,True,9977.0,112
"Bruihl, Justin",STL,SI,0.00026558512429838104,569,102.9,0.7299,False,59180.0,575
"Bruihl, Justin",STL,ST,0.0037705345562287457,529,88.7,0.8919,False,47544.0,536
"Brzykcy, Zach",MIA,CH,0.002880864980397746,7,103.4,0.9268,False,724.0,7
"Brzykcy, Zach",MIA,CU,0.0017548170195368583,5,96.6,0.9109,False,483.0,5
"Brzykcy, Zach",MIA,FF,-0.0035031130379217716,23,94.8,0.5173,False,2180.0,23
"Brzykcy, Zach",MIA,SL,0.0059813642874360085,13,100.5,1.013,False,1306.0,13
"Bubic, Kris",KCR,CH,0.0004713902201712123,161,98.7,0.6097,False,15898.0,161
"Bubic, Kris",KCR,FF,-0.0018244447059184417,337,98.1,0.4207,False,33054.0,337
"Bubic, Kris",KCR,SI,-0.010077387571973394,101,83.9,0.6502,False,8478.0,101
"Bubic, Kris",KCR,SL,0.004484833490569145,75,96.9,0.669,False,7267.0,75
"Bubic, Kris",KCR,ST,0.0021897584966430184,137,84.7,0.5731,False,11599.0,137
"Bubic, Kris",LAD,CH,0.0009808949544094503,19,99.6,0.9494,False,1892.0,19
"Bubic, Kris",LAD,FF,0.0007568264812899513,31,103.0,0.471,False,3194.0,31
"Bubic, Kris",LAD,SI,-0.004158488102257251,10,94.7,0.6237,False,947.0,10
"Bubic, Kris",LAD,SL,0.003337167746697863,3,94.0,0.7617,False,282.0,3
"Bubic, Kris",LAD,ST,0.006119297526311129,8,94.6,0.8644,False,757.0,8
"Buehler, Walker",SDP,CH,-0.0006283713562791695,248,96.6,0.8432,False,23959.0,248
"Buehler, Walker",SDP,CU,-3.875401763967342e-05,217,92.9,0.5861,False,20153.0,217
"Buehler, Walker",SDP,FC,-0.0013648734613472037,613,97.6,0.5066,False,59814.0,613
"Buehler, Walker",SDP,FF,-0.0057928447292117345,523,90.5,0.4247,False,47314.0,523
"Buehler, Walker",SDP,SI,-0.0048041339542301085,518,93.6,0.6171,False,48478.0,518
"Buehler, Walker",SDP,SL,0.0030784710576845812,306,93.5,0.6353,False,28607.0,306
"Buehler, Walker",SDP,ST,0.009390216057743766,176,103.0,0.6566,False,18134.0,176
"Bummer, Aaron",ATL,CU,0.0033315744306071167,67,100.0,0.693,False,6701.0,67
"Bummer, Aaron",ATL,FC,-0.0021881803759777755,34,95.1,1.4154,False,3234.0,34
"Bummer, Aaron",ATL,FF,-0.008493422145914772,23,85.2,0.6657,False,1960.0,23
"Bummer, Aaron",ATL,SI,-0.002500693043065097,109,97.9,0.5617,False,10667.0,109
"Bummer, Aaron",ATL,ST,0.006973101074036095,50,96.8,0.8281,False,4840.0,50
"Bummer, Aaron",KCR,CU,0.0010699229314923286,8,95.2,0.7848,False,762.0,8
"Bummer, Aaron",KCR,FF,-0.0071137878112494946,3,88.0,0.8354,False,264.0,3
"Bummer, Aaron",KCR,SI,-0.00919627002440393,18,85.4,0.7342,False,1537.0,18
"Bummer, Aaron",KCR,ST,0.0017743193584465189,16,83.4,0.8876,False,1334.0,16
"Burgos, Juan",ARI,FC,0.004259524554455359,19,114.7,1.2504,False,2179.0,19
"Burgos, Juan",ARI,FF,-0.0017655504246552785,3,98.3,1.1058,False,295.0,3
"Burgos, Juan",ARI,SI,0.003708063756532379,19,109.2,0.8992,False,2074.0,19
"Burgos, Juan",ARI,ST,0.012231534637976438,12,110.2,1.3288,False,1323.0,12
"Burgos, Raymond",BOS,CH,-0.005389061816795556,27,87.4,1.2361,False,2359.0,27
"Burgos, Raymond",BOS,FC,-0.003334689805208601,34,91.6,1.2758,False,3113.0,34
"Burgos, Raymond",BOS,FF,-0.013647554442286491,7,75.4,1.1211,False,528.0,7
"Burgos, Raymond",BOS,SI,-0.00892821941497026,126,85.9,0.9358,False,10829.0,126
"Burgos, Raymond",BOS,ST,0.0038699874774057227,98,89.0,1.4531,False,8721.0,98
"Burke, Brock",CIN,CH,0.0007032101734826602,206,99.2,0.6379,False,20431.0,206
"Burke, Brock",CIN,FF,-0.0019001817009444769,476,97.9,0.4609,False,46608.0,476
"Burke, Brock",CIN,SI,-0.0020940122104292245,167,98.5,0.6309,False,16456.0,167
"Burke, Brock",CIN,SL,0.0052889815950291404,331,98.8,0.5872,False,32708.0,331
"Burke, Sean",CWS,CH,-0.003147137494107603,53,91.7,0.7973,False,4862.0,53
"Burke, Sean",CWS,CU,-6.532739810009154e-05,579,92.8,0.7188,False,53741.0,579
"Burke, Sean",CWS,FC,-0.00048692248120959716,284,100.2,1.0147,False,28468.0,284
"Burke, Sean",CWS,FF,0.002387162317828697,1059,106.2,0.588,False,112433.0,1059
"Burke, Sean",CWS,SI,-0.004748808048425417,400,93.7,0.8022,False,37485.0,400
"Burke, Sean",CWS,SL,0.0036039361661436265,503,94.7,0.7459,False,47656.0,503
"Burkhalter, Blake",ATL,CU,0.0067491744994185865,6,107.2,1.3978,False,643.0,6
"Burkhalter, Blake",ATL,FC,4.094992376243075e-05,6,102.0,0.9739,False,612.0,6
"Burkhalter, Blake",ATL,FF,0.000806290270040997,11,103.2,0.7065,False,1135.0,11
"Burnes, Corbin",ARI,CH,-0.005714346169208346,22,86.8,0.8775,False,1910.0,22
"Burnes, Corbin",ARI,CU,0.0027860133600467072,47,98.9,0.9132,False,4650.0,47
"Burnes, Corbin",ARI,FC,-0.0002260484001934221,106,101.0,0.7242,False,10709.0,106
"Burnes, Corbin",ARI,SI,-0.0035657814759664083,15,95.8,0.7471,False,1437.0,15
"Burnes, Corbin",ARI,SL,0.0038101189129520208,8,95.1,0.8805,False,761.0,8
"Burns, Chase",CIN,CH,0.007039150802470499,134,111.4,1.0231,False,14922.0,134
"Burns, Chase",CIN,CU,0.0006638664635829628,1,94.0,1.4729,False,94.0,1
"Burns, Chase",CIN,FF,0.006492947124896543,1424,114.0,0.5223,False,162399.0,1424
"Burns, Chase",CIN,SI,0.00508015516679734,10,111.7,1.0832,False,1117.0,10
"Burns, Chase",CIN,SL,0.019923858378082512,1000,134.1,0.8037,False,134079.0,1000
"Burrows, Mike",HOU,CH,0.0013866702060422197,424,100.5,0.8369,False,42601.0,424
"Burrows, Mike",HOU,CU,3.1713631902128536e-05,226,93.0,0.9909,False,21016.0,226
"Burrows, Mike",HOU,FC,0.0022875719451669932,258,108.7,0.8457,False,28040.0,258
"Burrows, Mike",HOU,FF,-0.0022629176065911173,459,97.3,0.5215,False,44638.0,459
"Burrows, Mike",HOU,SI,-0.002645856314775301,200,97.6,0.684,False,19514.0,200
"Buttó, José",SFG,CH,-0.00641323816186438,6,85.3,1.4171,False,512.0,6
"Buttó, José",SFG,CU,-0.001137148472480476,1,91.0,1.3756,False,91.0,1
"Buttó, José",SFG,FF,0.0012823811330235912,16,103.9,1.0054,False,1663.0,16
"Buttó, José",SFG,SI,0.00035348768600400673,27,103.0,0.8849,False,2781.0,27
"Buttó, José",SFG,SL,0.001333901837754708,13,89.4,1.0587,False,1162.0,13
"Cabrera, Edward",CHC,CH,0.0007126602932258697,410,99.2,0.5889,False,40667.0,410
"Cabrera, Edward",CHC,CU,0.006192968209957944,267,106.2,0.9388,False,28345.0,267
"Cabrera, Edward",CHC,FF,-0.0061388439556585,235,89.8,0.5995,False,21113.0,235
"Cabrera, Edward",CHC,SI,-0.00045682321928835703,285,101.6,0.4852,False,28948.0,285
"Cabrera, Edward",CHC,SL,0.00597198097761392,156,100.5,0.853,False,15672.0,156
"Cabrera, Jose",ARI,CH,-0.00291736323584152,63,92.2,1.0754,False,5806.0,63
"Cabrera, Jose",ARI,FC,-0.001525753824865784,110,97.0,0.8498,False,10674.0,110
"Cabrera, Jose",ARI,FF,-0.004520524404789052,121,92.9,0.5749,False,11244.0,121
"Cabrera, Jose",ARI,SI,-0.003415566187708036,51,96.2,0.9159,False,4905.0,51
"Cabrera, Jose",ARI,SL,0.0057221391931913486,54,99.8,0.8848,False,5390.0,54
"Cabrera, Jose",ARI,ST,0.007640263818075255,64,98.5,1.0982,False,6306.0,64
"Cameron, Noah",KCR,CH,0.0058111197925908905,578,109.0,0.672,False,62987.0,578
"Cameron, Noah",KCR,CU,-9.066635659941353e-05,477,92.8,0.8069,False,44253.0,477
"Cameron, Noah",KCR,FC,-0.002188162592269341,650,95.1,0.6857,False,61797.0,650
"Cameron, Noah",KCR,FF,-0.008299608392055584,692,85.7,0.551,False,59278.0,692
"Cameron, Noah",KCR,SI,-0.006496613459392808,149,90.4,0.9227,False,13476.0,149
"Cameron, Noah",KCR,SL,0.0038387218310242093,345,95.3,0.7648,False,32885.0,345
"Canning, Griffin",SDP,CH,0.004763074140377601,368,107.3,0.7764,False,41535.0,387
"Canning, Griffin",SDP,CU,0.0009688817670995756,127,95.2,0.9529,False,12565.0,132
"Canning, Griffin",SDP,FC,-0.003465072809926506,86,91.2,0.8563,False,7844.0,86
"Canning, Griffin",SDP,FF,-0.008562279204842562,365,85.3,0.5174,False,32322.0,379
"Canning, Griffin",SDP,SI,-0.0026724301790488317,141,97.3,1.0052,False,14505.0,149
"Canning, Griffin",SDP,SL,0.009529709675999252,331,109.5,0.6468,False,38207.0,349
"Canning, Griffin",SDP,ST,0.007719437013410272,62,98.7,1.0686,False,6122.0,62
"Cannon, Jonathan",CWS,CH,0.003213986455063735,7,103.9,1.0987,False,727.0,7
"Cannon, Jonathan",CWS,FC,-0.003816120501141995,2,90.0,1.0165,False,180.0,2
"Cannon, Jonathan",CWS,FF,0.0002937005476930856,44,102.2,0.6979,False,4495.0,44
"Cannon, Jonathan",CWS,SI,-0.001445666343594591,9,99.8,0.8526,False,898.0,9
"Cannon, Jonathan",CWS,SL,0.006556724663823843,2,102.0,1.0862,False,204.0,2
"Cannon, Jonathan",CWS,ST,0.010968088216031902,16,107.1,1.1212,False,1714.0,16
"Cano, Yennier",BAL,FF,-0.00661489055450407,42,89.0,0.575,False,3736.0,42
"Cano, Yennier",BAL,FS,0.010020337132360559,218,109.5,0.7988,False,23864.0,218
"Cano, Yennier",BAL,SI,0.0040859950165331275,432,109.9,0.4045,False,47473.0,432
"Cano, Yennier",BAL,ST,0.013711201973195536,102,114.0,0.6883,False,11632.0,102
"Cantillo, Joey",CLE,CH,0.003405772752929642,669,104.4,0.639,False,69815.0,669
"Cantillo, Joey",CLE,CU,0.005097736820735442,840,103.8,0.6591,False,87201.0,840
"Cantillo, Joey",CLE,FC,-0.007077857983988777,224,80.2,1.1826,False,17964.0,224
"Cantillo, Joey",CLE,FF,-0.009435654936371718,898,83.5,0.4974,False,74966.0,898
"Cantillo, Joey",CLE,SL,-0.000418405006841197,113,85.0,1.2746,False,9610.0,113
"Carrasco, Carlos",ATL,FF,-0.006194321731107686,104,89.7,1.0495,False,9328.0,104
"Carrasco, Carlos",ATL,FS,-0.01078717612776242,73,74.1,1.3587,False,5411.0,73
"Carrasco, Carlos",ATL,SI,-0.009241802077799482,69,85.4,1.0556,False,5896.0,69
"Carrillo, Gerardo",ARI,CU,0.0009038873492196823,3,95.0,1.4442,False,285.0,3
"Carrillo, Gerardo",ARI,FC,0.00263725580953178,92,109.7,1.1351,False,10095.0,92
"Carrillo, Gerardo",ARI,FF,-0.0007274155900899239,34,100.2,0.9838,False,3407.0,34
"Carrillo, Gerardo",ARI,FS,0.0026693875285369963,81,97.0,2.0022,True,7854.0,81
"Carrillo, Gerardo",ARI,SI,0.0005543793185471954,68,103.4,0.8533,False,7033.0,68
"Carrillo, Gerardo",ARI,ST,0.010920626141964212,38,106.9,1.4594,False,4063.0,38
"Casparius, Ben",LAD,CH,0.023930763825774193,2,144.0,1.4667,False,288.0,2
"Casparius, Ben",LAD,CU,0.006549413586981245,16,106.9,0.6735,False,1711.0,16
"Casparius, Ben",LAD,FC,0.004484450318369244,13,115.2,0.7211,False,1498.0,13
"Casparius, Ben",LAD,FF,-0.0016501138246584137,41,98.4,0.4485,False,4035.0,41
"Casparius, Ben",LAD,ST,0.015717025604788906,27,119.1,0.7443,False,3217.0,27
"Castaño, Blas",COL,CH,-0.0020499764114960115,47,93.9,1.4934,False,4412.0,47
"Castaño, Blas",COL,CU,-0.0007189872946279744,3,91.3,1.788,False,274.0,3
"Castaño, Blas",COL,FC,0.006421497934045167,63,121.2,1.5778,False,7637.0,63
"Castaño, Blas",COL,FF,-0.00124384416553543,61,99.2,1.3,False,6051.0,61
"Castaño, Blas",COL,SI,0.0013252147169492995,181,104.8,1.0623,False,18972.0,181
"Castaño, Blas",COL,ST,0.009423086576030722,105,103.1,1.5357,False,10826.0,105
"Castellano, Eiberson",COL,CH,-0.007617844734340906,2,83.5,1.1281,False,167.0,2
"Castellano, Eiberson",COL,CU,0.004337185805735107,13,102.1,1.1507,False,1327.0,13
"Castellano, Eiberson",COL,FF,-0.0035722902801353486,15,94.7,0.6441,False,1420.0,15
"Castellano, Eiberson",COL,SI,-0.004127168923150748,5,94.8,0.8572,False,474.0,5
"Castillo, Luis",CWS,CH,-5.183089545907398e-05,119,97.6,0.5731,False,11618.0,119
"Castillo, Luis",CWS,FF,-0.0023092386560165322,230,97.2,0.4381,False,22346.0,230
"Castillo, Luis",CWS,SI,-0.001645754781453485,142,99.4,0.4878,False,14111.0,142
"Castillo, Luis",CWS,SL,0.0031205198816728666,109,93.6,0.6758,False,10202.0,109
"Castillo, Luis",SEA,CH,-0.002032717454893615,227,93.9,0.4653,False,21317.0,227
"Castillo, Luis",SEA,FF,0.0017311301925351033,775,104.9,0.3941,False,81302.0,775
"Castillo, Luis",SEA,SI,-0.0017929931293229479,291,99.1,0.3997,False,28851.0,291
"Castillo, Luis",SEA,SL,0.002164339566208682,474,91.3,0.4879,False,43268.0,474
"Castro, Kervin",NYY,CU,-0.00029336089342409235,11,92.4,1.2278,False,1016.0,11
"Castro, Kervin",NYY,FC,0.0023107147824607396,19,108.8,1.364,False,2067.0,19
"Castro, Kervin",NYY,FF,0.0002716910842840055,48,102.1,0.6637,False,4901.0,48
"Castro, Kervin",NYY,SI,0.0029504102258215426,16,107.8,1.265,False,1724.0,16
"Cavalli, Cade",WSH,CH,0.003863749549194696,208,105.2,0.987,False,21888.0,208
"Cavalli, Cade",WSH,CU,0.009603454491383794,733,113.4,1.0425,False,83130.0,733
"Cavalli, Cade",WSH,FC,0.00042749004684656427,184,103.0,0.9418,False,18958.0,184
"Cavalli, Cade",WSH,FF,0.0005435896709764879,892,102.7,0.6225,False,91565.0,892
"Cavalli, Cade",WSH,SI,0.00047146825953103886,355,103.3,0.7785,False,36661.0,355
"Cavalli, Cade",WSH,ST,0.011113217879073661,403,107.4,1.3253,False,43285.0,403
"Cease, Dylan",TOR,CU,0.0020362224108041497,290,97.3,0.6241,False,28207.0,290
"Cease, Dylan",TOR,FF,0.004212062586412116,1070,109.7,0.4011,False,117349.0,1070
"Cease, Dylan",TOR,FS,0.008309055902149136,331,106.5,0.9142,False,35261.0,331
"Cease, Dylan",TOR,SI,0.00496625230802611,229,111.5,0.6337,False,25534.0,229
"Cease, Dylan",TOR,SL,0.009973438860236565,872,110.1,0.4347,False,96009.0,872
"Cease, Dylan",TOR,ST,0.006880334783700075,103,96.6,0.786,False,9951.0,103
"Cecconi, Slade",CLE,CU,-0.0011319312237889323,296,90.6,0.7561,False,26806.0,296
"Cecconi, Slade",CLE,FC,-0.0028611361606569797,509,93.0,0.7856,False,47349.0,509
"Cecconi, Slade",CLE,FF,-0.0022854491709036946,542,97.2,0.4637,False,52700.0,542
"Cecconi, Slade",CLE,FS,-0.0012069906938555759,43,90.5,1.0044,False,3890.0,43
"Cecconi, Slade",CLE,SI,-0.006087041144826344,400,91.2,0.7145,False,36492.0,400
"Cecconi, Slade",CLE,SL,0.002824459046318225,125,92.9,0.7855,False,11612.0,125
"Cecconi, Slade",CLE,ST,0.005351924442286624,88,92.7,1.0005,False,8157.0,88
"Cellucci, Brendan",TOR,FF,0.0008844413556895839,48,103.2,0.7137,False,4956.0,48
"Cellucci, Brendan",TOR,SI,-0.008141040646781525,3,87.3,0.9711,False,262.0,3
"Cellucci, Brendan",TOR,SL,0.0014459718149737455,8,89.5,0.997,False,716.0,8
"Cellucci, Brendan",TOR,ST,0.00966847099458254,53,103.8,1.1457,False,5501.0,53
"Cerantola, Eric",KCR,FC,-0.005520040902335192,24,84.9,0.9528,False,2038.0,24
"Cerantola, Eric",KCR,FF,-0.006687867971628961,49,88.8,0.6698,False,4349.0,49
"Cerantola, Eric",KCR,SL,0.004225977079952326,49,96.3,1.022,False,4718.0,49
"Chandler, Bubba",PIT,CH,0.0036800743926100822,319,104.9,0.7074,False,33449.0,319
"Chandler, Bubba",PIT,CU,0.007914793569466044,67,109.8,0.8579,False,7356.0,67
"Chandler, Bubba",PIT,FC,0.0012249650340494472,399,105.5,1.0923,False,42083.0,399
"Chandler, Bubba",PIT,FF,0.005029895721943083,1297,111.2,0.4868,False,144286.0,1297
"Chandler, Bubba",PIT,FS,0.00777163540874426,64,105.6,1.2216,False,6760.0,64
"Chandler, Bubba",PIT,SI,0.0013991674258749798,222,105.0,0.8498,False,23306.0,222
"Chandler, Bubba",PIT,SL,0.011404795230064019,228,113.5,0.8248,False,25883.0,228
"Chandler, Bubba",PIT,ST,0.012654596450738608,90,111.3,1.2744,False,10021.0,90
"Chapman, Aroldis",BOS,FF,0.0021967750197734188,314,105.8,0.4357,False,33228.0,314
"Chapman, Aroldis",BOS,FS,0.01801972857059615,103,123.0,0.9366,False,12673.0,103
"Chapman, Aroldis",BOS,SI,0.008302780663516017,271,117.7,0.5209,False,31887.0,271
"Chapman, Aroldis",BOS,ST,0.0100181909305427,153,104.6,0.6292,False,16004.0,153
"Chivilli, Angel",NYY,CH,0.0006693168394091469,119,99.1,0.6585,False,11795.0,119
"Chivilli, Angel",NYY,FC,0.003617347669749625,107,112.8,0.7792,False,12065.0,107
"Chivilli, Angel",NYY,FF,0.001770024161225469,59,105.0,0.6832,False,6194.0,59
"Civale, Aaron",ATH,CH,-0.0054310964046074845,73,87.4,0.8178,False,6377.0,73
"Civale, Aaron",ATH,CU,0.006463500269807244,323,106.7,0.6155,False,34467.0,323
"Civale, Aaron",ATH,FC,0.004551142362895359,463,115.6,0.6654,False,53506.0,463
"Civale, Aaron",ATH,FF,-0.005818929392067879,159,90.4,0.5094,False,14374.0,159
"Civale, Aaron",ATH,SI,-0.011986336685717107,250,80.4,0.496,False,20103.0,250
"Civale, Aaron",ATH,SL,0.006917804140936245,44,102.7,0.7549,False,4517.0,44
"Civale, Aaron",CHC,CH,-0.0042812539246597225,64,89.6,1.1072,False,5732.0,64
"Civale, Aaron",CHC,CU,0.0029312649384242565,163,99.2,1.0884,False,16173.0,163
"Civale, Aaron",CHC,FC,0.005659483362408744,254,119.0,1.037,False,30217.0,254
"Civale, Aaron",CHC,FF,-0.004039640890703977,38,93.8,0.799,False,3565.0,38
"Civale, Aaron",CHC,SI,-0.0051519874689819395,53,93.0,0.7638,False,4929.0,53
"Civale, Aaron",CHC,SL,0.004181188727670815,12,96.1,1.0933,False,1153.0,12
"Clarke, Taylor",ARI,CH,0.0024245362772405115,295,102.5,1.2031,False,30232.0,295
"Clarke, Taylor",ARI,FF,-0.011628405445993518,209,79.3,1.0646,False,16566.0,209
"Clarke, Taylor",ARI,SI,-0.003368302311314266,239,96.2,0.7472,False,22997.0,239
"Clarke, Taylor",ARI,SL,0.005667925789569558,313,99.7,1.194,False,31214.0,313
"Cleavinger, Garrett",TBR,FF,-0.000980109645232525,112,99.7,0.5401,False,11167.0,112
"Cleavinger, Garrett",TBR,SI,-0.0028251828996942027,208,97.2,0.4559,False,20221.0,208
"Cleavinger, Garrett",TBR,SL,0.004883501896578472,323,97.8,0.6671,False,31598.0,323
"Cleavinger, Garrett",TBR,ST,0.013126069838488167,91,112.5,0.7446,False,10241.0,91
"Cole, Gerrit",NYY,CH,-0.0007151809225932436,248,96.4,1.0205,False,23909.0,248
"Cole, Gerrit",NYY,CU,0.00608693800347863,271,105.9,0.7447,False,28709.0,271
"Cole, Gerrit",NYY,FF,0.003398922218442063,949,108.1,0.46,False,102594.0,949
"Cole, Gerrit",NYY,SI,-9.026043414905871e-06,64,102.4,0.7758,False,6554.0,64
"Cole, Gerrit",NYY,SL,0.009030456176337898,391,107.8,0.5419,False,42162.0,391
"Collyer, Gavin",TEX,FF,0.006324401024624701,127,113.8,1.1164,False,14448.0,127
"Collyer, Gavin",TEX,SI,0.00540639317529413,85,112.3,1.3832,False,9545.0,85
"Collyer, Gavin",TEX,SL,0.005899996834451263,159,100.3,1.6866,False,15950.0,159
"Collyer, Gavin",TEX,ST,0.009784025509737006,109,104.0,1.6727,False,11339.0,109
"Cook, Alex",TBR,CH,-0.0031466199792563342,13,91.6,1.0505,False,1191.0,13
"Cook, Alex",TBR,FC,-0.0017077011355220086,11,96.5,1.0254,False,1062.0,11
"Cook, Alex",TBR,FF,0.0016133062020923137,66,104.7,0.6591,False,6910.0,66
"Cook, Alex",TBR,SL,0.0014986317528382642,8,89.6,0.879,False,717.0,8
"Corbin, Patrick",TOR,CH,-0.0014464623686349528,11,95.0,0.7242,False,1045.0,11
"Corbin, Patrick",TOR,FC,-0.003229671325531198,215,91.9,0.4168,False,19758.0,215
"Corbin, Patrick",TOR,FF,-0.009044370212706288,151,84.2,0.5038,False,12717.0,151
"Corbin, Patrick",TOR,FS,-0.004156754321835858,234,85.4,1.1627,False,19983.0,234
"Corbin, Patrick",TOR,SI,-0.010267119792682295,382,83.5,0.3416,False,31911.0,382
"Corbin, Patrick",TOR,SL,-0.0017948115057494067,404,81.7,0.4749,False,33021.0,404
"Cornelio, Riley",WSH,FC,-0.0007043798364594655,86,99.5,0.9414,False,9854.0,99
"Cornelio, Riley",WSH,FF,0.0037019456284968595,246,108.9,0.5958,False,27342.0,251
"Cornelio, Riley",WSH,SL,0.005550073550140318,322,99.4,1.0244,False,33296.0,335
"Corniell, Jose",TEX,CH,-0.003229816616483192,27,91.7,1.2119,False,2475.0,27
"Corniell, Jose",TEX,FC,-0.0083564840684024,15,76.4,1.248,False,1146.0,15
"Corniell, Jose",TEX,FF,-0.00047167396237805055,26,100.7,0.8001,False,2619.0,26
"Corniell, Jose",TEX,SI,0.0004479902156163007,10,103.1,0.9103,False,1031.0,10
"Corniell, Jose",TEX,SL,0.00876849700580351,8,107.2,1.2709,False,858.0,8
"Corniell, Jose",TEX,ST,0.004952109418000974,18,91.7,1.2519,False,1651.0,18
"Cornielle, Alexander",NYY,FC,-0.0035059311776421964,2,91.0,,False,182.0,2
"Cornielle, Alexander",NYY,FF,-0.007403013451645772,21,87.4,,False,1835.0,21
"Cornielle, Alexander",NYY,SI,-0.003983600938227028,2,95.0,,False,190.0,2
"Cornielle, Alexander",NYY,ST,0.012910962932639651,9,112.0,,False,1008.0,9
"Cosgrove, Tom",WSH,FF,-0.004481894110728126,63,93.0,0.9533,False,5860.0,63
"Cosgrove, Tom",WSH,SI,-0.01715265493839979,27,70.9,1.2916,False,1914.0,27
"Cosgrove, Tom",WSH,ST,0.007307569150868679,178,97.7,1.0499,False,17392.0,178
"Coulombe, Danny",BOS,CU,0.009712215745821595,24,113.7,1.0151,False,2729.0,24
"Coulombe, Danny",BOS,FF,-0.009368491150104465,39,83.6,0.9573,False,3259.0,39
"Coulombe, Danny",BOS,SI,-0.0015488555069296446,114,99.5,1.0026,False,11348.0,114
"Coulombe, Danny",BOS,SL,0.0038856503000512226,143,95.4,0.8539,False,13646.0,143
"Coulombe, Danny",BOS,ST,0.005128583666660372,66,92.1,1.0882,False,6081.0,66
"Criswell, Cooper",SEA,CH,0.0027102609015188382,169,103.0,0.6814,False,17516.0,170
"Criswell, Cooper",SEA,FC,-0.0014546936242016185,124,97.2,0.8025,False,12253.0,126
"Criswell, Cooper",SEA,FF,-0.006244188152615808,45,89.6,1.4852,False,4032.0,45
"Criswell, Cooper",SEA,SI,-0.00016369275532529822,175,102.2,0.6374,False,18708.0,183
"Criswell, Cooper",SEA,ST,0.0027000230259926687,117,86.1,0.8727,False,10154.0,118
"Criswell, Jeff",COL,CH,-0.0032676011194578474,9,91.6,1.0936,False,824.0,9
"Criswell, Jeff",COL,FC,0.002432095630166049,26,109.2,1.0376,False,2839.0,26
"Criswell, Jeff",COL,FF,-0.0033443886186984,33,95.2,0.7608,False,3142.0,33
"Criswell, Jeff",COL,SL,0.0031385349072727627,11,93.6,1.0014,False,1030.0,11
"Crochet, Garrett",BOS,CH,-0.0020195264991012996,22,93.9,0.9993,False,2065.0,22
"Crochet, Garrett",BOS,FC,0.0017820637792473738,129,107.1,0.5799,False,13822.0,129
"Crochet, Garrett",BOS,FF,0.0017673369311839288,173,105.0,0.42,False,18159.0,173
"Crochet, Garrett",BOS,FS,0.005770531890448183,4,102.0,1.1389,False,408.0,4
"Crochet, Garrett",BOS,SI,-0.0040520837995966855,116,94.9,0.5412,False,11014.0,116
"Crochet, Garrett",BOS,ST,0.006584236671089358,74,95.8,0.5935,False,7090.0,74
"Crow, Coleman",MIL,CU,0.0060457843684445355,61,105.9,1.4615,False,6458.0,61
"Crow, Coleman",MIL,FC,-0.002382715799447005,107,94.5,1.4231,False,10111.0,107
"Crow, Coleman",MIL,FF,-0.005327324874379731,60,91.3,0.8632,False,5479.0,60
"Crow, Coleman",MIL,SI,-0.004756485876317707,44,93.7,1.0754,False,4122.0,44
"Crow, Coleman",MIL,ST,0.009786966423827993,23,104.0,1.5828,False,2393.0,23
"Cruz, Fernando",NYY,FF,-0.003213021906937451,301,95.4,0.5398,False,28726.0,301
"Cruz, Fernando",NYY,FS,0.00547874233408707,484,101.8,0.7603,False,49247.0,484
"Cruz, Fernando",NYY,SI,-0.0036218187077403335,28,95.8,0.6063,False,2682.0,28
"Cruz, Fernando",NYY,ST,0.00810535032704707,131,99.7,1.032,False,13065.0,131
"Cruz, Steven",KCR,FC,0.0034072166741674855,259,112.1,0.7734,False,29030.0,259
"Cruz, Steven",KCR,FF,0.009684966973530199,522,120.2,0.5965,False,62735.0,522
"Cruz, Steven",KCR,SL,0.014690697671308013,149,121.5,0.726,False,18101.0,149
"Cruz, Yovanny",NYY,FF,0.0045582340188467735,26,110.3,1.0676,False,2868.0,26
"Cruz, Yovanny",NYY,FS,0.017068420337247,7,121.7,1.7,False,852.0,7
"Cruz, Yovanny",NYY,SL,0.017838100623339414,30,129.0,1.158,False,3871.0,30
"Cruz, Yovanny",WSH,FF,0.0060983065340024485,41,113.3,1.0729,False,4644.0,41
"Cruz, Yovanny",WSH,FS,0.013635463188760556,13,115.7,1.6172,False,1504.0,13
"Cruz, Yovanny",WSH,SI,0.009704511923997034,43,120.2,1.2139,False,5169.0,43
"Cruz, Yovanny",WSH,SL,0.019192797500484932,96,132.3,1.1921,False,12701.0,96
"Cuas, Jose",KCR,CH,-0.00459803658304736,2,89.0,1.4339,False,178.0,2
"Cuas, Jose",KCR,FC,0.0006526197185334952,23,103.8,1.9061,True,2388.0,23
"Cuas, Jose",KCR,FF,0.0037173159777700456,148,108.7,0.7205,False,16091.0,148
"Cuas, Jose",KCR,SI,-0.00041472205084778325,178,101.6,0.5147,False,18093.0,178
"Cuas, Jose",KCR,ST,0.0041579195908003595,122,89.6,1.253,False,10935.0,122
"Curry, Xzavion",NYM,CU,-0.003310685755521361,37,85.9,1.0619,False,3179.0,37
"Curry, Xzavion",NYM,FF,-0.00948891354669183,133,83.4,0.6458,False,11090.0,133
"Curry, Xzavion",NYM,FS,0.00033014644177799127,53,93.1,1.228,False,4934.0,53
"Curry, Xzavion",NYM,SI,-0.012302792929112912,25,79.8,1.1005,False,1995.0,25
"Curry, Xzavion",NYM,SL,0.0015499311857638531,100,89.8,0.7747,False,8980.0,100
"Curtis, Khristian",PIT,CH,0.0038196932280463386,62,105.2,1.4155,False,6521.0,62
"Curtis, Khristian",PIT,CU,0.002268830818744997,15,97.8,1.0543,False,1467.0,15
"Curtis, Khristian",PIT,FC,0.0011006139944133417,109,105.1,0.9465,False,11456.0,109
"Curtis, Khristian",PIT,FF,-1.968954106292794e-06,122,101.5,0.6066,False,12389.0,122
"Curtis, Khristian",PIT,SL,0.00611822702292655,37,100.8,1.0296,False,3729.0,37
"Curtis, Khristian",PIT,ST,0.0072865685215219855,4,97.5,1.3355,False,390.0,4
"Curvelo, Luis",TEX,FF,0.0012479042990638971,58,103.9,0.7274,False,6029.0,58
"Curvelo, Luis",TEX,FS,0.0060037874236035065,38,102.6,1.5254,False,3900.0,38
"Curvelo, Luis",TEX,SI,-0.004714012888537065,37,93.7,0.9788,False,3468.0,37
"Curvelo, Luis",TEX,SL,0.004996579235281657,54,98.1,1.1089,False,5295.0,54
"Dallas, Chad",TOR,CU,0.007102951785389057,74,108.1,1.1975,False,8000.0,74
"Dallas, Chad",TOR,FC,0.002144370371947194,112,108.3,1.2933,False,12125.0,112
"Dallas, Chad",TOR,SI,0.0035957700572907926,5,108.8,1.0142,False,544.0,5
"Dallas, Chad",TOR,ST,0.009694028924138325,69,103.8,1.2211,False,7160.0,69
"Davila, Nick",SEA,CU,0.007644487311514446,53,109.3,1.5372,False,5791.0,53
"Davila, Nick",SEA,FF,-0.010605040188353981,63,81.2,1.1015,False,5115.0,63
"Davila, Nick",SEA,SI,-0.003957517459718435,92,95.2,0.8691,False,8754.0,92
"Davila, Nick",SEA,SL,0.006934038843852088,237,102.8,1.5458,False,24358.0,237
"Davila, Nick",SEA,ST,0.02204040251672268,1,135.0,2.5393,True,135.0,1
"Davis, Tyler",CWS,CH,0.0030642224357448396,31,103.7,1.2723,False,3215.0,31
"Davis, Tyler",CWS,FF,0.0011427156812703104,303,103.8,0.6239,False,31448.0,303
"Davis, Tyler",CWS,SL,0.007701642490778263,154,104.6,0.8967,False,16111.0,154
"Davitt, Duncan",CWS,CH,0.003368384401255753,2,104.0,1.4671,False,208.0,2
"Davitt, Duncan",CWS,FF,0.007259469865857682,8,115.6,0.8277,False,925.0,8
"Davitt, Duncan",CWS,SI,-0.0008594087557867169,2,101.0,1.0787,False,202.0,2
"Davitt, Duncan",CWS,SL,-0.0006354374211999433,12,84.6,1.3352,False,1015.0,12
"Davitt, Duncan",CWS,ST,0.011465331714134663,4,108.2,1.3974,False,433.0,4
"Davitt, Duncan",SFG,CH,-0.002329108686858995,9,93.2,1.5428,False,839.0,9
"Davitt, Duncan",SFG,CU,0.006107635766966268,8,106.0,1.5272,False,848.0,8
"Davitt, Duncan",SFG,FF,0.002296100910973257,37,105.2,0.918,False,4419.0,42
"Davitt, Duncan",SFG,SI,-0.002235151051233212,6,98.3,1.1788,False,590.0,6
"Davitt, Duncan",SFG,ST,0.008474383007168122,23,100.3,1.6414,False,2707.0,27
"De Jesus, Enmanuel",DET,CH,0.0008449899661810087,147,99.4,1.1334,False,14607.0,147
"De Jesus, Enmanuel",DET,CU,-0.0038758340324940425,35,84.7,1.297,False,2963.0,35
"De Jesus, Enmanuel",DET,FF,-0.0017662578388103931,284,98.2,0.6816,False,27887.0,284
"De Jesus, Enmanuel",DET,SI,-0.0028561890467244666,88,97.2,0.851,False,8550.0,88
"De Jesus, Enmanuel",DET,SL,0.0035913173301846007,112,94.7,1.0618,False,10608.0,112
"De Jesus, Enmanuel",DET,ST,0.005033342633396387,3,91.7,1.1851,False,275.0,3
"De León, Luis",BAL,FF,0.003364581847563386,2,108.0,1.1803,False,216.0,2
"De León, Luis",BAL,FS,0.0010967565531245782,26,94.4,1.8468,True,2454.0,26
"De León, Luis",BAL,SI,-0.0025313764664867656,83,97.8,0.7452,False,8116.0,83
"De León, Luis",BAL,SL,0.00859598567088445,15,106.7,1.2371,False,1600.0,15
"De Los Santos, Enyel",HOU,CH,-0.00016260246370788033,299,97.5,0.5885,False,29146.0,299
"De Los Santos, Enyel",HOU,FC,0.0027515244812385316,349,110.1,0.489,False,38418.0,349
"De Los Santos, Enyel",HOU,FF,0.0011333969227631721,505,103.8,0.36,False,52399.0,505
"De los Santos, Yerry",NYY,FF,-0.006120982564295575,28,89.9,1.0834,False,2516.0,28
"De los Santos, Yerry",NYY,FS,0.002232423564293393,81,96.3,1.233,False,7799.0,81
"De los Santos, Yerry",NYY,SI,0.002009449433486831,225,106.1,0.8023,False,23870.0,225
"De los Santos, Yerry",NYY,SL,0.008459932966313014,24,106.5,1.0485,False,2555.0,24
"Detmers, Reid",LAA,CH,0.0009734194473406641,276,99.7,1.0352,False,27514.0,276
"Detmers, Reid",LAA,CU,-0.0006200848338106534,326,91.6,0.8381,False,29870.0,326
"Detmers, Reid",LAA,FF,-0.0029580043222003135,1351,95.9,0.5345,False,129565.0,1351
"Detmers, Reid",LAA,SI,-0.004495932633290067,34,94.1,0.7144,False,3200.0,34
"Detmers, Reid",LAA,SL,0.006024064479860611,970,100.6,0.8476,False,97567.0,970
"Devenski, Chris",NYM,CH,0.00803668793892806,41,113.3,0.7232,False,4644.0,41
"Devenski, Chris",NYM,FC,-0.004011155851185322,5,89.4,1.0768,False,447.0,5
"Devenski, Chris",NYM,FF,-0.011197839422998691,36,80.1,0.5777,False,2885.0,36
"Devenski, Chris",NYM,SI,-0.020200436934828758,2,65.5,0.9756,False,131.0,2
"Devenski, Chris",NYM,ST,0.0017792209377644626,11,83.5,1.1174,False,919.0,11
"Devenski, Chris",PIT,CH,0.00378614108356285,18,104.9,0.6609,False,1889.0,18
"Devenski, Chris",PIT,FF,-0.012809476350412297,16,76.9,0.6158,False,1230.0,16
"Devenski, Chris",PIT,SI,-0.011052422225475311,1,82.0,1.0751,False,82.0,1
"Devenski, Chris",PIT,ST,0.006266481475904584,4,95.0,1.1676,False,380.0,4
"Dion, Will",CLE,CU,-2.6709004594201414e-05,68,92.9,1.811,True,6320.0,68
"Dion, Will",CLE,FC,-6.933689968491308e-05,32,101.5,1.185,False,3248.0,32
"Dion, Will",CLE,FF,0.00046254061464534254,132,102.5,0.9695,False,13525.0,132
"Dion, Will",CLE,FS,0.004834847780002747,50,100.7,1.5601,False,5035.0,50
"Dion, Will",CLE,SI,-0.0077003297046758235,24,88.2,1.2275,False,2117.0,24
"Dion, Will",WSH,CU,0.0046266749002226585,79,102.3,1.7716,False,9106.0,89
"Dion, Will",WSH,FC,0.00013492981822006792,30,102.3,1.2746,False,3479.0,34
"Dion, Will",WSH,FF,-0.003695608010490613,186,94.1,1.0174,False,18920.0,201
"Dion, Will",WSH,FS,0.0022971885524124707,147,96.7,1.653,False,14891.0,154
"Dion, Will",WSH,SI,-0.005701518318216715,7,93.2,1.3642,False,746.0,8
"Dobbins, Hunter",STL,CH,-0.0009131378455536816,107,96.0,1.1359,False,10275.0,107
"Dobbins, Hunter",STL,CU,-0.0007775762917368584,105,91.3,1.1326,False,9590.0,105
"Dobbins, Hunter",STL,FF,-0.0031416170587113875,303,95.6,0.7458,False,28965.0,303
"Dobbins, Hunter",STL,SI,0.0014631531633585093,122,105.1,0.9192,False,12821.0,122
"Dobbins, Hunter",STL,SL,0.003427990024554161,156,94.4,0.9817,False,14725.0,156
"Dobbins, Hunter",STL,ST,0.008557680683910461,138,100.9,1.0817,False,13921.0,138
"Dobnak, Randy",KCR,CH,-0.005166683300525763,279,87.9,1.0192,False,24517.0,279
"Dobnak, Randy",KCR,FF,-0.013721186211802253,119,75.3,0.9501,False,8956.0,119
"Dobnak, Randy",KCR,SI,-0.007429687505492029,491,88.8,0.4707,False,43585.0,491
"Dobnak, Randy",KCR,SL,-0.0010154606043495454,65,83.6,1.3427,False,5436.0,65
"Dobnak, Randy",KCR,ST,0.002288736737218935,310,84.9,0.9789,False,26316.0,310
"Dodd, Dylan",ATL,FC,-0.0066179757234553,273,81.6,0.7849,False,22274.0,273
"Dodd, Dylan",ATL,SI,-0.0012456581263000151,470,100.1,0.7039,False,47047.0,470
"Dodd, Dylan",ATL,SL,0.0019648366804984915,36,90.9,0.98,False,3271.0,36
"Dollander, Chase",COL,CH,0.00693535295300908,78,111.2,1.1593,False,8670.0,78
"Dollander, Chase",COL,CU,0.009816245664250484,59,114.0,0.7501,False,6724.0,59
"Dollander, Chase",COL,FF,0.01022289819310471,279,121.2,0.6311,False,33820.0,279
"Dollander, Chase",COL,SI,0.004307239649278927,179,110.3,0.7513,False,19747.0,179
"Dollander, Chase",COL,SL,0.012418601830445585,105,116.0,1.1336,False,12180.0,105
"Dollander, Chase",COL,ST,0.017675027164608934,43,124.1,1.3984,False,5338.0,43
"Domínguez, Seranthony",CWS,CU,0.0026589382636302617,15,98.5,0.9803,False,1477.0,15
"Domínguez, Seranthony",CWS,FF,0.004589071508475071,288,110.4,0.4368,False,31800.0,288
"Domínguez, Seranthony",CWS,FS,0.006438007679622111,79,103.3,1.155,False,8162.0,79
"Domínguez, Seranthony",CWS,SI,0.0036108858333865693,121,109.0,0.5341,False,13192.0,121
"Domínguez, Seranthony",CWS,ST,0.012025541525059445,217,109.8,0.6419,False,23822.0,217
"Domínguez, Seranthony",SEA,FF,0.004453802735213519,197,110.1,0.4839,False,21695.0,197
"Domínguez, Seranthony",SEA,FS,0.0035684857115135873,47,98.5,1.093,False,4629.0,47
"Domínguez, Seranthony",SEA,SI,0.007105534731843427,57,115.5,0.5317,False,6583.0,57
"Domínguez, Seranthony",SEA,ST,0.011782087480321854,91,109.1,0.749,False,9931.0,91
"Dotel, Wilber",PIT,CH,3.299883312799714e-05,11,97.9,1.1857,False,1077.0,11
"Dotel, Wilber",PIT,FC,0.0004316423920023399,168,103.0,1.0022,False,17309.0,168
"Dotel, Wilber",PIT,FF,0.004183578781955534,327,109.6,0.617,False,35843.0,327
"Dotel, Wilber",PIT,FS,0.0031811686359632355,38,97.9,1.1988,False,3721.0,38
"Dotel, Wilber",PIT,SI,0.005040043778232454,6,111.7,,False,670.0,6
"Dotel, Wilber",PIT,SL,0.010326038069951419,156,110.9,0.9917,False,17306.0,156
"Doval, Camilo",NYY,CH,-0.0012402160126449807,21,95.5,1.7112,False,2005.0,21
"Doval, Camilo",NYY,FF,0.006140899059910562,216,113.3,1.2236,False,24482.0,216
"Doval, Camilo",NYY,SI,0.0014873978093079918,268,105.2,0.629,False,28183.0,268
"Doval, Camilo",NYY,SL,0.012416301767670494,170,116.0,0.7174,False,19715.0,170
"Doval, Camilo",PIT,CH,-0.010920815169811249,1,77.0,1.7212,False,77.0,1
"Doval, Camilo",PIT,FF,0.006173401729292124,83,113.5,1.3199,False,9419.0,83
"Doval, Camilo",PIT,SI,-0.002439696540518939,110,97.9,0.7146,False,10770.0,110
"Doval, Camilo",PIT,SL,0.01187820919195487,138,114.7,0.8214,False,15831.0,138
"Doval, Camilo",SFG,FF,0.007534660631790757,4,108.2,,False,1082.0,10
"Doval, Camilo",SFG,SI,-0.004360411316156387,1,91.0,,False,455.0,5
"Doval, Camilo",SFG,SL,0.011904192580418154,11,114.5,,False,1832.0,16
"Drake, Kohl",ARI,CH,0.0012468375367548916,73,100.2,1.1439,False,7315.0,73
"Drake, Kohl",ARI,CU,-0.0005247895446700568,64,91.8,1.1156,False,5877.0,64
"Drake, Kohl",ARI,FC,-0.004922914964515927,53,86.7,0.8991,False,4593.0,53
"Drake, Kohl",ARI,FF,-0.005897325747487643,165,90.2,0.6603,False,14889.0,165
"Drake, Kohl",ARI,SL,0.0004342260892574106,27,87.1,1.0335,False,2351.0,27
"Dreyer, Jack",LAD,CU,0.003290759349703986,165,99.8,1.0803,False,16974.0,170
"Dreyer, Jack",LAD,FF,0.002897848975638376,474,106.6,0.7074,False,52667.0,494
"Dreyer, Jack",LAD,SL,0.007170057172043811,366,103.5,0.8025,False,38615.0,373
"Drohan, Shane",MIL,CH,-0.0019602939960177653,79,94.0,1.1936,False,7429.0,79
"Drohan, Shane",MIL,CU,0.0013212620913563952,257,95.8,1.324,False,24824.0,259
"Drohan, Shane",MIL,FC,-0.002317846612115858,239,94.7,1.167,False,22625.0,239
"Drohan, Shane",MIL,FF,-0.0014597294492480733,527,98.8,0.6316,False,52073.0,527
"Drohan, Shane",MIL,FS,-0.0005995974090183154,20,91.4,1.3602,False,1828.0,20
"Drohan, Shane",MIL,SI,-0.0054492812482937894,434,92.8,0.9036,False,41478.0,447
"Drohan, Shane",MIL,SL,0.005970686484762961,424,100.5,1.1212,False,43233.0,430
"Duarte, Daniel",NYM,CH,-0.004399374687785226,49,89.3,0.9301,False,4376.0,49
"Duarte, Daniel",NYM,FC,0.0015161374900871077,152,106.3,0.9039,False,16161.0,152
"Duarte, Daniel",NYM,FF,-0.005410612576169014,72,91.2,0.5793,False,6568.0,72
"Duarte, Daniel",NYM,SI,-0.007859220880967821,69,88.0,0.8758,False,6071.0,69
"Duarte, Daniel",NYM,ST,0.00955761251637995,121,103.4,0.9679,False,12515.0,121
"Duran, Carlos",KCR,CH,0.005094481166452169,1,108.0,1.3042,False,108.0,1
"Duran, Carlos",KCR,FF,-0.003373452986124903,13,95.1,0.7825,False,1236.0,13
"Duran, Carlos",KCR,SI,-0.007581150804001551,13,88.5,0.8956,False,1150.0,13
"Duran, Carlos",KCR,ST,0.009630377171561122,8,103.8,1.2823,False,830.0,8
"Duran, Jhoan",PHI,CU,0.010106930985626683,92,114.7,0.9588,False,10779.0,94
"Duran, Jhoan",PHI,FF,0.009155010950883068,263,119.1,0.6073,False,31690.0,266
"Duran, Jhoan",PHI,FS,0.002212476254829777,44,96.1,1.8601,True,4230.0,44
"Duran, Jhoan",PHI,SI,0.0070706194306678054,438,115.6,0.6922,False,51335.0,444
"Duran, Jhoan",PHI,ST,0.014811344521561848,97,116.8,1.2198,False,11559.0,99
"Díaz, Edwin",LAD,FF,0.008910175513278254,219,118.5,0.4873,False,26420.0,223
"Díaz, Edwin",LAD,SL,0.008855988352099137,165,107.4,0.517,False,18466.0,172
"Díaz, Jhonathan",SEA,CH,0.0026049737352877855,2,103.0,2.5434,True,206.0,2
"Díaz, Jhonathan",SEA,CU,-0.002340525621548295,1,88.0,1.8562,True,88.0,1
"Díaz, Jhonathan",SEA,SI,-0.0053079666492218775,15,92.7,0.8879,False,1391.0,15
"Díaz, Jhonathan",SEA,ST,0.003488849278905296,7,88.0,1.4764,False,616.0,7
"Díaz, Yilber",ARI,CU,-0.0006955968565307558,4,91.5,1.541,False,366.0,4
"Díaz, Yilber",ARI,FF,-0.004811835532934681,27,92.3,0.6196,False,2492.0,27
"Díaz, Yilber",ARI,SL,0.006819947980917417,13,102.5,0.9174,False,1333.0,13
"Díaz, Yilber",DET,FF,0.0027430911407175635,41,106.8,0.564,False,4380.0,41
"Díaz, Yilber",DET,SL,0.004348223454144318,61,96.6,1.2817,False,5892.0,61
"Early, Connelly",BOS,CH,0.0034770501620887996,279,104.5,0.9882,False,29151.0,279
"Early, Connelly",BOS,CU,0.00060973879690097,162,94.2,0.9773,False,15265.0,162
"Early, Connelly",BOS,FC,-0.0027818639548957257,123,93.3,0.8919,False,11472.0,123
"Early, Connelly",BOS,FF,0.0004552065702807071,534,102.5,0.6294,False,54716.0,534
"Early, Connelly",BOS,SI,-0.006570001892892013,306,90.3,0.8089,False,27647.0,306
"Early, Connelly",BOS,ST,0.005045683343269047,124,91.9,1.1026,False,11397.0,124
"Early, Connelly",WSH,CH,0.008871187176555394,5,114.8,,False,574.0,5
"Early, Connelly",WSH,CU,0.0024069269420579076,3,98.0,,False,294.0,3
"Early, Connelly",WSH,FC,0.006314155180007219,1,121.0,,False,121.0,1
"Early, Connelly",WSH,FF,-0.005643056365079247,10,90.7,,False,907.0,10
"Early, Connelly",WSH,SI,-0.004557526006828993,10,93.9,,False,939.0,10
"Early, Connelly",WSH,ST,0.006262975838035345,5,95.0,,False,475.0,5
"Eder, Jake",LAD,CH,0.0013709163758903742,1,100.0,1.0394,False,100.0,1
"Eder, Jake",LAD,CU,0.0005976304164505564,2,94.5,1.2125,False,189.0,2
"Eder, Jake",LAD,FF,-0.00854338981055965,33,85.3,0.6723,False,2814.0,33
"Eder, Jake",LAD,SI,3.431737786740996e-05,1,102.0,1.1054,False,102.0,1
"Eder, Jake",LAD,SL,0.003945555754686019,19,95.7,0.9186,False,1818.0,19
"Edwards Jr., Carl",NYM,CH,-0.0005016303548472933,16,96.9,0.6664,False,1550.0,16
"Edwards Jr., Carl",NYM,CU,-0.0016864469658078936,30,89.3,0.8204,False,2680.0,30
"Edwards Jr., Carl",NYM,FF,0.0034944570911905446,53,108.3,0.4865,False,5738.0,53
"Eflin, Zach",BAL,CU,0.005677967637893744,16,105.1,0.6175,False,1681.0,16
"Eflin, Zach",BAL,FC,0.0005886440736834298,11,103.5,0.5096,False,1139.0,11
"Eflin, Zach",BAL,FF,-0.00876412884930947,7,84.7,0.6101,False,593.0,7
"Eflin, Zach",BAL,FS,-0.00016945618891010158,19,92.3,0.7946,False,1753.0,19
"Eflin, Zach",BAL,SI,-0.001983279428843941,14,98.8,0.5343,False,1383.0,14
"Eflin, Zach",BAL,ST,0.005790132181053715,7,93.7,0.7613,False,656.0,7
"Eisert, Brandon",CWS,CH,-0.002537639153326216,110,92.9,0.6774,False,10221.0,110
"Eisert, Brandon",CWS,FF,-0.0038184277891836764,197,94.3,0.5726,False,18569.0,197
"Eisert, Brandon",CWS,SI,-0.0018320965793784982,34,99.1,0.9375,False,3368.0,34
"Eisert, Brandon",CWS,SL,0.004086806834190308,165,95.9,0.6618,False,15828.0,165
"Eisert, Brandon",PIT,CH,-0.0031199929580907337,37,91.9,0.7029,False,3399.0,37
"Eisert, Brandon",PIT,FF,-0.002537738985062136,113,96.7,0.5903,False,10927.0,113
"Eisert, Brandon",PIT,SI,-0.0022314170047665308,19,98.2,0.9577,False,1866.0,19
"Eisert, Brandon",PIT,SL,0.003011737461989519,109,93.3,0.7499,False,10172.0,109
"Ekness, Josh",MIA,FF,0.01408853262212991,288,129.6,1.0123,False,38504.0,297
"Ekness, Josh",MIA,SI,0.010537948362980387,64,121.4,1.5592,False,8137.0,67
"Ekness, Josh",MIA,SL,0.006348614640639584,46,101.3,1.5054,False,4662.0,46
"Ekness, Josh",MIA,ST,0.01686236209127318,137,122.0,1.579,False,16955.0,139
"Elder, Bryce",ATL,CH,-0.0011931197885479646,278,95.5,1.2109,False,26552.0,278
"Elder, Bryce",ATL,CU,-0.0003076697830692865,2,92.5,1.3495,False,185.0,2
"Elder, Bryce",ATL,FC,-0.00298483783629413,321,92.7,1.0318,False,29744.0,321
"Elder, Bryce",ATL,FF,-0.008332394704878553,519,85.6,0.6251,False,44441.0,519
"Elder, Bryce",ATL,SI,-0.004076020829560002,625,94.9,0.6204,False,59330.0,625
"Elder, Bryce",ATL,SL,0.0010117749208466194,500,88.5,0.7652,False,44241.0,500
"Emanuel, Kent",CIN,CH,-0.008448352961315086,23,81.6,0.8335,False,1877.0,23
"Emanuel, Kent",CIN,FC,-0.005239064480701927,20,85.8,1.468,False,1716.0,20
"Emanuel, Kent",CIN,SI,-0.01164347903923718,27,81.1,0.6213,False,2189.0,27
"Emanuel, Kent",CIN,ST,0.0011154320046234017,26,81.8,1.0735,False,2127.0,26
"Englert, Mason",TBR,CH,0.0036721345622936497,178,104.9,1.1419,False,18671.0,178
"Englert, Mason",TBR,CU,0.0019647799099263763,131,97.1,1.1556,False,12721.0,131
"Englert, Mason",TBR,FC,-0.002615821510292809,71,93.8,0.9973,False,6658.0,71
"Englert, Mason",TBR,FF,-0.003669367737159446,113,94.6,0.8721,False,10688.0,113
"Englert, Mason",TBR,SI,-0.0040784443214188625,135,94.9,0.7283,False,12809.0,135
"Englert, Mason",TBR,SL,0.00036869450752205653,34,87.1,1.1195,False,2961.0,34
"Englert, Mason",TBR,ST,0.006013138277921826,2,94.5,1.2895,False,189.0,2
"Enns, Dietrich",BAL,CH,0.005271114475070104,59,108.0,0.749,False,6370.0,59
"Enns, Dietrich",BAL,CU,-0.003572379457182251,16,85.2,0.9133,False,1364.0,16
"Enns, Dietrich",BAL,FF,-0.005512512220821009,160,91.0,0.4275,False,14560.0,160
"Enns, Dietrich",BAL,SL,0.004754677673316047,29,97.6,0.7053,False,2829.0,29
"Enns, Dietrich",BAL,ST,0.0009785612131020538,27,81.4,1.4396,False,2198.0,27
"Eovaldi, Nathan",TEX,CU,-0.00270636349356446,492,87.2,0.673,False,42897.0,492
"Eovaldi, Nathan",TEX,FC,-0.0011071898177837385,428,98.3,0.4879,False,42089.0,428
"Eovaldi, Nathan",TEX,FF,-0.004376483858932062,321,93.2,0.4525,False,29910.0,321
"Eovaldi, Nathan",TEX,FS,0.006809434660216146,831,104.0,0.5128,False,86425.0,831
"Eovaldi, Nathan",TEX,SI,0.0006197062320216387,138,103.5,0.6363,False,14286.0,138
"Eovaldi, Nathan",TEX,SL,0.0052218510067581925,9,98.8,0.7493,False,889.0,9
"Erceg, Lucas",KCR,CH,0.0020403939280270096,119,101.6,0.7178,False,12391.0,122
"Erceg, Lucas",KCR,FC,0.005586017712630564,16,118.4,1.119,False,2132.0,18
"Erceg, Lucas",KCR,FF,-0.0030009357450446676,244,96.1,0.6584,False,24109.0,251
"Erceg, Lucas",KCR,SI,0.000773753544014692,257,103.8,0.6298,False,26893.0,259
"Erceg, Lucas",KCR,SL,0.005037186860337692,248,98.2,0.8742,False,24651.0,251
"Espada, Jose",BAL,FF,-0.0035195153856572383,6,94.8,0.6177,False,569.0,6
"Espada, Jose",BAL,SI,-0.009663381613790989,1,85.0,1.0136,False,85.0,1
"Espada, Jose",BAL,SL,0.003740448817552533,8,95.2,1.1765,False,762.0,8
"Espino, Daniel",CLE,CU,0.0019958101562224328,25,97.2,1.4221,False,2431.0,25
"Espino, Daniel",CLE,FF,0.006121913669760044,169,113.3,0.6333,False,19153.0,169
"Espino, Daniel",CLE,SL,0.013834850455905441,79,119.4,0.9997,False,9433.0,79
"Estes, Joey",ATH,CH,-0.005755332356784493,8,86.8,0.9409,False,694.0,8
"Estes, Joey",ATH,FC,0.0015015464441603399,24,106.4,0.9848,False,2553.0,24
"Estes, Joey",ATH,FF,-0.0006366144558082201,42,100.3,0.5699,False,4214.0,42
"Estes, Joey",ATH,SI,-0.01065291612493721,11,82.8,0.7276,False,911.0,11
"Estes, Joey",ATH,SL,-0.0002342951596195538,12,85.4,1.0722,False,1025.0,12
"Estes, Joey",ATH,ST,0.006783206414703662,28,96.4,0.9951,False,2700.0,28
"Estrada, Jeremiah",SDP,CH,0.012625822645509842,164,122.1,0.9977,False,20021.0,164
"Estrada, Jeremiah",SDP,FF,0.004752976541415388,299,110.7,0.5967,False,33106.0,299
"Estrada, Jeremiah",SDP,SL,0.006191338469483414,49,101.0,0.8546,False,4947.0,49
"Estrada, Lazaro",TOR,CU,0.004198238073464332,37,101.9,1.1607,False,3769.0,37
"Estrada, Lazaro",TOR,FC,-0.0011109669606041818,54,98.4,1.1218,False,5313.0,54
"Estrada, Lazaro",TOR,FF,-0.0005836269693906733,101,100.5,0.7507,False,10151.0,101
"Estrada, Lazaro",TOR,FS,-0.00026281168850670965,14,92.0,1.7162,False,1288.0,14
"Estrada, Lazaro",TOR,SL,0.00564916618168354,22,99.7,1.1077,False,2194.0,22
"Estévez, Carlos",KCR,CH,-0.004230413901192757,6,89.7,1.0826,False,538.0,6
"Estévez, Carlos",KCR,FF,-0.007133719425958892,15,88.0,0.7895,False,1320.0,15
"Estévez, Carlos",KCR,SL,-0.0021858011023141444,6,80.7,0.9874,False,484.0,6
"Fairbanks, Pete",MIA,CH,0.002048154164535495,13,101.8,1.2361,False,1323.0,13
"Fairbanks, Pete",MIA,CU,0.012654385142710606,201,119.9,0.8054,False,24097.0,201
"Fairbanks, Pete",MIA,FF,0.002601872331671162,374,106.6,0.5073,False,39866.0,374
"Fairbanks, Pete",MIA,SL,0.022423972821731666,178,140.1,1.1385,False,24945.0,178
"Falter, Bailey",ATL,CH,0.004369028611108661,2,106.0,1.3324,False,212.0,2
"Falter, Bailey",ATL,FF,-0.00985673566863529,19,82.7,0.8441,False,1571.0,19
"Falter, Bailey",ATL,SI,-0.010037761181592941,1,84.0,1.4562,False,84.0,1
"Falter, Bailey",ATL,SL,-0.0015657523840976258,15,82.3,0.8272,False,1235.0,15
"Falter, Bailey",KCR,CH,7.84536500254439e-05,18,97.9,1.3567,False,1762.0,18
"Falter, Bailey",KCR,CU,-0.005260510883732315,17,81.6,0.6787,False,1387.0,17
"Falter, Bailey",KCR,FF,-0.0030417154308116615,103,95.8,0.5138,False,9866.0,103
"Falter, Bailey",KCR,SI,-0.006484657991677523,1,91.0,0.8536,False,91.0,1
"Falter, Bailey",KCR,SL,0.0006900107615842344,41,87.7,0.7879,False,3597.0,41
"Farris, Mitch",LAA,CH,0.007397742644938336,245,112.0,1.0244,False,27449.0,245
"Farris, Mitch",LAA,FC,-0.011235206975410415,151,67.6,1.2573,False,10201.0,151
"Farris, Mitch",LAA,FF,-0.010629948263846363,431,81.2,0.6109,False,34996.0,431
"Farris, Mitch",LAA,SL,-0.000564555120388886,134,84.7,1.0352,False,11346.0,134
"Faucher, Calvin",MIA,CU,0.014417542564059724,151,123.7,1.5051,False,18677.0,151
"Faucher, Calvin",MIA,FC,0.009703335579943682,366,131.2,1.4315,False,48529.0,370
"Faucher, Calvin",MIA,FF,-0.001278035208147752,122,99.6,0.9799,False,12743.0,128
"Faucher, Calvin",MIA,SI,0.0018862623304206256,183,106.1,0.8109,False,19954.0,188
"Faucher, Calvin",MIA,SL,0.013212065648047193,31,117.9,1.4396,False,3656.0,31
"Faucher, Calvin",MIA,ST,0.013200701511856556,289,112.9,1.5606,False,33641.0,298
"Fedde, Erick",CWS,CH,-0.007026148443967233,270,84.3,0.6279,False,22761.0,270
"Fedde, Erick",CWS,CU,0.001462110923966975,8,96.0,1.0934,False,768.0,8
"Fedde, Erick",CWS,FC,-0.002826025824321422,431,93.1,0.4217,False,40137.0,431
"Fedde, Erick",CWS,SI,-0.008979561694175216,786,85.9,0.4631,False,67530.0,786
"Fedde, Erick",CWS,ST,0.006421421156057334,917,95.4,0.7886,False,87524.0,917
"Feltner, Ryan",COL,CH,0.0002658964819721931,380,98.3,0.7152,False,37358.0,380
"Feltner, Ryan",COL,CU,-0.0005096676377089545,132,91.9,0.9493,False,12131.0,132
"Feltner, Ryan",COL,FF,-0.001957275234873729,600,97.8,0.5748,False,58692.0,600
"Feltner, Ryan",COL,SI,-0.000675160288252107,273,101.1,0.6217,False,27609.0,273
"Feltner, Ryan",COL,SL,0.0009786302015741665,471,88.4,0.6689,False,41648.0,471
"Feltner, Ryan",COL,ST,0.005320782027561839,193,92.6,1.0059,False,17880.0,193
"Ferguson, Caleb",CIN,CU,-6.963965202544387e-05,64,92.8,1.3605,False,5937.0,64
"Ferguson, Caleb",CIN,FF,-0.0017305599731270824,118,98.3,0.9069,False,11601.0,118
"Ferguson, Caleb",CIN,SI,-0.0016548678999299682,128,99.3,0.7895,False,12716.0,128
"Ferguson, Caleb",CIN,SL,0.0011406019351187962,104,88.9,1.1724,False,9243.0,104
"Ferguson, Caleb",STL,CU,-0.00034003098893056933,30,92.2,1.4173,False,2766.0,30
"Ferguson, Caleb",STL,FF,-0.0051077333619640045,34,91.8,0.8241,False,3120.0,34
"Ferguson, Caleb",STL,SI,-0.0018073420435558223,62,99.1,0.8011,False,6142.0,62
"Ferguson, Caleb",STL,SL,0.001030299985122047,46,88.5,1.2239,False,4071.0,46
"Ferguson, Tyler",ATH,FC,-0.001707912073470652,1,97.0,1.0205,False,97.0,1
"Ferguson, Tyler",ATH,FF,-0.004327841638587415,10,93.4,0.4493,False,934.0,10
"Ferguson, Tyler",ATH,FS,0.0018950873442615073,3,95.7,0.9613,False,287.0,3
"Ferguson, Tyler",ATH,SI,0.005885023972950876,4,113.2,0.5059,False,453.0,4
"Ferguson, Tyler",ATH,SL,0.001470991235692054,3,89.7,1.3608,False,269.0,3
"Ferguson, Tyler",ATH,ST,0.011009334679692983,5,107.2,0.7118,False,536.0,5
"Ferguson, Tyler",CHC,CU,0.001818654011003673,1,97.0,1.2262,False,97.0,1
"Ferguson, Tyler",CHC,FC,0.0027830780018121004,1,110.0,1.1614,False,110.0,1
"Ferguson, Tyler",CHC,FF,-0.0009897374692372978,125,99.7,0.5608,False,12457.0,125
"Ferguson, Tyler",CHC,FS,1.534387411084026e-05,15,92.5,1.0271,False,1388.0,15
"Ferguson, Tyler",CHC,SI,0.0027341066434019012,24,107.4,0.704,False,2577.0,24
"Ferguson, Tyler",CHC,SL,0.0055600882666252665,52,99.4,0.9532,False,5171.0,52
"Ferguson, Tyler",CHC,ST,0.012574846575948961,49,111.1,0.8326,False,5444.0,49
"Fermin, José",LAA,CH,-0.002526727965596365,40,93.0,1.4551,False,3718.0,40
"Fermin, José",LAA,FF,-0.00025782602797470877,67,101.1,0.8359,False,6777.0,67
"Fermin, José",LAA,SI,0.0025808005432425315,301,107.1,0.8135,False,32245.0,301
"Fermin, José",LAA,SL,0.006638134284594662,572,102.1,1.0916,False,58384.0,572
"Fernandez, Ryan",STL,CH,0.008399949300244612,46,113.9,0.8276,False,5240.0,46
"Fernandez, Ryan",STL,FC,-0.0035523842260077156,17,90.9,1.1644,False,1546.0,17
"Fernandez, Ryan",STL,FF,-0.0012086004827814088,156,99.3,0.594,False,15488.0,156
"Fernandez, Ryan",STL,SL,0.008213571438405086,168,105.8,0.6871,False,17782.0,168
"Fernández, Julian",WSH,FF,0.000454693456136045,42,102.5,0.6183,False,4303.0,42
"Fernández, Julian",WSH,FS,0.0058408428348825665,29,102.3,1.2621,False,2966.0,29
"Ferrer, José A.",SEA,CH,0.0051324754697872075,196,107.7,1.0306,False,21111.0,196
"Ferrer, José A.",SEA,SI,0.003368893062130144,757,108.6,0.5087,False,82316.0,758
"Ferrer, José A.",SEA,SL,0.00844964080798651,136,106.4,1.0538,False,14476.0,136
"Festa, Matt",CLE,FF,0.0004739090411522134,596,102.5,0.5512,False,61096.0,596
"Festa, Matt",CLE,SI,-0.007887876968463667,65,87.9,0.7764,False,5716.0,65
"Festa, Matt",CLE,ST,0.009261021284247464,441,102.7,0.6633,False,45292.0,441
"Finnegan, Kyle",DET,FF,0.0023791528459112363,548,106.2,0.4843,False,58175.0,548
"Finnegan, Kyle",DET,FS,0.005999814358763918,336,102.6,0.9582,False,34486.0,336
"Finnegan, Kyle",DET,SL,0.007065013992738141,178,103.1,0.7923,False,18354.0,178
"Fisher, Braydon",TOR,CU,0.0027003091002282625,372,98.7,0.8957,False,36715.0,372
"Fisher, Braydon",TOR,FC,-0.013095243890159603,29,61.9,1.3704,False,1794.0,29
"Fisher, Braydon",TOR,FF,-0.012731226012421779,247,77.2,0.6531,False,19066.0,247
"Fisher, Braydon",TOR,SI,-0.013646146282553673,2,77.5,1.7032,False,155.0,2
"Fisher, Braydon",TOR,SL,0.007926928643689397,606,105.2,0.8023,False,63725.0,606
"Fitzpatrick, Brian",MIL,CH,-0.0009812885441028306,36,96.0,1.7036,False,3456.0,36
"Fitzpatrick, Brian",MIL,FC,-0.0029133026822819375,20,93.0,1.1313,False,1859.0,20
"Fitzpatrick, Brian",MIL,FF,-0.008106127281540207,21,86.1,1.1028,False,1808.0,21
"Fitzpatrick, Brian",MIL,SI,-0.011985128815550443,22,80.2,1.0717,False,1765.0,22
"Fitzpatrick, Brian",MIL,ST,0.005302546382881701,10,92.5,1.5187,False,925.0,10
"Flaherty, Jack",DET,CH,-0.00854479115479058,41,80.9,0.778,False,3478.0,43
"Flaherty, Jack",DET,CU,0.002379314886917605,320,98.0,0.5046,False,31462.0,321
"Flaherty, Jack",DET,FF,0.0012531714346734693,804,104.0,0.3561,False,84683.0,814
"Flaherty, Jack",DET,SI,-0.011325693368570157,76,81.6,0.6643,False,6204.0,76
"Flaherty, Jack",DET,SL,0.002078834974731511,398,91.1,0.5609,False,36798.0,404
"Fleming, Josh",TOR,CH,0.0010346876273009304,18,99.6,0.5817,False,1793.0,18
"Fleming, Josh",TOR,FC,-0.001253309368621558,4,98.0,0.6357,False,392.0,4
"Fleming, Josh",TOR,SI,-0.0019585971250339284,29,98.8,0.5167,False,2865.0,29
"Fleming, Josh",TOR,ST,0.00605899757759359,26,94.5,0.9926,False,2456.0,26
"Fluharty, Mason",TOR,CH,-0.00798776864484396,105,82.7,1.6729,False,8847.0,107
"Fluharty, Mason",TOR,FC,0.0012095682133208383,513,105.3,1.4857,False,54355.0,516
"Fluharty, Mason",TOR,ST,0.006700503971128599,409,96.1,1.5062,False,39494.0,411
"Foley, Jason",SFG,FF,-0.00202968179313329,68,97.1,0.8167,False,7382.0,76
"Foley, Jason",SFG,FS,-0.000826356826840564,61,91.0,1.6084,False,5553.0,61
"Foley, Jason",SFG,SI,0.0017609551270808016,190,105.6,0.6611,False,20275.0,192
"Foley, Jason",SFG,SL,0.006599278614566286,114,102.2,0.7359,False,12167.0,119
"Foster, Cameron",BAL,FC,-0.001554490005769606,38,97.0,1.0452,False,3686.0,38
"Foster, Cameron",BAL,FF,-0.0002752239280611816,110,101.1,0.6727,False,11117.0,110
"Foster, Cameron",BAL,SL,0.004456424644847241,41,96.8,0.9862,False,3968.0,41
"France, J.P.",HOU,CH,-0.005521928974000427,18,87.2,0.9391,False,1569.0,18
"France, J.P.",HOU,CU,0.0009652744417756119,33,94.9,0.6746,False,3133.0,33
"France, J.P.",HOU,FF,-0.0067766140698670195,26,88.5,0.5015,False,2300.0,26
"France, J.P.",HOU,SI,-0.0047246832206534846,6,93.7,0.9384,False,562.0,6
"France, J.P.",HOU,SL,-0.0003208441646873123,27,85.3,0.7881,False,2303.0,27
"France, J.P.",HOU,ST,0.015206726001841682,7,117.9,0.9765,False,825.0,7
"Franco, Jose",CIN,CH,-0.004243051813899272,47,89.6,1.0988,False,4213.0,47
"Franco, Jose",CIN,FF,-0.0026929698358787776,159,96.4,0.6874,False,15326.0,159
"Franco, Jose",CIN,SL,0.004553235935398992,141,97.1,0.9047,False,13690.0,141
"Frasso, Nick",COL,CH,-0.0023800613272853413,94,93.5,2.1358,True,8975.0,96
"Frasso, Nick",COL,CU,0.0028408695583320444,21,99.0,1.7113,False,2078.0,21
"Frasso, Nick",COL,FC,-0.002824373782641487,45,93.2,1.7381,False,4473.0,48
"Frasso, Nick",COL,FF,0.0005926335653171509,209,103.1,1.3248,False,22269.0,216
"Frasso, Nick",COL,SL,0.008098793282572712,7,104.8,1.5891,False,943.0,9
"Freeland, Kyle",COL,CH,-0.011352014410394158,286,76.1,0.7056,False,22441.0,295
"Freeland, Kyle",COL,CU,0.0011510743879183946,494,95.4,0.5475,False,49060.0,514
"Freeland, Kyle",COL,FC,-0.003592661403597254,447,90.8,0.6677,False,41126.0,453
"Freeland, Kyle",COL,FF,-0.005947516214518605,505,90.1,0.4102,False,46739.0,519
"Freeland, Kyle",COL,SI,-0.010499871983026977,209,83.3,0.641,False,18160.0,218
"Freeland, Kyle",COL,ST,0.002163434886337637,183,84.6,0.6784,False,15817.0,187
"Fried, Max",NYY,CH,-0.006985295283261732,205,84.4,0.7402,False,17292.0,205
"Fried, Max",NYY,CU,0.00474522605292718,231,103.1,0.6575,False,23816.0,231
"Fried, Max",NYY,FC,-0.0014910310238496823,377,97.2,0.6095,False,36637.0,377
"Fried, Max",NYY,FF,-0.0008807831973778472,300,99.9,0.6428,False,29978.0,300
"Fried, Max",NYY,SI,-0.004954585810056677,357,93.3,0.5778,False,33306.0,357
"Fried, Max",NYY,SL,-0.00022761529980390847,17,85.5,1.1082,False,1454.0,17
"Fried, Max",NYY,ST,0.004520636779880644,209,90.6,0.9129,False,18933.0,209
"Fuentes, Didier",ATL,CH,-0.0010865661824936979,84,95.7,1.2947,False,8041.0,84
"Fuentes, Didier",ATL,CU,0.004737992421723902,4,103.2,1.3926,False,413.0,4
"Fuentes, Didier",ATL,FF,0.00863932341956064,847,118.2,0.7266,False,100094.0,847
"Fuentes, Didier",ATL,SL,0.007007916877756617,296,103.0,0.8142,False,30474.0,296
"Fulmer, Michael",LAA,CH,-0.0033050866331905127,8,91.4,0.9806,False,731.0,8
"Fulmer, Michael",LAA,FF,-0.003072303098936876,6,95.7,0.6343,False,574.0,6
"Fulmer, Michael",LAA,SI,-0.002250521839596331,10,98.2,0.7065,False,982.0,10
"Fulmer, Michael",LAA,SL,0.004937823863549377,17,98.0,0.8129,False,1666.0,17
"Fulmer, Michael",LAA,ST,0.006644830267759971,16,96.1,0.8303,False,1537.0,16
"Fulmer, Michael",NYY,CH,-0.0045584885810967535,24,89.0,0.9169,False,2135.0,24
"Fulmer, Michael",NYY,CU,0.005932160886004567,2,106.0,1.2017,False,212.0,2
"Fulmer, Michael",NYY,FF,-0.0023967222089413555,25,97.0,0.7034,False,2424.0,25
"Fulmer, Michael",NYY,SI,-0.000788189711238374,10,101.0,0.7492,False,1010.0,10
"Fulmer, Michael",NYY,SL,0.002693642966711872,86,92.6,0.8125,False,7961.0,86
"Fulmer, Michael",NYY,ST,0.004938651167382583,60,91.6,0.8178,False,5495.0,60
"Fulton, Dax",MIA,CH,-7.802086065566982e-05,32,97.5,1.3222,False,3121.0,32
"Fulton, Dax",MIA,FF,0.0031394076304901604,152,107.6,1.1234,False,16358.0,152
"Fulton, Dax",MIA,SI,-0.0036543418411146495,46,95.7,1.1889,False,4400.0,46
"Fulton, Dax",MIA,SL,0.0035416023656580364,96,94.6,1.2388,False,9083.0,96
"Fulton, Dax",MIA,ST,0.006832381773420862,153,96.5,1.3833,False,14762.0,153
"Funderburk, Kody",MIN,CH,-0.0030326823231435437,51,92.0,1.2849,False,4690.0,51
"Funderburk, Kody",MIN,FF,-0.0020100480512085664,312,97.7,0.8353,False,30496.0,312
"Funderburk, Kody",MIN,SI,-0.002304972765606862,303,98.2,1.0829,False,29752.0,303
"Funderburk, Kody",MIN,SL,-0.0022515496926239897,36,80.6,1.3011,False,2900.0,36
"Funderburk, Kody",MIN,ST,0.0030718376032612352,174,86.9,1.2723,False,15122.0,174
"Gaddis, Hunter",CLE,CH,-5.267502927715529e-05,196,97.7,0.7635,False,19148.0,196
"Gaddis, Hunter",CLE,FF,0.0009327273276320394,290,103.4,0.5612,False,29978.0,290
"Gaddis, Hunter",CLE,FS,0.004066737036087683,7,99.4,1.8114,True,696.0,7
"Gaddis, Hunter",CLE,SL,0.005953141239920764,490,100.4,0.5457,False,49199.0,490
"Gage, Matt",SFG,FF,-0.010880001219583778,174,80.8,0.836,False,14052.0,174
"Gage, Matt",SFG,FS,-0.0008743256450785945,75,91.0,1.3131,False,6823.0,75
"Gage, Matt",SFG,SI,-0.007672620868372799,41,88.4,1.0253,False,3623.0,41
"Gage, Matt",SFG,SL,0.0010738124811440284,236,88.7,0.9635,False,20924.0,236
"Gallen, Zac",ARI,CH,-0.0015803812745213046,302,94.8,0.4509,False,28624.0,302
"Gallen, Zac",ARI,CU,0.0009114461590935675,330,94.9,0.4435,False,31311.0,330
"Gallen, Zac",ARI,FF,-0.0012330633870579267,614,99.2,0.3507,False,60932.0,614
"Gallen, Zac",ARI,SI,-0.004189485335874896,94,94.7,0.6198,False,8901.0,94
"Gallen, Zac",ARI,SL,0.001129850814539033,391,88.8,0.6484,False,34716.0,391
"Gamboa, Alec",BOS,CU,-0.0009072330503840931,8,91.0,1.4886,False,728.0,8
"Gamboa, Alec",BOS,FF,-0.0029543596547310404,193,95.9,0.8242,False,18512.0,193
"Gamboa, Alec",BOS,FS,0.0060975589398627305,7,102.9,1.4414,False,720.0,7
"Gamboa, Alec",BOS,SI,0.0011447740929297118,102,104.5,1.143,False,10662.0,102
"Gamboa, Alec",BOS,SL,0.007669566956629308,156,104.5,1.0358,False,16305.0,156
"Garcia, Brandyn",ARI,FC,0.003196984661174808,143,111.4,1.8142,True,16264.0,146
"Garcia, Brandyn",ARI,SI,0.0007961807457175479,338,104.0,0.5471,False,35982.0,346
"Garcia, Brandyn",ARI,ST,0.017012711035684476,206,122.5,1.3865,False,26102.0,213
"Garcia, Julian",CIN,FF,0.00106779038325362,217,103.6,1.0245,False,22487.0,217
"Garcia, Julian",CIN,SL,0.005916351688378759,130,100.3,1.2509,False,13042.0,130
"Garcia, Julian",CIN,ST,0.0045439523900774334,365,90.6,1.4548,False,33083.0,365
"Garcia, Rico",BAL,CH,0.006339006401513861,273,110.0,0.6688,False,30035.0,273
"Garcia, Rico",BAL,CU,0.012693830304211468,242,120.0,1.0534,False,29044.0,242
"Garcia, Rico",BAL,FC,0.0013044136156790237,152,105.7,0.963,False,16061.0,152
"Garcia, Rico",BAL,FF,0.004880722698880797,330,111.0,0.6123,False,36617.0,330
"Garcia, Robert",TEX,CH,0.005327638598100748,100,108.1,0.6147,False,10921.0,101
"Garcia, Robert",TEX,FF,0.0018612003675370942,125,105.1,0.4415,False,13347.0,127
"Garcia, Robert",TEX,SL,0.0038774312949248395,58,95.5,0.7346,False,5635.0,59
"García, Luis",MIN,FF,-0.0019420678209927347,9,97.9,0.8033,False,881.0,9
"García, Luis",MIN,FS,0.0019996809095674606,45,95.9,0.7444,False,4314.0,45
"García, Luis",MIN,SI,-0.000906906465223239,66,100.7,0.4931,False,6648.0,66
"García, Luis",MIN,ST,0.00686137518302227,30,96.7,0.6711,False,2900.0,30
"García, Luis",NYM,FS,0.005708516251424474,38,102.1,0.9116,False,3880.0,38
"García, Luis",NYM,SI,0.0018519370693899906,54,105.8,0.6474,False,5713.0,54
"García, Luis",NYM,SL,0.0018441691572661512,3,90.7,1.029,False,272.0,3
"García, Luis",NYM,ST,0.006746993039269,20,96.2,0.7601,False,1924.0,20
"Garrett, Braxton",MIA,CH,0.0011624969860456664,17,100.0,0.8024,False,1700.0,17
"Garrett, Braxton",MIA,FF,-0.004678332634544599,28,92.6,0.7255,False,2594.0,28
"Garrett, Braxton",MIA,SI,-0.007472024901732299,37,88.7,0.535,False,3282.0,37
"Garrett, Braxton",MIA,SL,-0.0010622864773765848,21,83.6,0.6395,False,1755.0,21
"Garrett, Braxton",MIA,ST,0.0023408389565702237,26,85.0,0.9857,False,2210.0,26
"Gasser, Robert",MIL,CH,-0.002720810668521192,187,92.6,1.261,False,17313.0,187
"Gasser, Robert",MIL,FC,-0.0021516013429617713,333,95.2,1.1183,False,31702.0,333
"Gasser, Robert",MIL,FF,-0.0012173551831606514,432,99.2,0.7261,False,42873.0,432
"Gasser, Robert",MIL,SI,-0.0071192134686648015,401,89.3,0.9624,False,35824.0,401
"Gasser, Robert",MIL,ST,0.006830865571381419,464,96.5,1.1718,False,44772.0,464
"Gastelum, Luis",STL,CH,0.006586050052358822,221,110.4,1.7676,False,24409.0,221
"Gastelum, Luis",STL,FF,0.0009902827015834832,187,103.5,0.7931,False,19350.0,187
"Gastelum, Luis",STL,SI,-0.0020065433040144854,50,98.7,0.8969,False,4935.0,50
"Gastelum, Luis",STL,ST,0.0059515438206677145,141,94.2,1.19,False,13285.0,141
"Gausman, Kevin",CHC,CH,0.002197062089203147,81,102.0,0.4635,False,8266.0,81
"Gausman, Kevin",CHC,FF,-0.0012905189515451244,415,99.1,0.388,False,41129.0,415
"Gausman, Kevin",CHC,FS,0.002764608977258831,318,97.1,0.5606,False,30884.0,318
"Gausman, Kevin",CHC,SL,0.002737933615445281,23,92.7,0.6075,False,2132.0,23
"Gausman, Kevin",CHC,ST,0.0050040930948923165,26,91.8,1.1493,False,2388.0,26
"Gausman, Kevin",TOR,CH,0.0028753539160684565,61,103.3,0.4619,False,6302.0,61
"Gausman, Kevin",TOR,FF,-0.0003890084249935013,1106,100.8,0.3314,False,111539.0,1106
"Gausman, Kevin",TOR,FS,0.0033202561357957142,751,98.1,0.5456,False,73666.0,751
"Gausman, Kevin",TOR,SL,0.003767440827979287,221,95.2,0.5237,False,21029.0,221
"Gerber, Joey",NYM,CH,-0.004012144636362791,2,90.0,1.0467,False,180.0,2
"Gerber, Joey",NYM,FC,-0.0002993006847436146,52,100.8,0.9389,False,5243.0,52
"Gerber, Joey",NYM,FF,0.0032045434624056466,70,107.7,0.6712,False,7541.0,70
"Gerber, Joey",NYM,SL,0.0023623761895578354,5,91.8,0.9332,False,459.0,5
"Gervase, Paul",LAD,FC,-0.002114222070974249,19,95.2,1.2526,True,1809.0,19
"Gervase, Paul",LAD,FF,0.0008424620189378567,55,103.2,0.7522,True,5678.0,55
"Gervase, Paul",LAD,FS,9.960378520190716e-05,2,93.0,1.6194,True,186.0,2
"Gervase, Paul",LAD,SL,0.001796113464024529,48,90.3,0.9173,True,4336.0,48
"Gibson, Cade",MIA,CH,-0.0029282999730148238,74,92.2,0.986,False,6822.0,74
"Gibson, Cade",MIA,CU,0.0071351385578726995,184,108.2,0.6527,False,19900.0,184
"Gibson, Cade",MIA,FF,-0.006802662287511686,42,88.5,0.7736,False,3719.0,42
"Gibson, Cade",MIA,SI,-0.006800132904477323,200,89.9,0.6187,False,17988.0,200
"Gibson, Cade",MIA,SL,0.005379327343286735,140,99.0,0.8684,False,13862.0,140
"Gibson, Cade",MIA,ST,0.008362203905131012,236,100.4,1.2007,False,23693.0,236
"Gibson, Trey",BAL,CU,0.006371615284833273,95,106.5,1.4275,False,10117.0,95
"Gibson, Trey",BAL,FC,0.005413437980579212,140,118.2,1.1401,False,16547.0,140
"Gibson, Trey",BAL,FF,-0.004818632246295714,149,92.3,1.0178,False,13758.0,149
"Gibson, Trey",BAL,SI,0.0006462500991553746,165,103.6,0.8888,False,17095.0,165
"Gibson, Trey",BAL,SL,0.010899060522012102,150,112.3,1.2771,False,16850.0,150
"Gibson, Trey",BAL,ST,0.017767439130693674,12,124.4,1.4089,False,1493.0,12
"Gil, Luis",NYY,CH,-0.0018276386639552152,97,94.2,0.6314,False,9142.0,97
"Gil, Luis",NYY,FF,0.0036599422293345308,254,108.6,0.4618,False,27589.0,254
"Gil, Luis",NYY,SI,-0.0006830142046965193,44,101.2,1.1161,False,4453.0,44
"Gil, Luis",NYY,SL,0.00816616774098671,101,105.8,0.6677,False,10681.0,101
"Gilbert, Logan",SEA,CH,0.006844130371309932,211,110.9,1.2744,False,23845.0,215
"Gilbert, Logan",SEA,FC,-0.0033963446111245246,149,91.3,0.7474,False,13786.0,151
"Gilbert, Logan",SEA,FF,0.0020337979659589543,1176,105.6,0.4431,False,125351.0,1187
"Gilbert, Logan",SEA,FS,0.007700696911107967,434,105.6,0.9304,False,47217.0,447
"Gilbert, Logan",SEA,SI,0.00436500352807343,10,111.3,1.3695,False,2004.0,18
"Gilbert, Logan",SEA,SL,0.011152914283895834,729,113.1,0.6424,False,84249.0,745
"Gilbert, Logan",SEA,ST,0.0058396838045501635,210,94.1,0.741,False,20410.0,217
"Gilbert, Tyler",CWS,FC,0.0010658039416953484,17,104.9,1.3077,False,1783.0,17
"Gilbert, Tyler",CWS,FF,-0.005776981751506145,13,90.5,1.0808,False,1177.0,13
"Gilbert, Tyler",CWS,FS,-0.01178048551082611,3,72.3,1.4054,False,217.0,3
"Gilbert, Tyler",CWS,SI,-0.0023360261615240374,52,98.2,0.8659,False,5106.0,52
"Gilbert, Tyler",CWS,ST,0.005213313824520922,49,92.4,0.9159,False,4526.0,49
"Ginkel, Kevin",ARI,FF,-0.0010285315902274124,499,99.7,0.38,False,50468.0,506
"Ginkel, Kevin",ARI,SI,0.004098465777133242,48,109.7,0.4942,False,5377.0,49
"Ginkel, Kevin",ARI,SL,0.006622383773967787,509,102.0,0.5341,False,52720.0,517
"Ginn, J.T.",ATH,CH,-0.003610847645847868,434,90.8,0.7413,False,39424.0,434
"Ginn, J.T.",ATH,FC,-0.004139018879869975,349,89.1,0.9104,False,31112.0,349
"Ginn, J.T.",ATH,FF,-0.008279214600464449,252,85.7,0.9505,False,21596.0,252
"Ginn, J.T.",ATH,SI,0.0013434308041161906,806,104.9,0.464,False,84534.0,806
"Ginn, J.T.",ATH,SL,0.002693352531504742,344,92.6,0.6804,False,31845.0,344
"Giolito, Lucas",SDP,CH,0.0071924620604582,191,111.6,0.701,False,21325.0,191
"Giolito, Lucas",SDP,CU,-0.002208383477016075,37,88.1,0.9787,False,3261.0,37
"Giolito, Lucas",SDP,FF,-0.010884848674815189,229,80.7,0.4664,False,18484.0,229
"Giolito, Lucas",SDP,SL,-0.0001930618922454008,94,85.6,0.7341,False,8049.0,94
"Glasnow, Tyler",LAD,CU,0.012391104230058568,302,119.3,0.7226,False,36041.0,302
"Glasnow, Tyler",LAD,FF,0.0033695642274731985,397,108.1,0.4371,False,42901.0,397
"Glasnow, Tyler",LAD,SI,0.0037777196452107972,248,109.4,0.565,False,27120.0,248
"Glasnow, Tyler",LAD,SL,0.002830071582066732,202,92.9,0.5816,False,18767.0,202
"Go, Woo-Suk",MIN,CU,0.00253298450283742,13,98.3,1.1016,False,1278.0,13
"Go, Woo-Suk",MIN,FC,-0.0016144025329563661,29,96.8,0.9993,False,2808.0,29
"Go, Woo-Suk",MIN,FF,-0.0028183542094398838,34,96.1,0.7053,False,3268.0,34
"Go, Woo-Suk",MIN,FS,-0.0030630782566731796,10,87.2,1.2131,False,872.0,10
"Gonsolin, Tony",KCR,CU,-0.0003252377500757575,2,92.0,1.0408,False,184.0,2
"Gonsolin, Tony",KCR,FF,-0.011539385827082032,37,79.4,0.5732,False,2937.0,37
"Gonsolin, Tony",KCR,FS,0.005113971950777341,16,101.1,0.7382,False,1618.0,16
"Gonsolin, Tony",KCR,SL,0.0038784669304732233,8,95.6,0.671,False,765.0,8
"Gonzales, Marco",TEX,CH,-0.0007409555529011414,25,96.3,0.6475,False,2408.0,25
"Gonzales, Marco",TEX,CU,0.00035746305017407093,24,93.7,1.5375,False,2249.0,24
"Gonzales, Marco",TEX,FC,-0.005477492480713409,20,85.0,0.5627,False,1700.0,20
"Gonzales, Marco",TEX,FF,-0.0073622862938254215,39,87.5,0.5404,False,3413.0,39
"Gonzales, Marco",TEX,SI,-0.014544520527124405,4,76.0,0.6284,False,304.0,4
"Gonzales, Marco",TEX,SL,-0.0004035972524434328,6,85.2,0.8417,False,511.0,6
"Gonzalez, Domingo",SEA,CH,-0.010153174865990877,2,78.0,1.6103,False,156.0,2
"Gonzalez, Domingo",SEA,FF,0.001027350765070878,48,103.6,0.9209,False,4971.0,48
"Gonzalez, Domingo",SEA,SI,-0.005476477243725888,33,92.4,1.0953,False,3050.0,33
"Gonzalez, Domingo",SEA,SL,0.0042505672349564165,46,96.3,1.2989,False,4430.0,46
"Gordon, Colton",HOU,CH,-0.004999664870556444,25,88.0,0.8781,False,2201.0,25
"Gordon, Colton",HOU,CU,0.000471424893476069,6,93.8,0.8755,False,563.0,6
"Gordon, Colton",HOU,FF,-0.006702710183446187,77,88.7,0.4615,False,6831.0,77
"Gordon, Colton",HOU,SI,-0.008662183612139652,23,86.5,0.6605,False,1989.0,23
"Gordon, Colton",HOU,SL,-0.0023427657184324096,14,80.3,1.0058,False,1124.0,14
"Gordon, Colton",HOU,ST,0.009089996986274076,56,102.2,0.7596,False,5726.0,56
"Gordon, Colton",MIL,CH,-0.010209456730920535,13,78.2,1.4359,False,1017.0,13
"Gordon, Colton",MIL,FF,0.0037125166680198165,5,108.6,0.8662,False,543.0,5
"Gordon, Colton",MIL,SI,-0.0043117611280952895,30,94.5,0.917,False,2835.0,30
"Gordon, Colton",MIL,ST,0.01023228262254799,22,105.1,1.2229,False,2313.0,22
"Gordon, Tanner",COL,CH,0.0009155229051054144,375,99.6,0.737,False,37337.0,375
"Gordon, Tanner",COL,FC,-0.0031778303073177134,385,92.1,0.9268,False,35446.0,385
"Gordon, Tanner",COL,FF,-0.006446995398315873,768,89.2,0.3946,False,68522.0,768
"Gordon, Tanner",COL,SL,-0.001162518173925225,164,83.3,0.8067,False,13656.0,164
"Gore, MacKenzie",TEX,CH,0.0010468615084243784,381,100.0,0.6411,False,38802.0,388
"Gore, MacKenzie",TEX,CU,-0.00011292799914978484,528,92.7,0.5823,False,49225.0,531
"Gore, MacKenzie",TEX,FC,-0.0047884052431610286,181,87.2,0.5144,False,15780.0,181
"Gore, MacKenzie",TEX,FF,-0.0015294743987493455,1357,98.6,0.3693,False,134522.0,1364
"Gore, MacKenzie",TEX,SI,-0.002043863680465501,184,98.0,0.809,False,18628.0,190
"Gore, MacKenzie",TEX,SL,0.005614026629322028,245,99.6,0.711,False,24591.0,247
"Gore, MacKenzie",TEX,ST,0.005501381353287098,52,93.1,1.2672,False,4843.0,52
"Gose, Anthony",KCR,CH,-0.001673649297299562,10,94.6,1.8165,True,946.0,10
"Gose, Anthony",KCR,FF,0.005203157519615354,122,111.6,0.7623,False,13610.0,122
"Gose, Anthony",KCR,SL,0.008822589626174365,67,107.2,1.1508,False,7185.0,67
"Graceffo, Gordon",STL,CH,0.0009992670736295051,166,99.7,1.1188,False,16553.0,166
"Graceffo, Gordon",STL,CU,0.0058209799391261184,100,105.4,0.6541,False,10539.0,100
"Graceffo, Gordon",STL,FC,-0.0031881212347528803,54,92.0,0.8387,False,4969.0,54
"Graceffo, Gordon",STL,FF,-0.005610254705263383,475,90.8,0.5196,False,43137.0,475
"Graceffo, Gordon",STL,SI,-0.0008545955810031722,78,100.8,0.7739,False,7864.0,78
"Graceffo, Gordon",STL,SL,0.008083550023156071,349,105.5,0.6928,False,36835.0,349
"Granillo, Andre",WSH,CH,-0.0028136401902884244,5,92.4,0.9352,False,462.0,5
"Granillo, Andre",WSH,FF,-0.008232396965031512,50,85.8,0.5318,False,4290.0,50
"Granillo, Andre",WSH,SI,-0.0038324943813495336,25,95.3,0.9197,False,2383.0,25
"Granillo, Andre",WSH,SL,0.0012146598461586725,118,89.0,0.7002,False,10501.0,118
"Gray, Josiah",WSH,CH,-0.019980808719992638,1,59.0,1.3376,False,59.0,1
"Gray, Josiah",WSH,CU,-0.000845544898867148,18,91.2,0.781,False,1642.0,18
"Gray, Josiah",WSH,FC,-0.003312134826555848,25,91.6,0.946,False,2291.0,25
"Gray, Josiah",WSH,FF,-0.0075836130999960005,12,87.2,0.7259,False,1046.0,12
"Gray, Josiah",WSH,SL,0.002532356942538172,2,92.0,1.0777,False,184.0,2
"Gray, Peyton",TEX,CH,0.00322171889495318,375,104.0,1.0743,False,39000.0,375
"Gray, Peyton",TEX,FC,0.0010565088951677484,175,105.0,1.2035,False,18368.0,175
"Gray, Peyton",TEX,FF,-7.972631119674371e-05,394,101.4,0.7192,False,39968.0,394
"Gray, Sonny",BOS,CH,-0.003648474770401868,142,90.8,1.0682,False,12894.0,142
"Gray, Sonny",BOS,CU,0.005678285879827918,396,105.1,0.771,False,41600.0,396
"Gray, Sonny",BOS,FF,-0.00681712749646812,442,88.5,0.7348,False,39118.0,442
"Gray, Sonny",BOS,SI,-0.0034817241717750393,537,96.0,0.7317,False,51559.0,537
"Gray, Sonny",BOS,SL,0.001882021155876329,465,90.6,1.2927,False,42124.0,465
"Gray, Sonny",BOS,ST,0.00877175360005637,492,101.5,1.1165,False,49920.0,492
"Greene, Hunter",CIN,FF,0.007468579054103266,244,115.9,0.4553,False,28275.0,244
"Greene, Hunter",CIN,FS,0.007780788818111077,46,105.6,0.9564,False,4859.0,46
"Greene, Hunter",CIN,SI,0.0028504309219507767,21,107.7,0.8072,False,2261.0,21
"Greene, Hunter",CIN,SL,0.010014486951946185,145,110.2,0.6333,False,15978.0,145
"Griffin, Foster",CLE,CH,-0.002417490621847431,117,93.2,1.1314,False,10900.0,117
"Griffin, Foster",CLE,CU,-0.0038960613490503634,42,84.7,1.1713,False,3559.0,42
"Griffin, Foster",CLE,FC,-0.001359444330388772,248,97.6,1.0502,False,24209.0,248
"Griffin, Foster",CLE,FF,-0.005912812855621312,126,90.3,0.6901,False,11372.0,126
"Griffin, Foster",CLE,FS,-8.869076122504634e-06,37,92.4,1.6426,False,3418.0,37
"Griffin, Foster",CLE,SI,-0.005028638630346904,80,93.1,0.8785,False,7447.0,80
"Griffin, Foster",CLE,ST,0.004806664277460842,129,91.3,1.1811,False,11784.0,129
"Griffin, Foster",WSH,CH,0.00013243653654409994,210,98.1,1.1912,False,20592.0,210
"Griffin, Foster",WSH,CU,-0.003869354561122767,209,84.7,1.1836,False,17702.0,209
"Griffin, Foster",WSH,FC,-0.0007279130343154824,672,99.5,0.9994,False,66876.0,672
"Griffin, Foster",WSH,FF,-0.0058597727387008575,337,90.3,0.7179,False,30446.0,337
"Griffin, Foster",WSH,FS,-0.0027815656241313913,123,87.7,1.7578,False,10790.0,123
"Griffin, Foster",WSH,SI,-0.008420084575369155,206,87.0,0.9217,False,17915.0,206
"Griffin, Foster",WSH,ST,0.002767869108784244,296,86.1,1.277,False,25490.0,296
"Grove, Michael",TBR,CU,0.0016029772814363241,7,96.3,1.1801,False,674.0,7
"Grove, Michael",TBR,FC,-0.003028571668047724,14,92.6,1.0988,False,1296.0,14
"Grove, Michael",TBR,FF,-0.0004049160428728689,17,100.8,0.6394,False,1713.0,17
"Grove, Michael",TBR,SI,-0.005543922366889413,17,92.3,0.9634,False,1569.0,17
"Grove, Michael",TBR,SL,0.0035984228015877306,34,94.7,0.9161,False,3220.0,34
"Guerrero, Tyron",BOS,FS,0.011932610983162053,28,112.7,1.6355,False,3155.0,28
"Guerrero, Tyron",BOS,SI,0.006545567095818114,525,114.4,1.1389,False,60064.0,525
"Guerrero, Tyron",BOS,SL,0.016299104119685513,54,125.4,1.3881,False,6769.0,54
"Gusto, Ryan",MIA,CH,0.0030469983762534533,190,103.7,1.1003,False,19701.0,190
"Gusto, Ryan",MIA,CU,0.0006217425850588599,131,94.3,0.9772,False,12354.0,131
"Gusto, Ryan",MIA,FC,-0.0010077468164655689,172,98.7,0.8237,False,16970.0,172
"Gusto, Ryan",MIA,FF,-0.0012922957828995648,409,99.1,0.5468,False,40524.0,409
"Gusto, Ryan",MIA,SI,-0.0012927353135720214,176,100.0,0.7871,False,17607.0,176
"Gusto, Ryan",MIA,SL,0.003774909224494129,169,95.2,0.9111,False,16081.0,169
"Gusto, Ryan",MIA,ST,0.0057047964229246,189,93.6,1.004,False,17697.0,189
"Gómez, Yoendrys",MIN,CH,0.001200498055650628,58,100.2,1.0707,False,5809.0,58
"Gómez, Yoendrys",MIN,FC,0.0015749629788935357,118,106.5,0.8701,False,12568.0,118
"Gómez, Yoendrys",MIN,FF,0.006518904287201885,417,114.1,0.5791,False,47580.0,417
"Gómez, Yoendrys",MIN,SI,0.0012554092667974497,39,104.7,0.7011,False,4084.0,39
"Gómez, Yoendrys",MIN,ST,0.013326355538001653,222,113.1,0.9836,False,25101.0,222
"Gómez, Yoendrys",TBR,CH,-0.009069477984060844,6,80.3,0.9164,False,482.0,6
"Gómez, Yoendrys",TBR,FC,0.0012015951828859093,67,105.4,0.8727,False,7060.0,67
"Gómez, Yoendrys",TBR,FF,0.005045616146368126,115,111.3,0.5089,False,12802.0,115
"Gómez, Yoendrys",TBR,SI,0.0006912676211776038,59,103.7,0.6931,False,6120.0,59
"Gómez, Yoendrys",TBR,ST,0.013354340394703196,51,113.1,0.8837,False,5766.0,51
"Hader, Josh",HOU,SI,0.0034709362830497035,435,108.8,0.4191,False,47320.0,435
"Hader, Josh",HOU,SL,0.0022404055740344684,241,91.5,0.6827,False,22044.0,241
"Hagenman, Justin",NYM,CH,-0.0017389451696847877,30,94.5,0.8294,False,2834.0,30
"Hagenman, Justin",NYM,FC,0.0019200217941235881,36,107.6,0.8551,False,3874.0,36
"Hagenman, Justin",NYM,FF,-0.0020800065686423543,55,97.6,0.8674,False,5370.0,55
"Hagenman, Justin",NYM,SL,0.0029576541750099172,11,93.3,1.1106,False,1026.0,11
"Hall, DL",MIL,CH,0.003066312272075696,152,103.7,1.2537,False,15971.0,154
"Hall, DL",MIL,CU,0.002846231223657014,160,98.9,1.3515,False,16423.0,166
"Hall, DL",MIL,FC,-0.0009772772706734638,6,98.8,1.2909,False,593.0,6
"Hall, DL",MIL,FF,-0.0005847109887404686,117,100.6,1.0597,False,11967.0,119
"Hall, DL",MIL,SI,0.001072029766466956,353,104.4,1.0207,False,37992.0,364
"Hall, DL",MIL,SL,0.006221974652617404,107,101.1,1.2628,False,10919.0,108
"Hall, DL",MIL,ST,0.013748957670457033,77,113.8,1.4691,False,9108.0,80
"Halvorsen, Seth",COL,FF,0.004506682277249328,235,110.3,0.6124,False,25911.0,235
"Halvorsen, Seth",COL,FS,0.00621959357134377,30,103.0,0.8005,False,3089.0,30
"Halvorsen, Seth",COL,SL,0.010905222065577452,110,112.3,1.0984,False,12357.0,110
"Halvorsen, Seth",LAD,FF,0.008949146235513931,78,118.7,0.6297,False,9262.0,78
"Halvorsen, Seth",LAD,FS,0.002581517372163944,17,96.8,0.7643,False,1645.0,17
"Halvorsen, Seth",LAD,SI,0.007552947819931433,10,116.4,0.9694,False,1164.0,10
"Halvorsen, Seth",LAD,SL,0.012120913009999729,41,115.3,1.1017,False,4726.0,41
"Hamilton, Ian",ATL,FF,-0.007786993389599956,25,86.7,0.6955,False,2168.0,25
"Hamilton, Ian",ATL,SI,-0.00475336373783648,10,93.6,0.8556,False,936.0,10
"Hamilton, Ian",ATL,SL,0.002730051643243713,57,92.6,0.9874,False,5280.0,57
"Hancock, Emerson",SEA,CH,-0.0035786854428486686,108,90.9,1.2721,False,9822.0,108
"Hancock, Emerson",SEA,CU,0.002077417234698195,99,97.3,1.6725,False,9632.0,99
"Hancock, Emerson",SEA,FF,0.00041720494816518304,854,102.4,0.9882,False,87445.0,854
"Hancock, Emerson",SEA,SI,-0.0008360732808404893,511,100.9,1.205,False,51554.0,511
"Hancock, Emerson",SEA,SL,0.0030424250470361355,252,93.4,1.2751,False,23526.0,252
"Hancock, Emerson",SEA,ST,0.01304046711718371,347,112.3,1.59,False,38977.0,347
"Hanifee, Brenan",DET,CH,-0.0025864339573308825,25,92.8,0.8893,False,2321.0,25
"Hanifee, Brenan",DET,FF,-0.0036686680037679186,27,94.6,0.5394,False,2553.0,27
"Hanifee, Brenan",DET,SI,0.0009297600585015085,195,104.1,0.3803,False,20303.0,195
"Hanifee, Brenan",DET,SL,0.004492748206217043,74,96.9,0.544,False,7171.0,74
"Hanner, Bradley",NYY,FC,0.0002943753635109816,9,102.6,1.7712,False,923.0,9
"Hanner, Bradley",NYY,FF,0.0035720905955796216,55,108.5,0.8255,False,5965.0,55
"Hanner, Bradley",NYY,SI,-0.005006102292569385,31,93.2,1.0609,False,2889.0,31
"Hanner, Bradley",NYY,ST,0.00826514439276335,33,100.2,1.5579,False,3307.0,33
"Harris, Hogan",ATH,CH,0.009197411185596138,53,115.5,0.7839,False,6122.0,53
"Harris, Hogan",ATH,CU,-0.0003115909948512997,355,92.3,0.7268,False,32769.0,355
"Harris, Hogan",ATH,FC,-0.00708212552126497,14,80.3,1.1877,False,1124.0,14
"Harris, Hogan",ATH,FF,0.001544568817695294,822,104.6,0.5566,False,85944.0,822
"Harris, Hogan",ATH,SL,0.006628424261875539,85,102.0,1.6308,False,8671.0,85
"Harris, Hogan",ATH,ST,-5.8408644690643996e-05,4,78.8,1.0253,False,315.0,4
"Harris, Trent",SFG,CH,-0.004869785625487566,1,88.0,1.983,True,88.0,1
"Harris, Trent",SFG,CU,0.006872546874756853,65,107.7,1.7965,False,7111.0,66
"Harris, Trent",SFG,FC,-0.004609181594720145,108,87.7,2.119,True,9733.0,111
"Harris, Trent",SFG,SI,-0.004912796751341375,80,93.5,1.3776,False,7576.0,81
"Harris, Trent",SFG,SL,0.007566588465124369,2,104.0,1.81,True,208.0,2
"Harris, Trent",SFG,ST,0.010562977391398616,99,106.2,1.8457,True,11361.0,107
"Harrison, Kyle",MIL,CH,0.006151739580906619,187,109.6,1.3724,False,20497.0,187
"Harrison, Kyle",MIL,FC,-0.002903818152844906,1,93.0,1.1947,False,93.0,1
"Harrison, Kyle",MIL,FF,0.005575619521640809,1213,112.3,0.7203,False,136212.0,1213
"Harrison, Kyle",MIL,SI,-0.004511259860548846,27,94.3,0.9758,False,2545.0,27
"Harrison, Kyle",MIL,ST,0.0027716020728178305,678,86.1,1.1252,False,58385.0,678
"Hart, Kyle",SDP,FC,0.0005724137787581964,146,103.4,0.9597,False,15097.0,146
"Hart, Kyle",SDP,FF,-0.000738746612369141,100,100.2,0.7359,False,10020.0,100
"Hart, Kyle",SDP,FS,0.0005064241177959081,214,93.3,1.4297,False,19967.0,214
"Hart, Kyle",SDP,SI,-0.004526661610789957,339,94.1,0.6532,False,31901.0,339
"Hart, Kyle",SDP,ST,0.0103834704614393,272,105.5,1.0224,False,28707.0,272
"Hartlieb, Geoff",ATH,CH,0.0019018443999812007,1,101.0,1.4243,False,101.0,1
"Hartlieb, Geoff",ATH,FC,-0.004121156952377142,70,88.5,0.9302,False,6459.0,73
"Hartlieb, Geoff",ATH,FF,-0.0029503237244445325,126,95.0,0.5971,False,13014.0,137
"Hartlieb, Geoff",ATH,SI,-0.0003854513245417932,69,101.4,0.8017,False,7198.0,71
"Hartlieb, Geoff",ATH,SL,0.004939480931564161,141,98.0,1.0626,False,14902.0,152
"Harvey, Hunter",CHC,CU,-0.0020501219745104513,3,88.7,0.7286,False,266.0,3
"Harvey, Hunter",CHC,FF,0.0013912944077195501,38,104.3,0.424,False,3963.0,38
"Harvey, Hunter",CHC,FS,0.006391845848459828,24,103.3,0.5677,False,2479.0,24
"Harvey, Hunter",CHC,SL,0.00814946461468935,11,105.7,0.736,False,1163.0,11
"Headrick, Brent",NYY,FF,-0.0021159060124948436,624,97.5,0.5754,False,60857.0,624
"Headrick, Brent",NYY,FS,0.0021362947681951277,161,96.1,1.0823,False,15473.0,161
"Headrick, Brent",NYY,SI,-0.003893929917698684,110,95.3,0.9213,False,10479.0,110
"Headrick, Brent",NYY,SL,0.002823180652806094,386,92.9,0.8464,False,35851.0,386
"Heasley, Jonathan",TBR,CH,0.009098087883709619,12,115.2,1.2593,False,1383.0,12
"Heasley, Jonathan",TBR,CU,-0.0025708991258094707,6,87.3,1.0401,False,524.0,6
"Heasley, Jonathan",TBR,FF,-0.008766581960953772,25,84.8,0.6403,False,2121.0,25
"Heasley, Jonathan",TBR,SL,0.0013240330112499318,21,89.2,1.0586,False,1873.0,21
"Helsley, Ryan",BAL,CU,0.004491221551275389,11,102.4,0.7262,False,1126.0,11
"Helsley, Ryan",BAL,FF,0.008075154223432007,123,117.1,0.4546,False,14403.0,123
"Helsley, Ryan",BAL,FS,0.01446465184408501,33,117.1,1.7538,False,3863.0,33
"Helsley, Ryan",BAL,SL,0.016667592053670646,106,126.2,0.5161,False,13377.0,106
"Henderson, Logan",MIL,CH,0.004537884702809812,530,106.6,0.8014,False,56475.0,530
"Henderson, Logan",MIL,FC,-0.0035350896603535817,228,91.0,0.9619,False,20737.0,228
"Henderson, Logan",MIL,FF,0.0017277227519575725,699,104.9,0.5908,False,73338.0,699
"Henderson, Logan",MIL,ST,0.0023762130240356782,48,85.2,1.2827,False,4088.0,48
"Hendrickson, Josh",HOU,CU,-0.0022249081637710335,5,88.4,1.3202,False,442.0,5
"Hendrickson, Josh",HOU,FC,-0.0010503422799956752,16,98.5,1.0311,False,1576.0,16
"Hendrickson, Josh",HOU,FF,-0.003693353823369502,14,94.5,0.6547,False,1323.0,14
"Henriquez, Edgardo",LAD,CU,0.005782482714006086,41,105.2,1.2951,False,4314.0,41
"Henriquez, Edgardo",LAD,FC,0.010095607863932073,143,132.4,1.0942,False,18930.0,143
"Henriquez, Edgardo",LAD,FF,0.01294366902014228,332,126.5,0.7625,False,41983.0,332
"Henriquez, Edgardo",LAD,SI,0.02125322213905747,240,141.4,1.0349,False,33935.0,240
"Henriquez, Edgardo",LAD,SL,0.015339585483504706,212,123.0,1.2637,False,26082.0,212
"Henry, Cole",WSH,FC,-0.0019381113539566285,20,95.8,1.0417,False,1916.0,20
"Henry, Cole",WSH,FF,6.738637855607467e-05,134,101.7,0.5235,False,13632.0,134
"Henry, Cole",WSH,SI,-4.5213926631700376e-05,29,102.3,0.6878,False,2966.0,29
"Henry, Cole",WSH,ST,0.007104613818816201,99,97.1,0.8008,False,9616.0,99
"Hentges, Sam",SFG,CU,0.001442071891427116,115,96.0,0.7238,False,11230.0,117
"Hentges, Sam",SFG,FF,-0.004620681200277083,243,92.7,0.5533,False,23180.0,250
"Hentges, Sam",SFG,SI,-0.005682257172965765,161,91.8,0.6904,False,15153.0,165
"Hentges, Sam",SFG,SL,0.0040885735493031376,147,95.8,0.7653,False,14846.0,155
"Herget, Jimmy",COL,CH,-0.006053005431080106,83,86.1,0.8447,False,7149.0,83
"Herget, Jimmy",COL,FC,0.003866748019406425,291,113.5,0.8843,False,33022.0,291
"Herget, Jimmy",COL,FF,-0.009804717623186139,73,82.8,0.6805,False,6043.0,73
"Herget, Jimmy",COL,SI,-0.005903305384953568,217,91.5,0.7122,False,19861.0,217
"Herget, Jimmy",COL,SL,0.01044355560443364,20,111.2,0.7431,False,2223.0,20
"Herget, Jimmy",COL,ST,0.015878471624522064,262,119.6,0.7614,False,31333.0,262
"Herget, Kevin",NYM,CH,0.0068199798406567425,4,110.8,0.9728,False,443.0,4
"Herget, Kevin",NYM,FC,-0.006276726800327499,3,82.7,1.1055,False,248.0,3
"Herget, Kevin",NYM,FF,-0.012416959507390857,4,77.8,0.6937,False,311.0,4
"Hernández, Carlos",CLE,CU,0.0011569480411708355,1,95.0,1.0981,False,95.0,1
"Hernández, Carlos",CLE,FF,0.007495756449186176,28,116.0,0.5849,False,3248.0,28
"Hernández, Carlos",CLE,FS,0.011160947498865426,12,111.4,1.6172,False,1337.0,12
"Hernández, Carlos",CLE,SL,0.007822951662819832,10,104.8,0.8627,False,1048.0,10
"Hernández, Elieser",ATL,CH,0.001823037039555077,49,101.5,0.7577,False,5077.0,50
"Hernández, Elieser",ATL,FC,-0.004223451658617705,8,89.0,1.3435,False,712.0,8
"Hernández, Elieser",ATL,FF,0.0005078557999683665,77,102.8,0.5086,False,8326.0,81
"Hernández, Elieser",ATL,ST,0.009890710079597066,69,104.3,0.756,False,8132.0,78
"Hernández, Jonathan",LAD,FF,-0.0009990029716839632,71,99.7,0.9541,False,7079.0,71
"Hernández, Jonathan",LAD,FS,0.006473360699601471,6,103.5,1.4039,False,621.0,6
"Hernández, Jonathan",LAD,SI,0.004295157839565127,151,110.3,0.8391,False,16656.0,151
"Hernández, Jonathan",LAD,SL,0.007119465796937663,185,103.2,1.0066,False,19099.0,185
"Herrera, Welinton",COL,CH,-0.008460904105699487,7,81.4,1.1152,False,570.0,7
"Herrera, Welinton",COL,FF,-0.004303050007105672,28,93.4,0.5915,False,2614.0,28
"Herrera, Welinton",COL,SL,0.004513576056342572,10,96.9,1.0737,False,969.0,10
"Herrin, Tim",CLE,FF,-0.00452048046887266,194,93.0,0.8936,False,18033.0,194
"Herrin, Tim",CLE,FS,-0.007754373364150524,4,79.0,1.3824,False,316.0,4
"Herrin, Tim",CLE,SI,-0.0033185444214012465,238,96.3,0.7256,False,22920.0,238
"Herrin, Tim",CLE,SL,0.00028278891022273455,250,86.8,1.1567,False,21688.0,250
"Herrin, Tim",CLE,ST,0.002550176691712182,297,85.6,1.2544,False,25417.0,297
"Herz, DJ",WSH,CH,0.0008711906790722423,20,101.6,0.632,False,3859.0,38
"Herz, DJ",WSH,FC,-0.006468048202805221,11,83.5,1.2219,False,2088.0,25
"Herz, DJ",WSH,FF,0.0006177494224781792,30,95.3,0.3786,False,5910.0,62
"Herz, DJ",WSH,SL,0.0023871480370871723,2,94.7,1.0941,False,284.0,3
"Heuer, Codi",CLE,CH,0.0024734719855073113,46,102.5,0.8986,False,4717.0,46
"Heuer, Codi",CLE,FF,0.0010056609538789817,82,103.5,0.6591,False,8488.0,82
"Heuer, Codi",CLE,SL,0.006077964241009541,61,100.7,0.9142,False,6141.0,61
"Hicks, Jordan",CWS,FF,0.004895966021209031,161,111.0,0.7288,False,17866.0,161
"Hicks, Jordan",CWS,FS,0.008720052636964548,31,107.3,1.3549,False,3327.0,31
"Hicks, Jordan",CWS,SI,0.005000539695340803,427,111.6,0.605,False,47653.0,427
"Hicks, Jordan",CWS,SL,0.010377303786752364,269,111.1,0.9831,False,29877.0,269
"Hill, Jaden",COL,CH,0.001895162626802314,138,101.3,1.2931,False,14690.0,145
"Hill, Jaden",COL,FF,0.0011905046182542618,214,103.8,1.0382,False,22736.0,219
"Hill, Jaden",COL,SI,-0.0027720327365946453,143,97.3,1.1273,False,14007.0,144
"Hill, Jaden",COL,SL,0.007110005826609347,182,103.1,1.2717,False,18976.0,184
"Hill, Tim",NYY,FF,0.0009706423333328631,45,103.4,0.5279,False,4655.0,45
"Hill, Tim",NYY,SI,0.006305383648963546,681,114.0,0.4301,False,77634.0,681
"Hill, Tim",NYY,ST,0.0027477101440631993,90,86.1,2.3132,True,7748.0,90
"Hiraldo, Yaramil",BAL,FF,0.00024070860595469746,85,102.1,0.6243,False,8676.0,85
"Hiraldo, Yaramil",BAL,FS,0.01144479361946805,59,111.9,0.9423,False,6602.0,59
"Hiraldo, Yaramil",BAL,SI,0.0036981781013309956,1,109.0,1.3847,False,109.0,1
"Hiraldo, Yaramil",BAL,SL,0.011613374934919799,48,114.1,0.7637,False,5475.0,48
"Hjerpe, Cooper",STL,CH,-0.0010267105617458583,40,95.8,2.3597,True,3832.0,40
"Hjerpe, Cooper",STL,FC,-0.005555768850172171,24,84.8,2.1152,True,2034.0,24
"Hjerpe, Cooper",STL,FF,-0.00011055621947283119,132,101.4,1.5013,False,13382.0,132
"Hjerpe, Cooper",STL,ST,0.006808373933569689,58,96.5,1.6821,False,5596.0,58
"Hoffman, Jeff",MIN,FF,0.004898698213590884,115,111.0,0.5159,False,12762.0,115
"Hoffman, Jeff",MIN,FS,0.00452244248747145,39,100.2,0.5964,False,3906.0,39
"Hoffman, Jeff",MIN,SL,0.008900801544702361,164,107.5,0.7524,False,17633.0,164
"Hoffman, Jeff",TOR,FF,0.009545525050182148,297,119.9,0.5321,False,35618.0,297
"Hoffman, Jeff",TOR,FS,0.00605005694051215,200,102.7,0.6313,False,20543.0,200
"Hoffman, Jeff",TOR,SI,0.0035868344399204942,20,108.9,0.7497,False,2178.0,20
"Hoffman, Jeff",TOR,SL,0.009680970864831173,376,109.4,0.7065,False,41131.0,376
"Hoffman, Nolan",KCR,CH,3.908526196028106e-05,15,97.0,1.9472,True,1649.0,17
"Hoffman, Nolan",KCR,CU,0.007098769264606138,9,108.2,1.8185,True,974.0,9
"Hoffman, Nolan",KCR,FC,-0.004974101412846076,31,86.4,1.8384,True,2766.0,32
"Hoffman, Nolan",KCR,FF,-0.004229877790619087,28,93.2,1.6506,False,2795.0,30
"Hoffman, Nolan",KCR,SI,0.0035306897481732873,43,108.9,1.3409,False,4793.0,44
"Hoffman, Nolan",KCR,ST,0.006636932741717568,14,96.6,1.7124,False,1449.0,15
"Hoffman, Nolan",PHI,CH,-0.0034501240588724613,3,91.3,1.8665,True,274.0,3
"Hoffman, Nolan",PHI,FC,-0.0021847375277762432,28,95.2,1.8377,True,2665.0,28
"Hoffman, Nolan",PHI,FF,-0.004067138336831704,25,93.8,1.5884,False,2345.0,25
"Hoffman, Nolan",PHI,SI,0.0026127086758303145,15,107.3,1.3137,False,1610.0,15
"Hoffman, Nolan",PHI,ST,0.008883656976236538,11,101.6,1.8042,True,1118.0,11
"Hoffmann, Andrew",ARI,CH,0.007719967911989736,62,112.7,0.8814,False,6987.0,62
"Hoffmann, Andrew",ARI,FF,-0.008788201123561955,105,84.7,0.5809,False,8895.0,105
"Hoffmann, Andrew",ARI,SL,0.0037792196933132335,39,95.2,0.9423,False,3713.0,39
"Holderman, Colin",CLE,CU,0.009395767714724772,90,112.9,1.3808,False,10164.0,90
"Holderman, Colin",CLE,FC,-0.00023328691895585507,1,101.0,1.0526,False,101.0,1
"Holderman, Colin",CLE,FF,0.0008344232151420181,43,103.2,0.8864,False,4438.0,43
"Holderman, Colin",CLE,SI,-8.216378128995059e-05,435,102.2,0.6024,False,44478.0,435
"Holderman, Colin",CLE,ST,0.012242458810659527,288,110.3,0.7316,False,31765.0,288
"Hollowell, Gavin",CHC,CH,0.0028592207185600114,23,103.3,1.61,False,2375.0,23
"Hollowell, Gavin",CHC,FF,0.0016907410140297693,91,104.9,0.8709,False,9542.0,91
"Hollowell, Gavin",CHC,SI,-0.0008703379501377517,59,100.8,0.9636,False,5950.0,59
"Hollowell, Gavin",CHC,ST,0.013594119983852494,86,113.8,1.2148,False,9783.0,86
"Holman, Grant",PHI,FF,4.7414629079867154e-05,16,101.6,0.5736,False,1626.0,16
"Holman, Grant",PHI,FS,0.00900400341488421,15,107.7,0.7429,False,1616.0,15
"Holman, Grant",PHI,SI,-0.0031001539900898933,1,97.0,1.0277,False,97.0,1
"Holman, Grant",PHI,SL,0.005245910258963704,2,99.0,0.9,False,198.0,2
"Holmes, Clay",CHC,CH,-0.008849231225338022,109,80.8,0.8822,False,8803.0,109
"Holmes, Clay",CHC,CU,0.003463319651436413,37,100.3,1.2487,False,3711.0,37
"Holmes, Clay",CHC,FC,-0.005512664560228586,1,85.0,1.082,False,85.0,1
"Holmes, Clay",CHC,FF,-0.015315221211708644,17,72.1,0.9717,False,1226.0,17
"Holmes, Clay",CHC,SI,-0.004051066774907765,370,95.0,0.608,False,35134.0,370
"Holmes, Clay",CHC,SL,0.0037005387342408844,111,95.0,0.6361,False,10546.0,111
"Holmes, Clay",CHC,ST,0.00504337876920025,140,91.9,0.8848,False,12867.0,140
"Holmes, Clay",NYM,CH,0.0010620508973644507,121,99.9,1.001,False,12082.0,121
"Holmes, Clay",NYM,CU,0.00573206508762605,73,105.2,1.2724,False,7676.0,73
"Holmes, Clay",NYM,FC,0.0004400722579756642,17,103.1,0.7592,False,1752.0,17
"Holmes, Clay",NYM,FF,-0.012457963544875383,2,78.0,1.0157,False,156.0,2
"Holmes, Clay",NYM,SI,-0.00034031436054027784,417,101.8,0.5467,False,42440.0,417
"Holmes, Clay",NYM,SL,0.004441045125465125,41,96.7,1.1013,False,3964.0,41
"Holmes, Clay",NYM,ST,0.008300940079752068,157,100.2,0.9406,False,15738.0,157
"Holmes, Grant",ATL,CH,-0.0017418729559202412,168,94.5,1.0471,False,15873.0,168
"Holmes, Grant",ATL,CU,0.002543747101472469,63,98.3,0.5843,False,6196.0,63
"Holmes, Grant",ATL,FC,-0.0054816652395263945,184,85.0,0.5736,False,15648.0,184
"Holmes, Grant",ATL,FF,-0.004847702942097067,686,92.3,0.4199,False,63314.0,686
"Holmes, Grant",ATL,SI,-0.00543577002823428,299,92.4,0.8286,False,27634.0,299
"Holmes, Grant",ATL,SL,0.004560609863640648,982,97.0,0.5162,False,95287.0,982
"Holton, Tyler",DET,CH,-0.005361134862521083,151,87.5,0.6173,False,13209.0,151
"Holton, Tyler",DET,CU,0.004338904839273341,37,102.2,0.8531,False,3781.0,37
"Holton, Tyler",DET,FC,-5.8293720570249904e-05,359,101.6,0.5224,False,36458.0,359
"Holton, Tyler",DET,FF,-0.007337183846238922,143,87.5,0.5109,False,12514.0,143
"Holton, Tyler",DET,FS,-0.0008000652688289327,35,91.1,1.5863,False,3189.0,35
"Holton, Tyler",DET,SI,-0.0034104006120406153,230,96.1,0.467,False,22114.0,230
"Holton, Tyler",DET,ST,0.006093370379946594,175,94.6,0.7668,False,16556.0,175
"Hopkins, Brody",TBR,CU,0.019403959528949015,39,134.3,1.6502,False,5237.0,39
"Hopkins, Brody",TBR,FC,0.009959478197353227,7,132.0,1.4381,False,924.0,7
"Hopkins, Brody",TBR,FF,0.023162607155666735,57,146.1,1.0375,False,8326.0,57
"Hoppe, Alex",BAL,CH,0.006394361931597814,2,110.5,,False,221.0,2
"Hoppe, Alex",BAL,FF,0.008589432987662935,97,118.1,0.8458,False,11452.0,97
"Hoppe, Alex",BAL,SI,0.018620460118397186,106,136.6,1.0048,False,14477.0,106
"Hoppe, Alex",BAL,SL,0.012901899929931189,47,117.2,1.0179,False,5510.0,47
"Hoppe, Alex",SEA,CH,0.008247970060134927,6,113.8,1.2544,False,683.0,6
"Hoppe, Alex",SEA,FF,0.0020880026471385756,177,105.6,0.7932,False,18691.0,177
"Hoppe, Alex",SEA,SI,0.009810140284874555,72,120.4,0.911,False,8669.0,72
"Hoppe, Alex",SEA,SL,0.012014125362625933,222,115.0,0.9887,False,25537.0,222
"Horton, Cade",CHC,CU,0.005594956598037647,9,104.9,0.8682,False,944.0,9
"Horton, Cade",CHC,FF,0.003881096032589836,46,109.1,0.6422,False,5017.0,46
"Horton, Cade",CHC,FS,0.002768277536808072,19,97.1,0.854,False,1845.0,19
"Horton, Cade",CHC,SI,0.012954536891941513,7,126.3,1.2905,False,884.0,7
"Horton, Cade",CHC,ST,0.007841448151421819,11,99.1,0.7588,False,1090.0,11
"Houser, Adrian",SFG,CH,-0.0019354749370408667,275,94.1,0.7014,False,25870.0,275
"Houser, Adrian",SFG,CU,-0.0012201389445028264,119,90.3,0.629,False,10750.0,119
"Houser, Adrian",SFG,FF,-0.005616868688220337,370,90.8,0.5099,False,33601.0,370
"Houser, Adrian",SFG,SI,-0.0024135286469260464,798,98.0,0.3792,False,78176.0,798
"Houser, Adrian",SFG,SL,0.0017063275024624812,169,90.2,0.6422,False,15241.0,169
"Hudson, Bryan",CWS,FC,0.0010858456326576953,13,105.2,1.1105,False,1367.0,13
"Hudson, Bryan",CWS,FF,0.006083040660798857,699,113.3,0.5837,False,79168.0,699
"Hudson, Bryan",CWS,SI,-0.0029315988229947315,42,97.0,1.1744,False,4075.0,42
"Hudson, Bryan",CWS,ST,0.004387189379050683,301,90.2,0.8488,False,27160.0,301
"Hughes, Gabriel",COL,CH,-0.009165858052028852,128,80.2,1.3311,False,10263.0,128
"Hughes, Gabriel",COL,CU,-0.00020816441536990698,138,92.5,1.3709,False,12767.0,138
"Hughes, Gabriel",COL,FF,-0.0026958438421546254,571,96.4,0.997,False,55066.0,571
"Hughes, Gabriel",COL,SI,-0.010001905527188564,115,84.1,1.212,False,9672.0,115
"Hughes, Gabriel",COL,SL,0.000572409694891226,52,87.5,1.2333,False,4549.0,52
"Hughes, Gabriel",COL,ST,0.004886940243654797,138,91.5,1.5955,False,12628.0,138
"Hurt, Kyle",LAD,CH,0.007576649757922545,263,112.3,1.077,False,29547.0,263
"Hurt, Kyle",LAD,FF,-0.002595423744512845,409,96.6,0.7462,False,39520.0,409
"Hurt, Kyle",LAD,SL,0.009754314819084746,70,109.5,0.9808,False,7666.0,70
"Hurter, Brant",DET,CH,-0.003438041896416425,55,91.2,0.8152,False,5014.0,55
"Hurter, Brant",DET,FF,-0.007580602457164787,20,87.1,0.7735,False,1742.0,20
"Hurter, Brant",DET,SI,0.0013209263788342338,280,104.9,0.4946,False,29366.0,280
"Hurter, Brant",DET,ST,0.0037899428769312756,152,88.7,0.5968,False,13488.0,152
"Iglesias, Raisel",ATL,CH,-0.00290664250052629,326,92.2,0.4957,False,30068.0,326
"Iglesias, Raisel",ATL,FF,5.1894573445820866e-05,334,101.7,0.4446,False,33962.0,334
"Iglesias, Raisel",ATL,SI,-0.0009700495344186691,183,100.6,0.4473,False,18413.0,183
"Iglesias, Raisel",ATL,ST,0.00964500488308819,68,103.6,0.6587,False,7045.0,68
"Imai, Tatsuya",HOU,CH,-0.003618941389441747,29,90.8,1.4549,False,2633.0,29
"Imai, Tatsuya",HOU,CU,-0.0035547372923853495,6,85.3,1.5084,False,512.0,6
"Imai, Tatsuya",HOU,FF,-0.0016467805320575326,632,98.4,0.8736,False,62712.0,637
"Imai, Tatsuya",HOU,FS,-0.001930056649836756,42,89.2,1.4954,False,3747.0,42
"Imai, Tatsuya",HOU,SI,-0.00730223662381533,67,88.9,1.092,False,5958.0,67
"Imai, Tatsuya",HOU,SL,0.0034345300936317806,665,94.4,1.2364,False,63257.0,670
"Imanaga, Shota",CHC,CU,-0.0015257484727953853,80,89.6,1.1929,False,7256.0,81
"Imanaga, Shota",CHC,FC,-0.00045426539441837966,54,100.4,1.015,False,5419.0,54
"Imanaga, Shota",CHC,FF,-0.0006261183399417891,1119,100.4,0.7814,False,112497.0,1121
"Imanaga, Shota",CHC,FS,0.0011985506574480305,963,94.5,1.2355,False,91375.0,967
"Imanaga, Shota",CHC,SI,-0.006023802166299258,164,91.4,1.0318,False,15075.0,165
"Imanaga, Shota",CHC,ST,0.004313399675900894,403,90.1,1.1145,False,36663.0,407
"Irvin, Cole",LAD,CH,-0.008405087960206649,22,81.6,1.0725,False,1795.0,22
"Irvin, Cole",LAD,CU,-0.003693439731640475,7,85.1,1.1016,False,596.0,7
"Irvin, Cole",LAD,FC,-0.005199361953318344,29,85.9,0.9626,False,2492.0,29
"Irvin, Cole",LAD,FF,-0.012929093666441207,21,76.8,0.7404,False,1613.0,21
"Irvin, Cole",LAD,SI,-0.012632969245517059,23,79.1,0.759,False,1819.0,23
"Irvin, Jake",WSH,CH,-0.0006090736915034718,154,96.6,0.6389,False,14879.0,154
"Irvin, Jake",WSH,CU,0.0045164059236207366,447,102.6,0.6737,False,45861.0,447
"Irvin, Jake",WSH,FC,-0.002971547035677809,199,92.7,0.8382,False,18440.0,199
"Irvin, Jake",WSH,FF,-0.0016812523434692865,616,98.4,0.4079,False,60596.0,616
"Irvin, Jake",WSH,SI,-0.0036261200675857335,357,95.7,0.4907,False,34170.0,357
"Irvin, Jake",WSH,ST,0.008823840600839558,166,101.6,0.9705,False,16865.0,166
"Jacob, Alek",SDP,CH,0.004862525435358597,30,107.1,0.9927,False,3214.0,30
"Jacob, Alek",SDP,FF,-0.0023237213675668966,37,97.2,0.8511,False,3595.0,37
"Jacob, Alek",SDP,SI,-0.009682910174460095,17,84.5,0.7312,False,1437.0,17
"Jacob, Alek",SDP,ST,0.003442307216270516,3,88.0,1.3393,False,264.0,3
"Jameson, Drey",ARI,CH,0.0030785052533701673,64,103.7,0.9799,False,6634.0,64
"Jameson, Drey",ARI,FF,0.0003213795441752154,64,102.2,0.6007,False,6541.0,64
"Jameson, Drey",ARI,SI,-0.005520115703313002,52,92.3,0.7376,False,4799.0,52
"Jameson, Drey",ARI,SL,0.007243565772175013,105,103.5,1.0371,False,10867.0,105
"Jameson, Drey",ARI,ST,0.006873619914542706,21,96.6,1.2287,False,2029.0,21
"Jansen, Kenley",DET,FC,0.008611020806523205,600,127.9,0.5598,False,76735.0,600
"Jansen, Kenley",DET,SI,0.00636092299947097,49,114.1,0.6554,False,5593.0,49
"Jansen, Kenley",DET,SL,0.00658639212451817,76,101.9,0.8393,False,7748.0,76
"Javier, Cristian",HOU,CH,-0.0019614620920201356,178,94.1,0.7949,False,16742.0,178
"Javier, Cristian",HOU,CU,-0.0004622971227945527,16,91.9,0.7184,False,1470.0,16
"Javier, Cristian",HOU,FC,-0.0017383344279148297,79,96.5,0.8906,False,7621.0,79
"Javier, Cristian",HOU,FF,-0.0008079214456468941,523,100.0,0.4288,False,52322.0,523
"Javier, Cristian",HOU,SI,-0.011204973074861548,11,81.9,0.7272,False,901.0,11
"Javier, Cristian",HOU,SL,0.0013938877440523357,5,89.4,0.9807,False,447.0,5
"Javier, Cristian",HOU,ST,0.008105093491964237,297,99.8,0.6969,False,29629.0,297
"Jax, Griffin",TBR,CH,0.004005603231597395,389,105.5,1.2831,False,41035.0,389
"Jax, Griffin",TBR,CU,0.01175039963196688,149,118.0,1.5743,False,17578.0,149
"Jax, Griffin",TBR,FC,0.002589123450817686,51,109.6,1.0918,False,5588.0,51
"Jax, Griffin",TBR,FF,0.004412345924179678,311,110.1,1.106,False,34231.0,311
"Jax, Griffin",TBR,SI,0.0007253027610928183,392,103.7,1.0619,False,40662.0,392
"Jax, Griffin",TBR,ST,0.009522809207737737,432,103.4,1.434,False,44653.0,432
"Jobe, Jackson",DET,CU,0.007967493101023137,90,109.9,1.1461,False,9894.0,90
"Jobe, Jackson",DET,FC,0.005206351114750197,21,117.6,0.975,False,2470.0,21
"Jobe, Jackson",DET,FF,0.003580482473575881,243,108.5,0.6342,False,26362.0,243
"Jobe, Jackson",DET,FS,0.0032718419413729953,79,98.0,0.7469,False,7743.0,79
"Jobe, Jackson",DET,SI,-0.000303540769362771,141,101.9,0.7657,False,14362.0,141
"Jobe, Jackson",DET,SL,0.010839858583254718,197,112.2,0.6661,False,22105.0,197
"Johnson, Pierce",CIN,FC,-0.0018361681140959263,2,96.0,1.0565,False,192.0,2
"Johnson, Pierce",CIN,FF,-0.003758803793540497,304,94.4,0.5617,False,28692.0,304
"Johnson, Pierce",CIN,SL,0.011217982753976017,534,113.1,0.7669,False,60394.0,534
"Johnson, Ryan",LAA,CH,-0.003385923236619163,355,91.3,1.3783,False,32403.0,355
"Johnson, Ryan",LAA,FC,0.004927761714825792,666,116.7,1.1595,False,77727.0,666
"Johnson, Ryan",LAA,FF,-0.00869505523171808,14,84.8,,False,1187.0,14
"Johnson, Ryan",LAA,SI,-0.00585131296127316,278,91.7,0.8769,False,25479.0,278
"Johnson, Ryan",LAA,ST,0.007917231939745872,409,99.3,1.1433,False,40600.0,409
"Johnson, Seth",ATH,FF,0.0027373329344581847,113,105.8,0.6193,False,13440.0,127
"Johnson, Seth",ATH,FS,0.006490897464876373,3,97.2,1.1023,False,389.0,4
"Johnson, Seth",ATH,SI,0.0029770007002463735,22,107.5,0.7814,False,2472.0,23
"Johnson, Seth",ATH,SL,0.007414000598865367,86,103.9,0.9048,False,10598.0,102
"Johnson, Seth",ATH,ST,0.016970089001750403,22,121.3,1.212,False,3154.0,26
"Johnson, Seth",PHI,CU,0.004657394524353246,15,102.9,1.3054,False,1543.0,15
"Johnson, Seth",PHI,FF,0.005609570400198349,156,112.3,0.6452,False,17525.0,156
"Johnson, Seth",PHI,FS,0.011774339363910258,4,112.5,1.2053,False,450.0,4
"Johnson, Seth",PHI,SI,0.007749561093338083,28,116.8,0.7919,False,3269.0,28
"Johnson, Seth",PHI,SL,0.00839615876943168,101,106.2,0.8955,False,10731.0,101
"Johnson, Seth",PHI,ST,0.011688695114571601,19,108.8,1.151,False,2068.0,19
"Johnson, Ty",TBR,FF,0.0031110760481524997,87,107.6,0.9219,False,9360.0,87
"Johnson, Ty",TBR,SL,0.005310943822936482,74,98.9,1.0496,False,7318.0,74
"Jones, Jared",PIT,CH,0.010523223634852995,173,117.6,0.9667,False,21283.0,181
"Jones, Jared",PIT,CU,0.010486395606263117,132,115.3,1.2065,False,15914.0,138
"Jones, Jared",PIT,FF,0.0038878287516670848,739,109.0,0.493,False,83046.0,762
"Jones, Jared",PIT,SL,0.011565359297607878,527,113.8,0.7202,False,62036.0,545
"Jones, Jared",PIT,ST,0.01582520455121994,8,119.4,1.4453,False,955.0,8
"Joyce, Ben",LAA,FF,0.017934092798978698,176,136.0,0.5928,False,23941.0,176
"Joyce, Ben",LAA,FS,0.011520017812532994,60,111.9,1.0802,False,6715.0,60
"Joyce, Ben",LAA,SL,0.015173094934257477,23,122.7,0.8755,False,2822.0,23
"Juenger, Hayden",ATH,CH,0.0006257893937463113,54,99.0,1.2516,False,5344.0,54
"Juenger, Hayden",ATH,FC,-0.0012562612106002664,76,97.9,1.0592,False,7444.0,76
"Juenger, Hayden",ATH,FF,-0.0034143843296943685,82,95.0,0.6655,False,7794.0,82
"Juenger, Hayden",ATH,SL,0.006536499597132206,32,101.9,1.1143,False,3260.0,32
"Juenger, Hayden",TOR,CH,-0.0007669084807275794,8,96.5,1.2829,False,772.0,8
"Juenger, Hayden",TOR,FC,0.000963947518567483,13,104.6,1.2134,False,1360.0,13
"Juenger, Hayden",TOR,FF,-0.0006666484710183882,21,100.3,0.7018,False,2106.0,21
"Juenger, Hayden",TOR,SL,0.008270318154245615,5,105.8,1.2439,False,529.0,5
"Jump, Gage",ATH,CH,-0.0025154222237696792,162,92.9,1.0984,False,15057.0,162
"Jump, Gage",ATH,CU,0.0024473707888192585,187,98.1,1.0125,False,18351.0,187
"Jump, Gage",ATH,FF,0.000620403651547074,817,102.8,0.5672,False,83976.0,817
"Jump, Gage",ATH,SI,-0.004726021936706578,90,93.7,0.786,False,8435.0,90
"Jump, Gage",ATH,SL,0.00548506028516064,399,99.3,0.8643,False,39609.0,399
"Jump, Gage",ATH,ST,0.012095600534875942,101,110.0,1.0908,False,11106.0,101
"Junis, Jakob",TEX,CH,-0.005257071125138254,163,87.6,1.2273,False,14983.0,171
"Junis, Jakob",TEX,FF,-0.00592353771940534,161,90.4,0.7758,False,14908.0,165
"Junis, Jakob",TEX,SI,-0.00813500465617459,145,87.7,0.8463,False,13065.0,149
"Junis, Jakob",TEX,ST,0.00585192512680037,355,94.0,1.0598,False,33838.0,360
"Junk, Janson",MIA,CH,0.006642379150658902,341,110.5,1.0954,False,38245.0,346
"Junk, Janson",MIA,CU,-1.5901064821086465e-05,179,92.9,0.9543,False,16728.0,180
"Junk, Janson",MIA,FF,-0.0022005348775814217,664,97.7,0.5987,False,68867.0,705
"Junk, Janson",MIA,SI,-0.0029142736256714367,75,97.1,0.7955,False,7378.0,76
"Junk, Janson",MIA,SL,0.0040260468823681865,370,95.8,0.7987,False,35815.0,374
"Junk, Janson",MIA,ST,0.007702289435422865,277,98.9,1.0296,False,28297.0,286
"Junk, Janson",MIA,SV,0.005537334639071064,11,99.6,1.0686,False,1395.0,14
"Kahnle, Tommy",BOS,CH,-0.002396342662373258,106,93.2,0.6031,False,9883.0,106
"Kahnle, Tommy",BOS,FF,-0.006043559949224194,51,90.0,0.5491,False,4591.0,51
"Kahnle, Tommy",BOS,SL,0.0016933615186809964,11,90.2,0.8536,False,992.0,11
"Karinchak, James",ATL,CU,0.007772646070861811,64,109.5,0.9878,False,7009.0,64
"Karinchak, James",ATL,FF,-0.0011147742262270482,98,99.5,0.7328,False,9747.0,98
"Kay, Anthony",CWS,FC,-0.0012744213828364485,452,97.9,0.9181,False,44641.0,456
"Kay, Anthony",CWS,FF,-0.0023885934792515448,591,96.9,0.634,False,58249.0,601
"Kay, Anthony",CWS,FS,0.0014936604039866561,379,95.0,1.0335,False,37914.0,399
"Kay, Anthony",CWS,SI,-3.066963465034448e-06,486,102.6,0.9363,False,51380.0,501
"Kay, Anthony",CWS,SL,0.005056982931665935,178,98.3,0.9738,False,17491.0,178
"Kay, Anthony",CWS,ST,0.0037975811972640137,628,88.6,1.2041,False,57833.0,653
"Keller, Brad",PHI,CU,0.010870810530226057,120,116.1,0.645,False,13930.0,120
"Keller, Brad",PHI,FF,0.003089466966005549,170,107.5,0.4643,False,18282.0,170
"Keller, Brad",PHI,FS,0.006082103271644011,71,102.7,0.5998,False,7295.0,71
"Keller, Brad",PHI,SI,0.010519118344093857,106,121.8,0.5594,False,12906.0,106
"Keller, Brad",PHI,ST,0.019978914155878803,66,130.1,0.7947,False,8585.0,66
"Keller, Brian",PHI,FC,-0.0017234667925199924,13,96.4,0.9742,False,1253.0,13
"Keller, Brian",PHI,FF,-0.009960522594734688,11,82.5,0.6851,False,907.0,11
"Keller, Brian",PHI,SI,-0.013414157927036286,5,77.8,0.883,False,389.0,5
"Keller, Brian",PHI,ST,0.007070270285475999,10,97.1,1.1334,False,971.0,10
"Keller, Mitch",PIT,CU,0.0007191726121601921,164,94.5,0.6774,False,15493.0,164
"Keller, Mitch",PIT,FC,-0.0005073337645291375,152,100.2,0.5505,False,15228.0,152
"Keller, Mitch",PIT,FF,-0.004232754682874798,616,93.5,0.3956,False,57575.0,616
"Keller, Mitch",PIT,FS,0.00139284229942946,168,94.8,0.8327,False,15931.0,168
"Keller, Mitch",PIT,SI,-0.006783150178542259,310,89.9,0.4067,False,27875.0,310
"Keller, Mitch",PIT,SL,0.0034234476985862522,168,94.3,0.5681,False,15846.0,168
"Keller, Mitch",PIT,ST,0.008382391779642841,309,100.5,0.62,False,31043.0,309
"Kelly, Antoine",CHC,FF,-0.0038357643643394113,2,94.0,0.8153,False,188.0,2
"Kelly, Antoine",CHC,SI,-0.0006509915822082096,9,101.2,0.7256,False,911.0,9
"Kelly, Antoine",CHC,SL,0.00975516633895625,7,109.6,1.4425,False,767.0,7
"Kelly, Antwone",PIT,FC,0.0073910347936261035,18,124.2,1.172,False,2235.0,18
"Kelly, Antwone",PIT,FF,0.007081785115897606,141,114.5,0.6304,False,17408.0,152
"Kelly, Antwone",PIT,FS,0.007874713578106214,30,105.4,1.1587,False,3796.0,36
"Kelly, Antwone",PIT,SI,0.006782439708905785,19,114.5,0.7873,False,2749.0,24
"Kelly, Antwone",PIT,SL,0.012504976296927347,43,114.9,1.1378,False,5516.0,48
"Kelly, Antwone",PIT,ST,0.011119505041278899,12,111.3,1.1452,False,1670.0,15
"Kelly, Kevin",TBR,CH,0.005651498743639245,278,108.7,1.7515,False,30211.0,278
"Kelly, Kevin",TBR,FC,0.0018663268250141603,3,107.3,0.8258,False,322.0,3
"Kelly, Kevin",TBR,FF,0.0014142821118834296,70,104.3,0.837,False,7299.0,70
"Kelly, Kevin",TBR,SI,0.005681289836896997,567,112.9,0.547,False,63986.0,567
"Kelly, Kevin",TBR,ST,0.008378546122728132,69,100.5,0.7172,False,6933.0,69
"Kelly, Merrill",ARI,CH,0.0042196941813802714,721,105.9,0.3605,False,76376.0,721
"Kelly, Merrill",ARI,CU,0.001806981769218312,299,96.8,0.5579,False,28949.0,299
"Kelly, Merrill",ARI,FC,-0.004729654034321499,308,87.3,0.4196,False,26901.0,308
"Kelly, Merrill",ARI,FF,-0.0022016625741900792,779,97.4,0.3276,False,75851.0,779
"Kelly, Merrill",ARI,SI,-0.006059827007418555,248,91.3,0.3812,False,22637.0,248
"Kelly, Merrill",ARI,SL,0.0025348141762356648,266,92.2,0.4867,False,24513.0,266
"Kelly, Michael",ATH,FC,0.004885304326563755,32,116.5,1.0097,False,3729.0,32
"Kelly, Michael",ATH,FF,-0.0023898821608680817,27,97.0,0.7537,False,2619.0,27
"Kelly, Michael",ATH,FS,0.007510429713875055,1,105.0,1.551,False,105.0,1
"Kelly, Michael",ATH,SI,0.001629891191524538,11,105.5,0.9648,False,1161.0,11
"Kelly, Michael",ATH,ST,0.010696325118187815,50,106.3,0.9289,False,5315.0,50
"Kelly, Zack",BOS,CH,0.006489247782155871,10,110.3,1.111,False,1103.0,10
"Kelly, Zack",BOS,FC,0.004410287677479397,124,115.2,1.1113,False,14280.0,124
"Kelly, Zack",BOS,FF,0.003189586741381134,39,107.7,1.0871,False,4200.0,39
"Kelly, Zack",BOS,SI,0.00816000098772444,48,117.4,1.0548,False,5637.0,48
"Kelly, Zack",BOS,ST,0.010522655760137094,62,105.9,1.0207,False,6568.0,62
"Kempner, William",MIA,CH,0.0011205599294044077,5,100.0,1.6482,False,500.0,5
"Kempner, William",MIA,FC,0.0002262308473291341,25,102.4,1.5129,False,2561.0,25
"Kempner, William",MIA,FF,0.008580276410611987,96,118.1,1.0213,False,11336.0,96
"Kempner, William",MIA,SI,-0.0027448585624997262,29,97.3,1.1941,False,2822.0,29
"Kempner, William",MIA,ST,0.007544485553146594,44,98.4,1.6675,False,4328.0,44
"Kent, Jackson",WSH,CH,-0.005135911837720192,139,87.9,1.0546,False,12220.0,139
"Kent, Jackson",WSH,CU,-0.0009428823095731786,96,90.9,1.0301,False,8727.0,96
"Kent, Jackson",WSH,FF,-0.004453732161675275,210,93.0,0.7088,False,19534.0,210
"Kent, Jackson",WSH,SI,-0.009089682307481023,89,85.8,0.885,False,7632.0,89
"Kent, Jackson",WSH,SL,0.0011089501280417556,143,88.7,1.0077,False,12686.0,143
"Kent, Zak",MIN,CU,0.004924969392595813,10,103.5,1.2587,False,1035.0,10
"Kent, Zak",MIN,FF,-0.009633815789129585,36,83.1,0.8741,False,2993.0,36
"Kent, Zak",MIN,SI,-0.003689730307087302,1,96.0,1.3359,False,96.0,1
"Kent, Zak",MIN,SL,0.0054544146234333955,34,99.1,0.8558,False,3371.0,34
"Kent, Zak",WSH,CU,0.004055133835293439,43,101.6,1.0614,False,4367.0,43
"Kent, Zak",WSH,FF,-0.0018396461692602663,84,98.0,0.8019,False,8232.0,84
"Kent, Zak",WSH,SI,-0.0038333607953973114,4,95.2,1.2518,False,381.0,4
"Kent, Zak",WSH,SL,0.005820208436755531,82,100.0,0.8849,False,8204.0,82
"Kerkering, Orion",PHI,FF,0.0015615345161779533,374,104.6,0.4119,False,39117.0,374
"Kerkering, Orion",PHI,FS,0.002845767657876982,65,97.3,1.05,False,6326.0,65
"Kerkering, Orion",PHI,SI,0.00331469276084276,194,108.5,0.5717,False,21051.0,194
"Kerkering, Orion",PHI,ST,0.012577210790882616,460,111.1,0.5672,False,51124.0,460
"Kerr, Ray",ATL,CU,0.0011507571699829505,14,95.4,1.2507,False,1335.0,14
"Kerr, Ray",ATL,FC,-0.0038737834693165496,8,90.0,1.1894,False,720.0,8
"Kerr, Ray",ATL,FF,0.00024230352564093968,75,102.1,0.7111,False,7658.0,75
"Kerr, Ray",ATL,SI,-0.0029032291137382903,49,97.0,0.9151,False,4755.0,49
"Kerr, Ray",ATL,SL,0.0014456645367317833,66,89.5,0.7517,False,5907.0,66
"Kerry, Brett",LAA,CH,0.003293678472239643,47,104.1,1.1527,False,4892.0,47
"Kerry, Brett",LAA,CU,-0.000888684885770393,6,91.0,1.1196,False,546.0,6
"Kerry, Brett",LAA,FF,-0.009326889153136548,101,83.7,0.643,False,8450.0,101
"Kerry, Brett",LAA,SL,0.005058532803528139,58,98.3,1.1103,False,5699.0,58
"Kikuchi, Yusei",LAA,CU,-0.0004918508514079308,110,91.9,0.8052,False,10106.0,110
"Kikuchi, Yusei",LAA,FC,-0.002301322452889768,112,94.7,0.6998,False,10610.0,112
"Kikuchi, Yusei",LAA,FF,-0.0007641704823327969,459,99.5,0.4868,False,48454.0,487
"Kikuchi, Yusei",LAA,FS,0.006161515677700682,191,103.0,0.885,False,21426.0,208
"Kikuchi, Yusei",LAA,SL,0.0030973660238487353,240,93.5,0.6778,False,24583.0,263
"Kilian, Caleb",PHI,CU,0.004523319957245674,7,102.6,1.0135,False,718.0,7
"Kilian, Caleb",PHI,FF,0.0026419011729529067,31,106.7,0.7078,False,3307.0,31
"Kilian, Caleb",PHI,SI,0.009329275098235276,13,119.5,0.8749,False,1554.0,13
"Kilian, Caleb",PHI,SL,0.008677290918837701,7,106.9,1.0257,False,748.0,7
"Kilian, Caleb",SFG,CU,0.0017614310274337993,180,96.7,1.2495,False,17403.0,180
"Kilian, Caleb",SFG,FF,0.006195285729334812,362,113.5,0.7084,False,41077.0,362
"Kilian, Caleb",SFG,SI,0.0056614204336453795,92,112.7,0.9493,False,10371.0,92
"Kilian, Caleb",SFG,SL,0.007138696372845864,94,103.3,0.9918,False,9707.0,94
"Kimbrel, Craig",KCR,CH,-0.005380914895795286,8,87.5,1.1184,False,700.0,8
"Kimbrel, Craig",KCR,CU,0.0026768326590007,22,98.6,0.6779,False,2170.0,22
"Kimbrel, Craig",KCR,FF,0.004994171671320597,117,111.2,0.414,False,13009.0,117
"Kimbrel, Craig",KCR,SI,0.001306916408389548,18,104.8,1.2667,False,1886.0,18
"Kimbrel, Craig",KCR,ST,0.006490418399587962,23,95.6,0.9611,False,2199.0,23
"Kimbrel, Craig",NYM,CH,-0.0012761728139594197,1,95.0,1.3768,False,95.0,1
"Kimbrel, Craig",NYM,CU,0.002770635121785083,22,98.9,0.722,False,2176.0,22
"Kimbrel, Craig",NYM,FF,0.005707258350302965,183,112.5,0.4096,False,20594.0,183
"Kimbrel, Craig",NYM,ST,0.004783149086646377,39,91.2,0.8939,False,3557.0,39
"Kimbrel, Craig",TBR,CH,-0.0026060750969918445,16,92.9,1.0849,False,1486.0,16
"Kimbrel, Craig",TBR,CU,0.0037023432606171506,30,100.9,0.7228,False,3026.0,30
"Kimbrel, Craig",TBR,FF,0.007651516101294102,211,116.2,0.4195,False,24521.0,211
"Kimbrel, Craig",TBR,SI,0.0035693255293153927,40,109.0,1.2119,False,4359.0,40
"Kimbrel, Craig",TBR,ST,0.011820748192764333,46,109.2,0.811,False,5023.0,46
"King, Bryan",HOU,CH,-0.012065398914273828,8,74.6,0.9926,False,597.0,8
"King, Bryan",HOU,CU,-0.0021210421960299406,13,88.5,1.0675,False,1239.0,14
"King, Bryan",HOU,FF,-0.004726860088624694,582,92.4,0.3948,False,54730.0,592
"King, Bryan",HOU,SI,-0.0061342606453157105,174,90.6,0.651,False,16399.0,181
"King, Bryan",HOU,ST,0.0054759875303532456,267,93.0,0.6043,False,25284.0,272
"King, John",MIA,CH,-0.003658207060474702,143,90.8,0.8019,False,12980.0,143
"King, John",MIA,CU,0.0020354909709614684,77,97.2,1.0991,False,7488.0,77
"King, John",MIA,FF,-0.013516588074465593,15,75.7,1.1537,False,1136.0,15
"King, John",MIA,SI,-0.007409018753540523,223,88.8,0.5537,False,19808.0,223
"King, John",MIA,SL,0.002899322178070085,116,93.0,0.7545,False,10792.0,116
"King, John",MIA,ST,0.005818704420692354,140,94.0,1.2279,False,13156.0,140
"King, Michael",SDP,CH,-0.004630614560449397,756,88.9,0.6103,False,67202.0,756
"King, Michael",SDP,FF,0.0008787826613231104,567,103.3,0.4527,False,58555.0,567
"King, Michael",SDP,SI,-0.002839035795948067,826,97.2,0.4945,False,80261.0,826
"King, Michael",SDP,SL,0.002382145673653065,185,91.8,0.7118,False,16978.0,185
"King, Michael",SDP,ST,0.007271588217555054,541,97.6,0.6423,False,52821.0,541
"Kingham, Nolan",TEX,CH,-0.00012511078966781497,2,98.0,1.0268,False,196.0,2
"Kingham, Nolan",TEX,FF,-0.003005478687835141,13,95.9,0.5825,False,1247.0,13
"Kingham, Nolan",TEX,SI,0.0040059468398491544,3,109.7,0.6755,False,329.0,3
"Kingham, Nolan",TEX,SL,0.006326395028736442,4,101.2,1.0726,False,405.0,4
"Kinley, Tyler",ATL,CH,-0.0007784021242211262,3,96.3,0.9168,False,289.0,3
"Kinley, Tyler",ATL,CU,0.005032147872078951,128,103.6,0.7642,False,13267.0,128
"Kinley, Tyler",ATL,FF,-0.007317726573217379,116,87.5,0.4485,False,10153.0,116
"Kinley, Tyler",ATL,SI,-0.002331568950986756,7,97.9,1.2184,False,685.0,7
"Kinley, Tyler",ATL,SL,0.005656938560666793,444,99.7,0.4812,False,44261.0,444
"Kinley, Tyler",DET,CU,0.004097616995493762,39,101.6,0.8126,False,3964.0,39
"Kinley, Tyler",DET,FF,-0.0098180118749786,22,82.7,0.5096,False,1820.0,22
"Kinley, Tyler",DET,SI,-0.0050451125571271405,3,93.0,1.3199,False,279.0,3
"Kinley, Tyler",DET,SL,0.004462885353179172,147,96.9,0.5616,False,14239.0,147
"Kirby, George",SEA,CH,-0.003434272427054069,141,91.2,0.6821,False,12859.0,141
"Kirby, George",SEA,CU,0.0058398242735783895,281,105.4,0.6368,False,29611.0,281
"Kirby, George",SEA,FC,-0.0027553086455427227,114,93.3,0.888,False,10640.0,114
"Kirby, George",SEA,FF,-0.0017616021490183484,787,98.2,0.3823,False,77317.0,787
"Kirby, George",SEA,FS,0.0050918351836013315,79,101.1,0.7951,False,7984.0,79
"Kirby, George",SEA,SI,0.006987965087613228,575,115.2,0.4868,False,66250.0,575
"Kirby, George",SEA,ST,0.010850406110809688,781,106.8,0.5732,False,83380.0,781
"Kittredge, Andrew",BAL,FF,0.0002326676811546434,86,102.0,0.5605,False,8776.0,86
"Kittredge, Andrew",BAL,SI,-0.00015943346941201282,282,102.1,0.3992,False,28792.0,282
"Kittredge, Andrew",BAL,SL,0.007017321584514768,343,103.0,0.4325,False,35312.0,343
"Klassen, George",LAA,CH,0.003250351486866452,83,104.1,1.0507,False,8637.0,83
"Klassen, George",LAA,CU,0.005281153223699047,21,104.2,1.294,False,2188.0,21
"Klassen, George",LAA,FF,0.002836315814951441,226,107.0,0.6906,False,24192.0,226
"Klassen, George",LAA,SL,0.014447288709430912,153,120.9,1.0433,False,18497.0,153
"Klein, John",MIN,CH,0.0031916172757400605,23,103.9,1.0485,False,2389.0,23
"Klein, John",MIN,CU,0.0018622722394259956,6,97.0,1.3039,False,582.0,6
"Klein, John",MIN,FC,0.0014641767193097621,9,106.2,1.0094,False,956.0,9
"Klein, John",MIN,FF,-0.0024671511608885784,41,96.9,0.7014,False,3974.0,41
"Klein, John",MIN,SL,0.0040277158841490746,3,95.7,1.2661,False,287.0,3
"Klein, John",TOR,CH,0.004043393478187842,17,105.6,,False,1795.0,17
"Klein, John",TOR,CU,0.0008363452679986949,10,94.7,,False,947.0,10
"Klein, John",TOR,FC,0.0024409546167589724,5,109.4,,False,547.0,5
"Klein, John",TOR,FF,-0.00582220791666596,27,90.4,,False,2440.0,27
"Klein, John",TOR,ST,0.014737700777394431,7,116.6,,False,816.0,7
"Klein, Will",LAD,CU,0.009771767093237333,120,113.8,1.1649,False,13653.0,120
"Klein, Will",LAD,FC,0.0003378737094155642,36,102.8,0.9235,False,3701.0,36
"Klein, Will",LAD,FF,0.0028024743606114167,385,107.0,0.69,False,41188.0,385
"Klein, Will",LAD,SI,0.0016681337147019804,2,105.5,0.9956,False,211.0,2
"Klein, Will",LAD,ST,0.015502114601637402,219,118.6,1.324,False,25981.0,219
"Knack, Landon",LAD,CH,0.011280693113803864,13,119.4,0.8003,False,1552.0,13
"Knack, Landon",LAD,CU,0.001708460902187249,27,96.6,0.6888,False,2608.0,27
"Knack, Landon",LAD,FC,0.0012157718953892105,27,105.4,1.012,False,2845.0,27
"Knack, Landon",LAD,FF,-0.0033738326928219715,84,95.1,0.4811,False,7990.0,84
"Knack, Landon",LAD,FS,-0.0039389330127050926,32,85.8,0.6791,False,2745.0,32
"Knack, Landon",LAD,SL,0.0031535259768133983,4,93.8,1.0074,False,375.0,4
"Kochanowicz, Jack",LAA,CH,0.0010182007609742527,256,99.7,0.794,False,25535.0,256
"Kochanowicz, Jack",LAA,FF,-0.0035571616433154483,267,94.8,0.6853,False,25305.0,267
"Kochanowicz, Jack",LAA,SI,-0.0020702755621192595,403,98.6,0.6774,False,39738.0,403
"Kochanowicz, Jack",LAA,SL,0.005777800345377828,180,100.0,1.0146,False,18001.0,180
"Koenig, Jared",MIL,CH,-0.005104913571549039,31,88.0,0.9939,False,2727.0,31
"Koenig, Jared",MIL,FC,-0.0026726083410832826,41,93.6,0.7199,False,3839.0,41
"Koenig, Jared",MIL,FF,-0.006489460472948849,4,89.0,0.9289,False,356.0,4
"Koenig, Jared",MIL,SI,-0.003998067466596552,77,95.1,0.4829,False,7325.0,77
"Koenig, Jared",MIL,ST,0.001124455618992215,8,81.9,0.8855,False,655.0,8
"Kolek, Stephen",KCR,CH,-0.005193719504604815,100,87.8,0.8321,False,8784.0,100
"Kolek, Stephen",KCR,FC,-0.0026140995316661876,104,93.7,0.6677,False,9748.0,104
"Kolek, Stephen",KCR,FF,-0.005737924425325352,237,90.6,0.5397,False,21471.0,237
"Kolek, Stephen",KCR,SI,-0.0011523712136459225,183,100.3,0.6083,False,18349.0,183
"Kolek, Stephen",KCR,SL,0.002288941261367991,135,91.6,0.7183,False,12367.0,135
"Kolek, Stephen",KCR,ST,0.0004220496141967417,78,80.1,1.1448,False,6248.0,78
"Kranick, Max",WSH,CU,-0.0014563474226234553,82,89.8,0.8081,False,7367.0,82
"Kranick, Max",WSH,FF,-0.0008859251276704512,127,99.9,0.4848,False,12688.0,127
"Kranick, Max",WSH,SI,-0.005779247940517962,10,91.8,0.9352,False,918.0,10
"Kranick, Max",WSH,SL,0.0010122349464517797,97,88.5,0.706,False,8583.0,97
"Kranick, Max",WSH,ST,0.01279797445749864,24,111.8,1.033,False,2682.0,24
"Kremer, Dean",BAL,CU,-0.0012356031306394884,88,90.4,0.7685,False,7952.0,88
"Kremer, Dean",BAL,FC,-0.0003554393486410845,90,100.7,0.5423,False,9061.0,90
"Kremer, Dean",BAL,FF,-0.0003782396286581166,127,100.8,0.4244,False,12807.0,127
"Kremer, Dean",BAL,FS,0.0008503136828999737,180,93.8,0.7096,False,16891.0,180
"Kremer, Dean",BAL,SI,-0.011221010284498335,105,81.8,0.5056,False,8592.0,105
"Kremer, Dean",BAL,SL,0.008321106999314256,7,106.1,1.0073,False,743.0,7
"Kremer, Dean",MIN,CU,-0.0017465149577843518,86,89.2,0.7585,False,8470.0,95
"Kremer, Dean",MIN,FC,0.0005999081132822024,159,103.6,0.6117,False,17926.0,173
"Kremer, Dean",MIN,FF,-0.004760554094722135,275,91.4,0.4526,False,28339.0,310
"Kremer, Dean",MIN,FS,0.0038621096765887666,180,99.2,0.7119,False,18940.0,191
"Kremer, Dean",MIN,SI,-0.01351219034370254,85,78.0,0.4874,False,7022.0,90
"Kremer, Dean",MIN,SL,0.0021501191236893646,10,91.4,1.0854,False,914.0,10
"Kriske, Brooks",ATH,FF,-0.007272349612321705,12,87.7,0.6293,False,1052.0,12
"Kriske, Brooks",ATH,FS,0.0037183492861099935,19,98.8,0.693,False,1878.0,19
"Kriske, Brooks",ATH,SL,0.004635540968073266,7,97.1,0.9475,False,680.0,7
"Krook, Matt",ATH,CH,-0.01233467273414135,1,74.0,1.7749,False,74.0,1
"Krook, Matt",ATH,SI,-0.005982941682304954,32,91.4,1.042,False,2925.0,32
"Krook, Matt",ATH,ST,0.006381395279774706,53,95.4,1.4604,False,5054.0,53
"Krook, Matt",WSH,FC,-0.002161531467988555,7,95.3,1.4683,False,667.0,7
"Krook, Matt",WSH,SI,-0.006250339432406928,46,91.0,1.0921,False,4184.0,46
"Krook, Matt",WSH,ST,0.0014410086029783998,40,82.8,1.6107,False,3311.0,40
"Kuhnel, Joel",ATH,CH,-0.00058577282189001,31,96.6,1.2311,False,2995.0,31
"Kuhnel, Joel",ATH,FC,0.0016105470955591482,108,106.6,1.0535,False,11514.0,108
"Kuhnel, Joel",ATH,FF,-0.0070261935276600225,21,88.1,0.9844,False,1850.0,21
"Kuhnel, Joel",ATH,SI,-0.0010697563990088293,199,100.5,0.8754,False,19990.0,199
"Kuhnel, Joel",ATH,SL,0.0012788689695298673,10,89.1,1.4891,False,891.0,10
"Kuhnel, Joel",MIL,CH,-0.0067212022840976715,5,85.0,1.3004,False,425.0,5
"Kuhnel, Joel",MIL,FC,0.003575435553883976,71,112.6,1.1468,False,7996.0,71
"Kuhnel, Joel",MIL,FF,-0.007165533322323527,9,87.9,1.0199,False,791.0,9
"Kuhnel, Joel",MIL,SI,0.0030132960790702464,92,107.9,0.964,False,9929.0,92
"Kuhnel, Joel",MIL,SL,0.005050428073445801,16,98.1,1.1463,False,1570.0,16
"Kuhnel, Joel",SFG,CH,-0.0010529417428188025,5,96.3,1.3565,False,674.0,7
"Kuhnel, Joel",SFG,FC,0.0037620664159241585,31,112.4,1.0786,False,4047.0,36
"Kuhnel, Joel",SFG,FF,-0.006390388859371241,18,89.0,0.9583,False,1869.0,21
"Kuhnel, Joel",SFG,SI,0.0021637904256025724,98,106.1,0.8905,False,10607.0,100
"Kuhnel, Joel",SFG,SL,0.007611048302020539,22,104.3,1.0091,False,2295.0,22
"La Sorsa, Joe",BOS,FF,-0.007958456175401807,2,86.0,0.8937,False,172.0,2
"La Sorsa, Joe",BOS,SI,-0.0024360488168895245,2,98.0,1.06,False,196.0,2
"La Sorsa, Joe",BOS,ST,0.004454235313460231,4,90.2,1.379,False,361.0,4
"Lambert, Peter",HOU,CH,-0.002918089882306153,619,92.2,1.0126,False,57810.0,627
"Lambert, Peter",HOU,CU,8.600894278532468e-06,189,92.9,1.3048,False,17653.0,190
"Lambert, Peter",HOU,FC,-0.002159900160563666,256,95.2,1.0591,False,24655.0,259
"Lambert, Peter",HOU,FF,-0.0031258909128648532,837,95.6,0.6293,False,80748.0,845
"Lambert, Peter",HOU,SI,-0.0018211412549335793,254,99.1,0.794,False,26257.0,265
"Lambert, Peter",HOU,SL,0.005464260351321795,285,99.2,1.0225,False,28286.0,285
"Lambert, Peter",HOU,ST,0.009986159318670492,161,104.3,1.1607,False,17842.0,171
"Lange, Alex",KCR,CH,0.002412088289476779,245,102.5,0.8947,False,25102.0,245
"Lange, Alex",KCR,FC,-0.0027377559971125355,155,93.4,1.0422,False,14480.0,155
"Lange, Alex",KCR,FF,-0.004612376876364454,117,92.8,0.6853,False,10856.0,117
"Lange, Alex",KCR,SI,0.004180776902452143,266,110.2,0.5907,False,29300.0,266
"Lange, Alex",KCR,SL,0.00552522053658322,352,99.4,0.6305,False,34973.0,352
"Latz, Jacob",TEX,CH,0.006519118629031587,227,110.4,0.6742,False,25051.0,227
"Latz, Jacob",TEX,CU,0.0003002793295177454,83,93.6,0.9609,False,7768.0,83
"Latz, Jacob",TEX,FF,0.003188330164655845,627,107.7,0.447,False,67550.0,627
"Latz, Jacob",TEX,SL,0.0055481062011052094,191,99.4,0.7446,False,18988.0,191
"Lauer, Eric",LAD,CH,-0.01218081285705699,164,74.4,0.8994,False,12199.0,164
"Lauer, Eric",LAD,CU,-0.004199102925504008,161,84.0,0.8187,False,13529.0,161
"Lauer, Eric",LAD,FC,-0.0035243918725280953,310,91.0,0.7169,False,28213.0,310
"Lauer, Eric",LAD,FF,-0.011054286981008623,490,80.4,0.5152,False,39389.0,490
"Lauer, Eric",LAD,SL,0.003652739249205872,87,94.8,1.1354,False,8251.0,87
"Lauer, Eric",TOR,CH,-0.009584736951532809,104,79.4,1.357,False,8256.0,104
"Lauer, Eric",TOR,CU,-0.0048478388862956,60,82.6,0.8084,False,4957.0,60
"Lauer, Eric",TOR,FC,-0.004505026129746072,116,88.0,0.7473,False,10209.0,116
"Lauer, Eric",TOR,FF,-0.010252073232761838,275,81.9,0.5683,False,22532.0,275
"Lauer, Eric",TOR,SL,-6.801553412360397e-05,47,85.9,0.8444,False,4037.0,47
"Lavender, Nate",NYM,CH,0.003435066045747827,23,104.3,1.4222,False,2399.0,23
"Lavender, Nate",NYM,FF,-0.003138333942438799,216,95.6,0.6897,False,20645.0,216
"Lavender, Nate",NYM,FS,-0.008058931678533554,2,79.0,,False,158.0,2
"Lavender, Nate",NYM,SL,-0.0010952180503712345,30,83.6,1.0851,False,2507.0,30
"Lavender, Nate",NYM,ST,0.010640154456031387,23,106.2,1.2994,False,2443.0,23
"Law, Derek",ARI,CH,0.0027970834922038754,13,103.2,0.7584,False,1342.0,13
"Law, Derek",ARI,CU,-0.005718400236219168,1,81.0,0.9237,False,81.0,1
"Law, Derek",ARI,FC,-0.0025723962047566706,69,93.9,0.5534,False,6481.0,69
"Law, Derek",ARI,FF,-0.009520445984822733,27,83.3,0.5217,False,2249.0,27
"Law, Derek",ARI,SI,-0.0042230296530760825,8,94.4,0.5425,False,755.0,8
"Law, Derek",ARI,SL,0.0034056894456537317,36,94.2,0.6036,False,3390.0,36
"Laweryson, Cody",MIN,CH,0.0017283927394611627,43,101.1,1.2034,False,4349.0,43
"Laweryson, Cody",MIN,FF,3.248479934062309e-05,203,101.6,0.6695,False,20627.0,203
"Laweryson, Cody",MIN,SL,0.003956695916422177,50,95.7,1.0089,False,4783.0,50
"Lawrence, Justin",MIN,FF,0.007802230542438338,16,116.5,1.5437,False,1864.0,16
"Lawrence, Justin",MIN,SI,-0.0009038753753523214,73,100.8,0.6761,False,7357.0,73
"Lawrence, Justin",MIN,ST,0.008925950193598337,74,101.9,0.9321,False,7538.0,74
"Lawrence, Justin",PIT,FF,0.011370267331822897,69,123.3,1.2568,False,8510.0,69
"Lawrence, Justin",PIT,SI,0.002026428951091317,167,106.1,0.6012,False,17724.0,167
"Lawrence, Justin",PIT,ST,0.009523500638521998,155,103.3,0.9615,False,16017.0,155
"Lawrence, Justin",WSH,FF,-0.002061561290853812,6,97.7,1.2729,False,586.0,6
"Lawrence, Justin",WSH,SI,0.0019938568460660193,54,106.1,0.6556,False,5728.0,54
"Lawrence, Justin",WSH,ST,0.010605387009023356,70,106.2,0.9074,False,7431.0,70
"Lazar, Max",PHI,CU,0.002686906321388152,27,98.8,0.7208,False,2667.0,27
"Lazar, Max",PHI,FF,-0.0027304313677080647,61,96.4,0.5685,False,5880.0,61
"Lazar, Max",PHI,FS,0.009638371611280101,35,108.8,1.3364,False,3808.0,35
"Lazar, Max",PHI,SL,0.005378799554433279,33,99.0,0.8124,False,3267.0,33
"Leahy, Kyle",STL,CH,-0.0004558444703681916,338,96.9,0.9068,False,32765.0,338
"Leahy, Kyle",STL,CU,0.0020680776776289813,373,97.4,0.9163,False,36319.0,373
"Leahy, Kyle",STL,FF,-0.0026905847979520094,610,96.4,0.7109,False,58834.0,610
"Leahy, Kyle",STL,SI,0.0016611499127514818,304,105.4,0.6947,False,32053.0,304
"Leahy, Kyle",STL,SL,-0.000676938936396297,386,84.4,0.7083,False,32589.0,386
"Leahy, Kyle",STL,ST,0.0128542054602465,317,111.9,0.8672,False,35464.0,317
"Leasure, Jordan",CWS,FF,0.001213210797427702,165,103.9,0.4912,False,17148.0,165
"Leasure, Jordan",CWS,FS,0.0008634885074570775,10,94.1,1.2262,False,941.0,10
"Leasure, Jordan",CWS,SI,-0.0009371244967042002,10,100.8,0.9634,False,1008.0,10
"Leasure, Jordan",CWS,SL,0.006655770639554248,128,102.1,0.5413,False,13075.0,128
"Lee, Chase",TOR,CH,-0.0063163231991763625,14,85.7,0.9462,False,1200.0,14
"Lee, Chase",TOR,FF,-0.003944729364135397,27,94.1,1.693,False,2540.0,27
"Lee, Chase",TOR,SI,-0.008814852796674062,52,86.3,0.6355,False,4486.0,52
"Lee, Chase",TOR,ST,0.010599326258327565,53,106.1,0.7659,False,5621.0,53
"Lee, Dylan",ATL,CH,-0.00230754725070095,170,93.4,0.6869,False,15870.0,170
"Lee, Dylan",ATL,FF,0.0014185494244612976,335,104.3,0.4014,False,34940.0,335
"Lee, Dylan",ATL,SL,0.0039059087847567713,549,95.5,0.5958,False,52426.0,549
"Legumina, Casey",SEA,CH,-0.0029720945243579557,21,92.0,0.825,False,1931.0,21
"Legumina, Casey",SEA,FF,0.0061959076379554424,86,113.5,0.5191,False,9762.0,86
"Legumina, Casey",SEA,SI,-0.0023498759807504634,48,98.1,0.5689,False,4708.0,48
"Legumina, Casey",SEA,ST,0.009680019884119527,52,103.8,0.9172,False,5397.0,52
"Legumina, Casey",TBR,CH,-0.00363249077864052,115,90.8,0.7687,False,10629.0,117
"Legumina, Casey",TBR,FF,0.005361103243649052,421,111.5,0.577,False,47616.0,427
"Legumina, Casey",TBR,SI,0.00043891490948353324,172,103.2,0.6225,False,18164.0,176
"Legumina, Casey",TBR,SL,0.0021123521534582683,127,91.0,1.1401,False,11735.0,129
"Legumina, Casey",TBR,ST,0.011752114456612617,78,108.8,0.7952,False,8703.0,80
"Leibrandt, Brandon",CIN,CU,-0.0013642659178003669,2,90.0,1.4281,False,180.0,2
"Leibrandt, Brandon",CIN,FF,-0.0127171974692663,33,77.2,0.9442,False,2547.0,33
"Leibrandt, Brandon",CIN,FS,0.004388709654988445,27,99.9,1.4657,False,2696.0,27
"Leibrandt, Brandon",CIN,SI,-0.008543512085452676,4,86.5,1.0822,False,346.0,4
"Leibrandt, Brandon",CIN,SL,-0.0014954198131817975,22,82.5,1.1015,False,1814.0,22
"Leibrandt, Brandon",CIN,ST,0.0028982262222350323,11,86.5,1.4896,False,952.0,11
"Leiter Jr., Mark",ATH,CU,0.0024835268380246694,106,98.2,0.563,False,10413.0,106
"Leiter Jr., Mark",ATH,FC,-0.004658198490277773,51,87.6,0.6806,False,4467.0,51
"Leiter Jr., Mark",ATH,FF,-0.011337383937312883,66,79.8,0.5798,False,5269.0,66
"Leiter Jr., Mark",ATH,FS,0.004338446415829681,181,99.8,0.6592,False,18058.0,181
"Leiter Jr., Mark",ATH,SI,-0.006224549492888938,142,91.0,0.4965,False,12918.0,142
"Leiter Jr., Mark",ATH,SL,0.0022108708741143345,5,91.4,1.0512,False,457.0,5
"Leiter, Jack",TEX,CH,0.011913146781763152,244,120.7,0.6513,False,29460.0,244
"Leiter, Jack",TEX,CU,0.0022027005325667903,122,97.7,0.8875,False,11915.0,122
"Leiter, Jack",TEX,FC,-0.0011263898449316103,135,98.3,0.9135,False,13268.0,135
"Leiter, Jack",TEX,FF,0.0020525431670391026,533,105.5,0.4502,False,56249.0,533
"Leiter, Jack",TEX,SI,0.002535213248153344,110,107.1,0.644,False,11782.0,110
"Leiter, Jack",TEX,SL,0.008237196988400381,253,105.9,0.7354,False,26793.0,253
"Liberatore, Matthew",STL,CH,-0.006276408153288433,321,85.7,0.5761,False,27510.0,321
"Liberatore, Matthew",STL,CU,0.00903938271488748,470,112.2,0.687,False,52737.0,470
"Liberatore, Matthew",STL,FC,-0.0037290552029547387,101,90.5,0.5437,False,9138.0,101
"Liberatore, Matthew",STL,FF,-0.009208021501324075,783,83.9,0.3629,False,65722.0,783
"Liberatore, Matthew",STL,FS,-0.00038510174231810705,9,91.9,1.8356,True,827.0,9
"Liberatore, Matthew",STL,SI,-0.008928589254923108,210,86.0,0.4771,False,18060.0,210
"Liberatore, Matthew",STL,SL,0.005609891320895005,688,99.6,0.5306,False,68516.0,688
"Liberatore, Matthew",STL,ST,0.010660353271911541,12,106.3,1.3639,False,1276.0,12
"Littell, Zack",ARI,FC,-0.009534043449093588,40,72.7,0.8524,False,2908.0,40
"Littell, Zack",ARI,FF,-0.013257211898235255,48,76.2,0.4209,False,3657.0,48
"Littell, Zack",ARI,FS,0.0029978191609515282,78,97.5,0.6888,False,7607.0,78
"Littell, Zack",ARI,SI,-0.015384217685398957,18,74.2,0.492,False,1336.0,18
"Littell, Zack",ARI,ST,-0.0005461069260491059,10,77.5,0.7571,False,775.0,10
"Littell, Zack",WSH,FC,-0.00781625436198647,522,78.0,0.6209,False,40695.0,522
"Littell, Zack",WSH,FF,-0.012462639835227425,449,77.7,0.3752,False,34873.0,449
"Littell, Zack",WSH,FS,4.711737398095849e-05,377,92.5,0.5886,False,34890.0,377
"Littell, Zack",WSH,SI,-0.01384701950241665,270,77.0,0.3834,False,20785.0,270
"Littell, Zack",WSH,ST,-0.0004376273647371733,161,77.9,0.6635,False,12546.0,161
"Little, Brendon",TOR,CU,0.010001756105898844,156,114.3,0.8109,False,17826.0,156
"Little, Brendon",TOR,FF,-0.003349400350379391,94,95.1,1.1542,False,8944.0,94
"Little, Brendon",TOR,SI,0.00033550149681641964,149,103.0,0.677,False,15349.0,149
"Little, Brendon",TOR,SL,0.0027837530575150335,153,92.8,1.2797,False,14195.0,153
"Little, Luke",CHC,FF,0.006432562517667455,7,114.0,1.4134,False,798.0,7
"Little, Luke",CHC,SI,0.006941678118892014,8,115.1,1.06,False,921.0,8
"Little, Luke",CHC,ST,-0.0017187861958518624,4,74.8,1.7576,False,299.0,4
"Lodolo, Nick",CIN,CH,-0.0007830902231398583,429,96.3,0.6092,False,41306.0,429
"Lodolo, Nick",CIN,FF,-0.0014086175903143127,479,98.9,0.53,False,47374.0,479
"Lodolo, Nick",CIN,SI,-0.0011646634350854308,528,100.3,0.4847,False,52942.0,528
"Lodolo, Nick",CIN,SL,0.004645267083200153,463,97.3,0.7247,False,45041.0,463
"Lonsway, Seth",SFG,CH,-0.0054737859630092445,7,87.3,1.5313,False,611.0,7
"Lonsway, Seth",SFG,FF,-0.019336272962391376,2,64.5,1.4075,False,129.0,2
"Lonsway, Seth",SFG,SI,-0.0060760961462031395,17,92.9,0.9272,False,1950.0,21
"Lonsway, Seth",SFG,SL,-0.0027709576534107327,2,87.6,1.4221,False,438.0,5
"Lonsway, Seth",SFG,ST,0.004854468512348831,5,91.4,1.34,False,457.0,5
"Lopez, Jacob",ATH,CH,-0.0015089998860040334,193,94.9,0.7435,False,18317.0,193
"Lopez, Jacob",ATH,FC,-0.00239253342578795,441,94.5,0.684,False,41653.0,441
"Lopez, Jacob",ATH,FF,-0.0011764011219837528,762,99.3,0.5752,False,75692.0,762
"Lopez, Jacob",ATH,SI,-0.0038703076267276107,70,95.3,0.7252,False,6670.0,70
"Lopez, Jacob",ATH,ST,0.005117592554870982,752,92.1,0.7387,False,69263.0,752
"Lord, Brad",WSH,CH,-0.0034470244115083547,69,91.1,0.8275,False,6288.0,69
"Lord, Brad",WSH,FF,-0.0030512893727203706,520,95.7,0.5173,False,49773.0,520
"Lord, Brad",WSH,SI,-0.006746007196696269,384,90.0,0.6211,False,34566.0,384
"Lord, Brad",WSH,SL,0.0051391378182035225,282,98.5,0.6393,False,27763.0,282
"Lord, Brad",WSH,ST,0.00758825242333086,207,98.4,1.8422,True,20371.0,207
"Lorenzen, Michael",COL,CH,0.0014354859922140633,421,100.6,0.7018,False,42342.0,421
"Lorenzen, Michael",COL,CU,0.0015462162434045487,240,96.2,1.1443,False,23093.0,240
"Lorenzen, Michael",COL,FC,-0.0037637682637516275,313,90.3,0.8273,False,28255.0,313
"Lorenzen, Michael",COL,FF,-0.004620569012902175,414,92.7,0.6236,False,38392.0,414
"Lorenzen, Michael",COL,FS,-0.0020511667809093043,34,89.0,1.0869,False,3027.0,34
"Lorenzen, Michael",COL,SI,-0.005400766208640871,442,92.5,0.5438,False,40877.0,442
"Lorenzen, Michael",COL,SL,0.0024536729744932505,186,91.9,0.8947,False,17102.0,186
"Lorenzen, Michael",COL,ST,0.004685976935829588,138,91.1,0.6966,False,12565.0,138
"Lorenzen, Michael",TOR,CH,0.004483450625283534,34,106.5,0.9668,False,3620.0,34
"Lorenzen, Michael",TOR,CU,0.0026658898801542818,10,98.7,1.1518,False,987.0,10
"Lorenzen, Michael",TOR,FC,-0.001885409325812802,33,96.0,1.031,False,3167.0,33
"Lorenzen, Michael",TOR,FF,-0.0006045729611427165,39,100.5,0.9229,False,3920.0,39
"Lorenzen, Michael",TOR,SI,-0.0017073247923374015,46,99.3,0.8745,False,4566.0,46
"Lorenzen, Michael",TOR,SL,0.00426669790476808,16,96.3,1.1099,False,1541.0,16
"Lorenzen, Michael",TOR,ST,0.0073555468034636065,34,97.8,0.8897,False,3326.0,34
"Lovelady, Richard",NYM,FF,-0.008393502519042655,22,85.5,0.722,False,1881.0,22
"Lovelady, Richard",NYM,SI,-0.00787440334660578,46,87.9,0.582,False,4043.0,46
"Lovelady, Richard",NYM,SL,-0.006426139307829241,6,70.7,0.8579,False,424.0,6
"Lovelady, Richard",NYM,ST,0.0002111321044929286,53,79.6,1.046,False,4217.0,53
"Lovelady, Richard",WSH,FF,-0.007892210273923646,124,86.5,0.7681,False,10721.0,124
"Lovelady, Richard",WSH,SI,-0.003377218671218327,139,96.2,0.613,False,13371.0,139
"Lovelady, Richard",WSH,SL,-0.002130486311532719,23,80.9,1.0304,False,1861.0,23
"Lovelady, Richard",WSH,ST,0.0006493635423533903,227,80.7,0.9665,False,18322.0,227
"Lowder, Rhett",CIN,CH,2.9918526087269143e-05,461,97.9,1.1849,False,45112.0,461
"Lowder, Rhett",CIN,CU,0.0034363540497594582,67,100.2,1.3452,False,6714.0,67
"Lowder, Rhett",CIN,FF,-0.0096789062172754,461,83.0,0.9147,False,38280.0,461
"Lowder, Rhett",CIN,SI,-0.005410560233806353,695,92.5,0.8505,False,64267.0,695
"Lowder, Rhett",CIN,SL,0.0027042377865533138,612,92.6,1.1015,False,56660.0,612
"Loáisiga, Jonathan",ARI,CH,0.004534271651854715,246,106.5,0.7892,False,26206.0,246
"Loáisiga, Jonathan",ARI,FC,0.0010724815910577144,71,105.0,1.2404,False,7457.0,71
"Loáisiga, Jonathan",ARI,FF,-0.0014403870480903056,142,98.8,0.8538,False,14034.0,142
"Loáisiga, Jonathan",ARI,SI,0.012094160079386601,332,124.6,0.5969,False,41371.0,332
"Loáisiga, Jonathan",ARI,SL,0.01239311426748814,137,115.9,1.1223,False,15881.0,137
"Lucchesi, Joey",LAA,CU,-0.001924109868827815,19,88.8,0.9009,False,1687.0,19
"Lucchesi, Joey",LAA,FF,-0.010839779817615636,20,80.8,0.7289,False,1617.0,20
"Lucchesi, Joey",LAA,FS,0.0011145721800858155,8,94.4,1.6806,False,755.0,8
"Lucchesi, Joey",LAA,SI,-0.003708438655385695,53,95.6,0.5703,False,5067.0,53
"Lucchesi, Joey",LAA,SL,-0.003016056096054275,11,78.7,0.7409,False,866.0,11
"Lugo, Seth",KCR,CH,-0.00627627440934597,233,85.7,1.1551,False,19977.0,233
"Lugo, Seth",KCR,CU,0.005179487846388448,420,104.0,1.497,False,43680.0,420
"Lugo, Seth",KCR,FC,0.0002380792766436463,457,102.4,1.1234,False,46814.0,457
"Lugo, Seth",KCR,FF,-0.00458017851379744,476,92.8,1.0043,False,44169.0,476
"Lugo, Seth",KCR,FS,-0.007338829323998652,20,80.0,1.3393,False,1600.0,20
"Lugo, Seth",KCR,SI,-0.00857433257204235,554,86.7,0.9284,False,48017.0,554
"Lugo, Seth",KCR,SL,0.003225583436979344,259,93.9,1.2657,False,24313.0,259
"Lugo, Seth",KCR,ST,0.0063523545924089285,364,95.3,1.1399,False,34680.0,364
"Lugo, Seth",KCR,SV,0.005585518603135521,75,99.5,1.463,False,7466.0,75
"Luzardo, Jesús",PHI,FF,-0.0012970010958507994,749,99.1,0.4178,False,74232.0,749
"Luzardo, Jesús",PHI,FS,4.91022493544398e-05,521,92.5,1.0649,False,48212.0,521
"Luzardo, Jesús",PHI,SI,-0.003907335755291525,493,95.3,0.5904,False,47364.0,497
"Luzardo, Jesús",PHI,ST,0.005862601703280367,1090,94.0,0.6646,False,102476.0,1090
"Lynch IV, Daniel",KCR,CH,-0.002687005279545497,303,92.8,1.0667,False,29313.0,316
"Lynch IV, Daniel",KCR,CU,0.0007245367777911934,119,94.5,1.196,False,11531.0,122
"Lynch IV, Daniel",KCR,FF,-0.003100632406765213,195,95.6,0.7927,False,18739.0,196
"Lynch IV, Daniel",KCR,SI,-0.00235508049412628,376,97.5,0.6544,False,40761.0,418
"Lynch IV, Daniel",KCR,SL,0.0036262338691096484,231,94.9,1.0283,False,23540.0,248
"López, Reynaldo",ATL,CH,-0.0023249231333985726,56,93.2,0.9967,False,5222.0,56
"López, Reynaldo",ATL,CU,-0.002116857034789357,155,88.4,0.8242,False,13706.0,155
"López, Reynaldo",ATL,FF,-0.0034697722197830957,739,94.9,0.402,False,70154.0,739
"López, Reynaldo",ATL,SL,0.0014083103887501825,418,89.4,0.5574,False,37377.0,418
"Macko, Adam",TEX,CU,-0.004753155400976539,2,83.0,1.302,False,166.0,2
"Macko, Adam",TEX,FF,-0.0042552455373592426,76,93.4,0.6124,False,7098.0,76
"Macko, Adam",TEX,FS,0.003233768032507876,33,98.0,1.2086,False,3234.0,33
"Macko, Adam",TEX,SL,0.0032231796449195826,66,93.8,1.056,False,6193.0,66
"Macko, Adam",TOR,CU,-0.00028072901338981905,21,92.4,1.1952,False,1940.0,21
"Macko, Adam",TOR,FF,-0.004560167129706575,154,92.8,0.6169,False,14298.0,154
"Macko, Adam",TOR,FS,0.0024301015695456563,51,96.6,1.1915,False,4929.0,51
"Macko, Adam",TOR,SL,0.0036489373170159965,165,94.8,1.0581,False,15645.0,165
"Macko, Adam",TOR,ST,0.0009894143618617414,9,81.7,1.3959,False,735.0,9
"Madden, Ty",DET,CU,-0.005736637394875288,4,81.0,1.3482,False,324.0,4
"Madden, Ty",DET,FC,-0.0023914800101739655,141,94.6,1.0766,False,14752.0,156
"Madden, Ty",DET,FF,-0.006216808735274045,236,90.2,0.6489,False,22363.0,248
"Madden, Ty",DET,FS,-0.0012895377513625207,101,90.3,0.9385,False,9392.0,104
"Madden, Ty",DET,SI,-0.006312189727108681,76,90.7,0.8578,False,7349.0,81
"Madden, Ty",DET,SL,0.00297644510373237,161,93.3,1.054,False,15118.0,162
"Mahle, Tyler",ATL,FC,-0.005465545974759521,79,85.1,0.6668,False,6721.0,79
"Mahle, Tyler",ATL,FF,-0.002824853154261291,400,96.2,0.3282,False,38472.0,400
"Mahle, Tyler",ATL,FS,-0.0004028678816467397,317,91.7,0.7635,False,29081.0,317
"Mahle, Tyler",ATL,SL,0.00651391435115199,28,101.8,0.8387,False,2851.0,28
"Mahle, Tyler",SFG,FC,-0.0050357265141307535,300,86.4,0.6541,False,25930.0,300
"Mahle, Tyler",SFG,FF,-0.0010255853815316184,782,99.6,0.3859,False,77909.0,782
"Mahle, Tyler",SFG,FS,0.0010327810445647351,395,94.2,0.6575,False,37210.0,395
"Mahle, Tyler",SFG,SL,0.005162533940705597,101,98.5,0.8803,False,9952.0,101
"Manaea, Sean",NYM,CH,-0.0028399111475454655,104,92.7,0.8758,False,10016.0,108
"Manaea, Sean",NYM,FC,0.0007303836864794898,181,103.8,1.3885,False,20232.0,195
"Manaea, Sean",NYM,FF,-0.003268778292101479,917,94.9,0.5042,False,90568.0,954
"Manaea, Sean",NYM,SI,-0.005605799688974858,457,92.0,1.0212,False,44517.0,484
"Manaea, Sean",NYM,ST,0.008907668720554924,734,101.7,0.84,False,76478.0,752
"Manfredi, Mark",COL,CH,-0.006141626159660518,11,85.9,1.1091,False,1203.0,14
"Manfredi, Mark",COL,FF,4.855869618435222e-05,166,101.6,0.6145,False,18389.0,181
"Manfredi, Mark",COL,SI,-0.0047008089410761995,6,93.8,0.8637,False,563.0,6
"Manfredi, Mark",COL,SL,0.0029546635376216926,73,93.1,1.0619,False,7728.0,83
"Manfredi, Mark",COL,ST,0.006570234237837472,14,95.8,1.3082,False,1341.0,14
"Manoah, Alek",LAA,CH,-0.009437480494869472,55,79.7,1.4129,False,4381.0,55
"Manoah, Alek",LAA,FF,-0.005998208449454978,20,90.1,1.0082,False,1802.0,20
"Manoah, Alek",LAA,SI,-0.009927198186420672,63,84.2,1.1204,False,5303.0,63
"Manoah, Alek",LAA,ST,0.0002981898249582509,23,79.8,1.4325,False,1835.0,23
"Mantiply, Joe",TOR,CH,-0.004317702065644862,98,89.5,0.6082,False,8772.0,98
"Mantiply, Joe",TOR,SI,-0.0015979986987822953,195,99.5,0.439,False,19393.0,195
"Mantiply, Joe",TOR,SL,0.003207972443357543,106,93.8,0.6927,False,9939.0,106
"Marinaccio, Ron",CIN,CH,0.0042510596517546986,19,106.0,1.4748,False,2014.0,19
"Marinaccio, Ron",CIN,FC,0.0013779470402479285,33,105.9,1.6257,False,3494.0,33
"Marinaccio, Ron",CIN,FF,0.0018505668366450886,53,105.2,0.7454,False,5578.0,53
"Marinaccio, Ron",CIN,ST,0.006642475355571757,24,96.0,1.2863,False,2303.0,24
"Marinaccio, Ron",PIT,CH,0.0023586127208545804,17,102.3,1.2322,False,1739.0,17
"Marinaccio, Ron",PIT,FC,0.002764671334651731,28,110.1,1.2518,False,3084.0,28
"Marinaccio, Ron",PIT,FF,0.002338785852953151,30,106.1,0.775,False,3184.0,30
"Marinaccio, Ron",PIT,ST,0.007162097942041742,22,97.3,1.1881,False,2141.0,22
"Marinaccio, Ron",SDP,CH,0.0057466653303242235,237,108.8,0.8688,False,25796.0,237
"Marinaccio, Ron",SDP,FC,0.0029436760703017194,148,110.6,0.9947,False,16371.0,148
"Marinaccio, Ron",SDP,FF,0.0025591191859383996,357,106.5,0.6098,False,38017.0,357
"Marinaccio, Ron",SDP,ST,0.010791799494472797,50,106.6,0.9498,False,5330.0,50
"Marte, Yunior",CIN,FF,0.013670512142458133,7,127.9,1.0998,False,895.0,7
"Marte, Yunior",CIN,SI,0.004954105243086815,2,111.5,1.1011,False,223.0,2
"Marte, Yunior",CIN,SL,0.001161272105188497,12,88.9,1.1223,False,1067.0,12
"Marte, Yunior",SFG,FF,-0.01174204338766525,170,79.0,0.9898,False,13436.0,170
"Marte, Yunior",SFG,FS,0.009153387351137287,53,108.0,1.3883,False,5722.0,53
"Marte, Yunior",SFG,SL,0.002350438399372263,158,91.7,0.8884,False,14493.0,158
"Martin, Chris",TEX,FC,0.005279194784004806,104,117.8,0.4263,False,12253.0,104
"Martin, Chris",TEX,FF,-0.0012944034997837241,65,99.1,0.4201,False,6444.0,65
"Martin, Chris",TEX,FS,0.00865941372467205,24,107.1,0.5252,False,2571.0,24
"Martin, Chris",TEX,SI,0.005976167037927856,30,113.3,0.4661,False,3400.0,30
"Martin, Chris",TEX,SL,0.0024059847554391517,14,91.9,0.9288,False,1286.0,14
"Martin, Chris",TEX,ST,0.0024445819610925605,11,85.2,0.7898,False,937.0,11
"Martin, Corbin",CHC,CH,-0.005596905381285718,7,87.1,1.1267,False,610.0,7
"Martin, Corbin",CHC,CU,0.008324422425805377,26,110.7,1.3073,False,2877.0,26
"Martin, Corbin",CHC,FF,-0.0005367408481553164,57,100.5,0.7354,False,5729.0,57
"Martin, Corbin",CHC,SI,0.010186622326727957,4,121.0,1.0484,False,484.0,4
"Martin, Corbin",CHC,SL,0.005789793028003152,17,100.1,1.1141,False,1702.0,17
"Martin, Davis",CWS,CH,0.0025693740482134347,326,102.7,0.5742,False,33493.0,326
"Martin, Davis",CWS,CU,0.0027837089413884253,337,98.9,1.0517,False,33326.0,337
"Martin, Davis",CWS,FC,-0.0017979003034282552,293,96.2,0.7788,False,28201.0,293
"Martin, Davis",CWS,FF,-0.0041231921074152715,642,93.7,0.4944,False,60151.0,642
"Martin, Davis",CWS,SI,-0.007277998707577694,427,89.1,0.5221,False,38026.0,427
"Martin, Davis",CWS,SL,0.004418853038396888,292,96.7,0.6867,False,28234.0,292
"Martin, Riley",CHC,CU,0.006413987604641339,35,106.7,1.6625,False,3733.0,35
"Martin, Riley",CHC,FF,-0.0013641649803433282,65,99.0,0.7786,False,6436.0,65
"Martin, Riley",CHC,SL,0.0028021461593097127,18,92.8,1.0996,False,1671.0,18
"Martin, Trevor",LAA,FC,-0.0022371624390044335,11,92.1,1.2762,False,1566.0,17
"Martin, Trevor",LAA,FF,-0.0042836814997523716,24,92.5,0.7177,False,3979.0,43
"Martin, Trevor",LAA,FS,0.004008532356965589,10,98.6,1.5216,False,1479.0,15
"Martin, Trevor",LAA,SI,-0.006715577561408281,1,90.0,1.5456,False,90.0,1
"Martin, Trevor",LAA,ST,0.004914224341822167,3,88.7,1.4104,False,798.0,9
"Martin, Trevor",TBR,FC,0.0006928474450389677,42,103.9,1.0453,False,4362.0,42
"Martin, Trevor",TBR,FF,0.00583429052712745,80,112.8,0.6814,False,9025.0,80
"Martin, Trevor",TBR,FS,0.002403495269882606,37,96.5,1.3803,False,3572.0,37
"Martin, Trevor",TBR,SI,0.0007465580723734233,13,103.9,0.8408,False,1351.0,13
"Martin, Trevor",TBR,ST,0.005619649367872626,8,93.5,1.4482,False,748.0,8
"Martinez, Justin",ARI,FC,0.008331195865240362,9,127.1,1.3279,False,1271.0,10
"Martinez, Justin",ARI,FF,0.01463226454267632,79,130.1,1.0063,False,10927.0,84
"Martinez, Justin",ARI,FS,0.02919466825950818,51,141.7,1.5754,False,7652.0,54
"Martinez, Justin",ARI,SI,0.017100411277464395,71,134.2,1.2613,False,11269.0,84
"Martinez, Nick",TBR,CH,0.005524417293836251,639,108.5,0.8129,False,70401.0,649
"Martinez, Nick",TBR,CU,-0.0008050773519323574,103,91.2,0.7439,False,9398.0,103
"Martinez, Nick",TBR,FC,-0.003690754701746256,534,90.7,0.6718,False,49908.0,550
"Martinez, Nick",TBR,FF,-0.007737562982956746,317,86.7,0.692,False,27819.0,321
"Martinez, Nick",TBR,SI,-0.0012273362810273209,785,100.1,0.6501,False,80141.0,801
"Martinez, Nick",TBR,SL,0.0005859748243992627,91,87.3,1.074,False,8294.0,95
"Martinez, Seth",BOS,CH,-0.012723509222269058,2,73.0,2.0906,True,146.0,2
"Martinez, Seth",BOS,FF,-0.002272610225190874,4,97.2,1.697,False,389.0,4
"Martinez, Seth",BOS,SI,0.0012555638001815947,7,104.9,1.3665,False,734.0,7
"Martinez, Seth",BOS,ST,0.00982623164438539,9,104.2,1.8748,True,938.0,9
"Mathews, Quinn",STL,CH,-0.004749406089635105,137,88.7,1.3356,False,12151.0,137
"Mathews, Quinn",STL,CU,-0.00014238201891140337,116,92.6,1.0574,False,10747.0,116
"Mathews, Quinn",STL,FF,-0.002129678557477226,350,97.5,0.7089,False,34126.0,350
"Mathews, Quinn",STL,SI,-0.004968574042697369,68,93.3,0.9211,False,6345.0,68
"Mathews, Quinn",STL,SL,0.0008301464265931994,196,88.0,0.9966,False,17254.0,196
"Maton, Phil",CHC,CU,0.012666342998825344,158,119.9,0.7008,False,18949.0,158
"Maton, Phil",CHC,FC,-9.435568636666239e-05,202,101.4,0.5879,False,20486.0,202
"Maton, Phil",CHC,SI,-0.011096544249561949,103,82.0,0.7061,False,8446.0,103
"Maton, Phil",CHC,ST,0.0032906236246414765,83,87.4,0.8386,False,7258.0,83
"Matsui, Yuki",SDP,FF,0.00011584070861898503,415,101.8,0.4093,True,42251.0,415
"Matsui, Yuki",SDP,FS,0.003174434515910564,280,97.8,0.8022,True,27391.0,280
"Matsui, Yuki",SDP,SI,-0.002991112957048851,30,96.9,1.0194,True,2906.0,30
"Matsui, Yuki",SDP,SL,0.006924444628068914,318,102.8,0.7303,True,32677.0,318
"Matsui, Yuki",SDP,ST,0.0056623224659566275,41,93.5,0.7767,True,3834.0,41
"Matthews, Zebby",MIN,CH,-0.0038501966047468678,280,90.4,0.742,False,25308.0,280
"Matthews, Zebby",MIN,CU,-0.0009674035846360989,235,90.9,1.089,False,21356.0,235
"Matthews, Zebby",MIN,FC,-0.0027113245890387377,260,93.5,0.7121,False,24305.0,260
"Matthews, Zebby",MIN,FF,-0.0008898505442107817,759,99.9,0.4084,False,75810.0,759
"Matthews, Zebby",MIN,SI,-0.0005665071182671248,97,101.4,0.6712,False,9832.0,97
"Matthews, Zebby",MIN,SL,0.004125709811902617,486,96.0,0.6931,False,46660.0,486
"Mattson, Isaac",PIT,CH,0.004322382556770085,74,106.1,1.1773,False,7852.0,74
"Mattson, Isaac",PIT,FC,-0.0010758586017450748,13,98.5,0.9724,False,1280.0,13
"Mattson, Isaac",PIT,FF,-0.0006761948698361179,513,100.3,0.4395,False,51452.0,513
"Mattson, Isaac",PIT,SL,0.0034885028749759273,53,94.4,1.0473,False,5002.0,53
"Mattson, Isaac",PIT,ST,0.004941328099909394,75,91.6,1.1379,False,6873.0,75
"Matz, Steven",TBR,CH,0.002018716149121593,383,101.7,0.7147,False,38946.0,383
"Matz, Steven",TBR,CU,0.0007737521803636108,192,94.6,0.7195,False,18162.0,192
"Matz, Steven",TBR,FC,-0.008302552004655203,3,76.3,0.7866,False,229.0,3
"Matz, Steven",TBR,SI,-0.00398998888284211,673,95.1,0.5245,False,63988.0,673
"Matz, Steven",TBR,SL,0.002583793547072874,77,92.3,1.1565,False,7107.0,77
"Matz, Steven",TBR,ST,0.0033696536830735997,17,87.6,1.3672,False,1490.0,17
"Mautz, Brycen",STL,CH,-0.009927837178111076,3,78.7,1.3256,False,236.0,3
"Mautz, Brycen",STL,CU,0.003364290354819771,59,100.1,1.3883,False,5905.0,59
"Mautz, Brycen",STL,FF,0.000570878544937747,116,102.7,0.8131,False,11911.0,116
"Mautz, Brycen",STL,SI,0.0020538790953320463,44,106.2,1.2068,False,4674.0,44
"Mautz, Brycen",STL,SL,0.005150745776700205,80,98.6,1.1938,False,7884.0,80
"Maxwell, Zach",CIN,FC,0.0031894720636875974,57,111.4,0.9218,False,6350.0,57
"Maxwell, Zach",CIN,FF,0.010145114543806892,171,121.1,0.6291,False,20703.0,171
"Maxwell, Zach",CIN,SL,0.011967082836610429,17,114.9,1.1052,False,1953.0,17
"Maxwell, Zach",CIN,ST,0.010637510618518876,46,106.3,1.0362,False,4888.0,46
"May, Dustin",MIL,CH,-0.003964940575921598,24,90.2,0.9582,False,2164.0,24
"May, Dustin",MIL,CU,0.012493708873024353,65,119.5,1.4419,False,7769.0,65
"May, Dustin",MIL,FC,0.0013490458077137152,184,105.8,0.9495,False,19475.0,184
"May, Dustin",MIL,FF,0.0015710221012245472,133,104.6,0.5582,False,13907.0,133
"May, Dustin",MIL,SI,0.007193102329249498,159,115.6,0.827,False,18381.0,159
"May, Dustin",MIL,ST,0.01192183927240142,83,109.5,1.3203,False,9090.0,83
"May, Dustin",STL,CH,-0.00047733536418739027,121,96.9,1.0136,False,11722.0,121
"May, Dustin",STL,CU,0.010703268128133419,115,115.8,1.5133,False,13314.0,115
"May, Dustin",STL,FC,0.0015638165354222972,385,106.5,0.9729,False,41001.0,385
"May, Dustin",STL,FF,0.0013752544071972256,469,104.2,0.6031,False,48876.0,469
"May, Dustin",STL,SI,0.008280221087229893,317,117.6,0.9528,False,37278.0,317
"May, Dustin",STL,ST,0.012094175005649747,344,109.9,1.2464,False,37818.0,344
"Mayza, Tim",PHI,FF,-0.008384224740767108,122,85.5,0.9234,False,10427.0,122
"Mayza, Tim",PHI,FS,-0.003385160720031506,23,86.7,1.5556,False,1995.0,23
"Mayza, Tim",PHI,SI,-0.003593720413967186,617,95.8,0.511,False,59116.0,617
"Mayza, Tim",PHI,SL,0.0059528282327247885,322,100.4,0.6813,False,32325.0,322
"McCambley, Zach",CIN,FF,-0.0031311077357550413,78,94.2,0.941,False,8005.0,85
"McCambley, Zach",CIN,SL,0.0034191080626947545,90,94.2,1.2459,False,9799.0,104
"McCambley, Zach",CIN,ST,0.007791847485969675,47,99.1,1.249,False,4953.0,50
"McClanahan, Shane",TBR,CU,0.0017195222358284995,273,96.6,0.7139,False,26376.0,273
"McClanahan, Shane",TBR,FF,-0.006804900637985776,697,88.6,0.5106,False,61724.0,697
"McClanahan, Shane",TBR,FS,0.005935517681668299,516,102.5,0.8642,False,52896.0,516
"McClanahan, Shane",TBR,SI,-0.005274139286484569,7,92.6,0.8977,False,648.0,7
"McClanahan, Shane",TBR,SL,0.004650435199775222,337,97.3,0.5985,False,32781.0,337
"McCullers Jr., Lance",HOU,CH,-0.0056009662941122725,95,87.0,0.7514,False,8265.0,95
"McCullers Jr., Lance",HOU,CU,0.0023469527261296965,109,97.9,0.8666,False,10676.0,109
"McCullers Jr., Lance",HOU,FC,0.0005478734543507613,189,103.4,1.0595,False,19539.0,189
"McCullers Jr., Lance",HOU,FF,-0.01281120555860729,29,77.0,0.9732,False,2234.0,29
"McCullers Jr., Lance",HOU,SI,-0.007119656888340914,158,89.3,0.7512,False,14114.0,158
"McCullers Jr., Lance",HOU,ST,0.011848660892523502,115,109.3,0.8523,False,12568.0,115
"McCullers Jr., Lance",MIL,CH,-0.004556554031770919,23,89.1,1.1291,False,2050.0,23
"McCullers Jr., Lance",MIL,CU,0.0006552415143232793,7,94.1,0.9806,False,659.0,7
"McCullers Jr., Lance",MIL,FC,0.0007423125234102675,30,104.0,0.9657,False,3120.0,30
"McCullers Jr., Lance",MIL,FF,-0.017403148114681244,2,68.0,0.9235,False,136.0,2
"McCullers Jr., Lance",MIL,SI,-0.015400268935731478,14,74.1,0.5883,False,1037.0,14
"McCullers Jr., Lance",MIL,ST,0.014919885389861606,21,117.2,0.8367,False,2462.0,21
"McDermott, Chayce",LAD,CU,0.003296154842246324,4,100.0,1.1491,False,400.0,4
"McDermott, Chayce",LAD,FC,-0.0007312356628972339,16,99.5,0.8512,False,1592.0,16
"McDermott, Chayce",LAD,FF,0.0005654863643405192,17,102.7,0.6495,False,1746.0,17
"McDermott, Chayce",LAD,FS,0.0036717825569212437,1,99.0,1.2354,False,99.0,1
"McDermott, Chayce",LAD,SL,0.004239595960825682,1,96.0,0.9432,False,96.0,1
"McDermott, Chayce",NYM,CU,0.000814767381598358,16,94.8,1.031,False,1517.0,16
"McDermott, Chayce",NYM,FC,0.0010381650979979895,40,104.8,0.8735,False,4194.0,40
"McDermott, Chayce",NYM,FF,0.0014301349069586302,47,104.4,0.5886,False,4905.0,47
"McDermott, Chayce",NYM,FS,0.005610313479943822,6,101.8,1.1457,False,611.0,6
"McDermott, Chayce",NYM,SL,0.0037646437496212976,7,95.0,0.8464,False,665.0,7
"McDonald, Trevor",SFG,CH,-0.0030588091687419735,167,92.0,1.3149,False,15358.0,167
"McDonald, Trevor",SFG,FC,-0.003190527836393033,7,92.1,1.2843,False,645.0,7
"McDonald, Trevor",SFG,FF,-0.007979122769589035,13,86.4,0.9072,False,1123.0,13
"McDonald, Trevor",SFG,SI,-0.0014817945620795212,655,99.7,0.7437,False,65293.0,655
"McDonald, Trevor",SFG,ST,0.0036650607119816537,295,88.4,1.0378,False,26082.0,295
"McDougal, Tanner",CWS,CH,4.2152765672653913e-05,1,98.0,1.5968,False,98.0,1
"McDougal, Tanner",CWS,CU,0.014154067263007164,2,123.0,1.3609,False,246.0,2
"McDougal, Tanner",CWS,FF,0.0002092841448757099,20,102.0,0.7621,False,2039.0,20
"McDougal, Tanner",CWS,SL,0.01372476201504469,2,119.0,1.3495,False,238.0,2
"McFarlane, Alex",PHI,FF,0.013033148665446788,125,126.1,0.8433,False,16769.0,133
"McFarlane, Alex",PHI,SI,0.008942048619471055,77,119.0,1.0806,False,9876.0,83
"McFarlane, Alex",PHI,SL,0.011251398260620507,55,113.2,1.4621,False,7131.0,63
"McFarlane, Alex",PHI,ST,0.01493820683522658,33,117.2,1.3236,False,3866.0,33
"McGee, Easton",KCR,CH,-0.010488238917397601,7,77.6,1.288,False,543.0,7
"McGee, Easton",KCR,CU,0.0005729474839881732,32,94.2,1.4138,False,3014.0,32
"McGee, Easton",KCR,FC,-0.006487499612073104,27,82.0,1.1404,False,2214.0,27
"McGee, Easton",KCR,FF,-0.005770994760496251,32,90.5,0.8627,False,2897.0,32
"McGee, Easton",KCR,SI,-0.005245098076557042,32,92.8,0.9087,False,2970.0,32
"McGee, Easton",KCR,ST,0.005991946720314445,32,94.3,1.4049,False,3018.0,32
"McGee, Easton",MIL,CU,0.0009467696589935157,9,94.9,1.379,False,854.0,9
"McGee, Easton",MIL,FC,-0.004282291512936354,5,88.8,1.184,False,444.0,5
"McGee, Easton",MIL,FF,-0.006232176907360554,6,89.7,0.9919,False,538.0,6
"McGee, Easton",MIL,SI,-0.00129432394169271,2,100.0,1.0956,False,200.0,2
"McGreevy, Michael",STL,CH,-0.0027340549764300857,565,92.5,0.6812,False,52275.0,565
"McGreevy, Michael",STL,CU,0.0012997337766645072,351,95.7,0.6671,False,33594.0,351
"McGreevy, Michael",STL,FC,-0.005606462918401764,314,84.7,0.7017,False,26591.0,314
"McGreevy, Michael",STL,FF,-0.011181635935455207,731,80.1,0.5449,False,58587.0,731
"McGreevy, Michael",STL,SI,-0.0052342549264350075,401,92.8,0.58,False,37200.0,401
"McGreevy, Michael",STL,SL,-0.0007943230172079458,119,84.1,0.9981,False,10012.0,119
"McGreevy, Michael",STL,ST,0.004984311407808914,292,91.8,0.7448,False,26811.0,292
"McLean, Nolan",NYM,CH,0.004327347747567214,184,106.1,1.1483,False,19524.0,184
"McLean, Nolan",NYM,CU,-0.0035072639357360243,425,85.5,0.8946,False,36323.0,425
"McLean, Nolan",NYM,FC,0.0046316884261709285,306,115.8,0.8002,False,35439.0,306
"McLean, Nolan",NYM,FF,0.006222543314480761,561,113.5,0.7263,False,63700.0,561
"McLean, Nolan",NYM,SI,0.004113819443888571,1012,110.0,0.7599,False,111281.0,1012
"McLean, Nolan",NYM,ST,0.0036054475437633533,426,88.3,0.9286,False,37595.0,426
"Mears, Nick",KCR,CH,0.01337861236081355,36,123.6,1.2049,False,4448.0,36
"Mears, Nick",KCR,CU,0.0008263665830801746,46,94.7,0.9487,False,4357.0,46
"Mears, Nick",KCR,FF,0.00025843894889562976,126,102.1,0.5371,False,12859.0,126
"Mears, Nick",KCR,SI,0.0005993646394927054,40,103.6,0.8406,False,4144.0,40
"Mears, Nick",KCR,SL,0.005762849147030983,93,99.9,0.7283,False,9294.0,93
"Mederos, Victor",ATL,FC,0.0016347954473618248,271,106.7,1.1928,False,28912.0,271
"Mederos, Victor",ATL,FF,0.005564780118977175,137,112.3,0.7997,False,15382.0,137
"Mederos, Victor",ATL,FS,0.00478270881906307,75,100.6,1.1827,False,7542.0,75
"Mederos, Victor",ATL,SI,0.003079725099199165,78,108.0,1.1619,False,8427.0,78
"Mederos, Victor",ATL,ST,0.010784923487808556,25,106.6,1.2696,False,2664.0,25
"Medina, Luis",ATH,CU,-0.00032717818364240984,167,92.3,1.196,False,15411.0,167
"Medina, Luis",ATH,FF,0.002054570448097542,371,105.5,0.692,False,39148.0,371
"Medina, Luis",ATH,FS,0.01757213595122634,188,122.2,1.1158,False,22978.0,188
"Medina, Luis",ATH,SI,0.00472534415651656,330,111.1,0.9101,False,36657.0,330
"Medina, Luis",ATH,SL,0.011610586419222859,214,114.1,1.1299,False,24408.0,214
"Megill, Trevor",MIL,FF,0.005128833406819371,565,111.4,0.3833,False,62956.0,565
"Megill, Trevor",MIL,SL,0.01961649697225746,309,133.3,0.8124,False,41201.0,309
"Mejia, Juan",COL,CH,-0.006214782059032586,22,85.8,1.4735,False,1888.0,22
"Mejia, Juan",COL,FF,-0.0035456778415483333,686,94.8,0.7109,False,65039.0,686
"Mejia, Juan",COL,SI,-0.0012814028822049294,80,100.1,1.0156,False,8005.0,80
"Mejia, Juan",COL,SL,0.006490968628965605,26,101.7,1.2315,False,2645.0,26
"Mejia, Juan",COL,ST,0.007307587304619281,489,97.7,0.8808,False,47773.0,489
"Melton, Troy",DET,CH,0.004456013949438784,200,106.4,0.9834,False,21274.0,200
"Melton, Troy",DET,CU,0.003742240816440504,140,100.9,1.2109,False,14130.0,140
"Melton, Troy",DET,FC,0.0008011418070203276,392,104.2,0.8106,False,40830.0,392
"Melton, Troy",DET,FF,0.001679263505340916,576,104.8,0.5023,False,60374.0,576
"Melton, Troy",DET,SI,0.003588710511416095,167,109.0,0.6598,False,18204.0,167
"Melton, Troy",DET,SL,0.005155573318818476,298,98.5,0.7262,False,29349.0,298
"Messick, Parker",CLE,CH,0.0040001769671874346,676,105.5,0.7082,False,73190.0,694
"Messick, Parker",CLE,CU,0.0016832337363356178,246,96.5,0.8101,False,23746.0,246
"Messick, Parker",CLE,FC,-0.0055077078134127076,150,85.0,1.0219,False,12752.0,150
"Messick, Parker",CLE,FF,-0.004830142730879425,1201,92.2,0.5198,False,113473.0,1231
"Messick, Parker",CLE,SI,-0.009486248617065618,425,85.1,0.6335,False,36953.0,434
"Messick, Parker",CLE,SL,0.0024458702214922574,178,92.0,0.7115,False,17022.0,185
"Mey, Luis",CIN,FF,0.004901814056211151,28,110.8,1.2589,False,3214.0,29
"Mey, Luis",CIN,SI,0.005039329298578396,385,111.6,0.6752,False,43749.0,392
"Mey, Luis",CIN,ST,0.010807012011020379,239,106.6,1.1409,False,26012.0,244
"Meyer, Max",MIA,CH,0.0001910532334062478,183,98.2,1.0388,False,17966.0,183
"Meyer, Max",MIA,CU,0.017917407271246678,521,131.1,1.4375,False,68314.0,521
"Meyer, Max",MIA,FF,-0.0016901843644775965,431,98.3,0.7301,False,42381.0,431
"Meyer, Max",MIA,SI,-0.0020929368701492717,172,98.6,0.8932,False,16953.0,172
"Meyer, Max",MIA,SL,0.015510411734530447,482,123.4,0.8196,False,59493.0,482
"Mikolas, Miles",WSH,CH,0.0008310088204372481,145,99.4,0.9471,False,14411.0,145
"Mikolas, Miles",WSH,CU,-0.001872053639813086,273,89.0,0.7998,False,24289.0,273
"Mikolas, Miles",WSH,FC,-0.0011692757830358666,423,98.2,0.7295,False,41524.0,423
"Mikolas, Miles",WSH,FF,-0.009194146505324822,446,83.9,0.6058,False,37437.0,446
"Mikolas, Miles",WSH,SI,-0.00649040332874498,439,90.5,0.689,False,39723.0,439
"Mikolas, Miles",WSH,SL,0.0025692994293079903,101,92.3,1.0537,False,9325.0,101
"Miles, Spencer",TOR,CH,-0.0034688308369368315,2,91.5,1.2497,False,183.0,2
"Miles, Spencer",TOR,CU,0.006801659113025281,366,107.4,1.5163,False,39321.0,366
"Miles, Spencer",TOR,FF,-0.0026468133323391697,222,96.5,1.0066,False,21429.0,222
"Miles, Spencer",TOR,SI,-0.0006834275504503519,669,101.1,0.7379,False,67663.0,669
"Miles, Spencer",TOR,SL,0.006977065943247595,244,102.9,0.9888,False,25099.0,244
"Miller, Bobby",LAD,CH,0.007019197917543352,4,104.8,0.612,False,1048.0,10
"Miller, Bobby",LAD,CU,0.005501526949228719,40,104.4,0.7128,False,5952.0,57
"Miller, Bobby",LAD,FF,-0.002063872219878249,32,100.2,0.5951,False,4809.0,48
"Miller, Bobby",LAD,SI,0.00030141741061877266,19,103.8,0.6876,False,2076.0,20
"Miller, Bobby",LAD,SL,0.008702298067510128,5,105.1,0.7523,False,736.0,7
"Miller, Bryce",SEA,CU,0.001188610711439271,79,95.5,0.6952,False,7545.0,79
"Miller, Bryce",SEA,FC,0.0033834180444822356,99,112.0,0.9032,False,11089.0,99
"Miller, Bryce",SEA,FF,0.0015481007130002738,751,104.6,0.3851,False,78531.0,751
"Miller, Bryce",SEA,FS,0.00549128375969221,442,101.8,0.7087,False,44987.0,442
"Miller, Bryce",SEA,SI,-0.001357677898116059,162,99.9,0.4423,False,16184.0,162
"Miller, Bryce",SEA,SL,0.005410644315007731,216,99.1,0.5913,False,21404.0,216
"Miller, Bryce",SEA,ST,0.005443777491082609,136,93.0,0.7063,False,12643.0,136
"Miller, Erik",BOS,FF,0.003165873931720853,2,108.0,0.9909,False,216.0,2
"Miller, Erik",BOS,SI,0.002668027252222297,192,107.3,0.8454,False,20600.0,192
"Miller, Erik",BOS,SL,0.005601439580539804,136,99.6,1.2285,False,13544.0,136
"Miller, Erik",SFG,CH,-0.0010201418543666868,35,95.8,1.2091,False,3354.0,35
"Miller, Erik",SFG,FF,0.000931718062409865,56,103.4,0.9685,False,5792.0,56
"Miller, Erik",SFG,SI,0.003398584870305983,287,108.7,0.8725,False,31184.0,287
"Miller, Erik",SFG,SL,0.0069326211005213785,261,102.7,1.2046,False,26816.0,261
"Miller, Mason",SDP,CH,0.01719221974989133,21,130.9,1.4704,False,2749.0,21
"Miller, Mason",SDP,FF,0.01320813350760986,551,126.9,0.633,False,69945.0,551
"Miller, Mason",SDP,ST,0.018505005977539252,564,126.3,0.7773,False,71233.0,564
"Mills, Wyatt",LAD,FF,0.0006372341265281042,45,102.8,1.3701,False,4627.0,45
"Mills, Wyatt",LAD,SI,0.0031275505343974393,37,108.2,1.3707,False,4004.0,37
"Mills, Wyatt",LAD,SL,0.000372348774933841,43,87.0,1.9887,True,3742.0,43
"Mills, Wyatt",LAD,ST,0.0075507975949828205,24,98.3,1.6799,False,2360.0,24
"Milner, Hoby",CHC,CH,-0.002202663587319947,89,93.6,0.6336,False,8328.0,89
"Milner, Hoby",CHC,FF,0.00018545995509514256,79,102.1,0.4633,False,8062.0,79
"Milner, Hoby",CHC,SI,0.0007663401725689514,238,103.8,0.4281,False,24704.0,238
"Milner, Hoby",CHC,ST,0.006412745654763709,162,95.4,0.54,False,15452.0,162
"Milner, Hoby",SEA,CH,-0.0013403295071419473,26,93.3,0.6906,False,3171.0,34
"Milner, Hoby",SEA,FF,-0.003593611138057895,16,91.1,0.6233,False,2368.0,26
"Milner, Hoby",SEA,SI,0.0036751324272093675,18,108.7,0.4649,False,2391.0,22
"Milner, Hoby",SEA,ST,0.0032269087402566677,19,88.5,0.5707,False,2035.0,23
"Minter, A.J.",MIN,CH,-0.006150594310313933,52,85.9,0.7618,False,4724.0,55
"Minter, A.J.",MIN,FC,-9.693116801471383e-05,184,101.4,0.7072,False,19070.0,188
"Minter, A.J.",MIN,FF,0.0007440079558037746,78,102.6,0.5606,False,8208.0,80
"Minter, A.J.",MIN,SI,0.004314944414155824,14,110.5,0.9457,False,1547.0,14
"Minter, A.J.",NYM,CH,-0.005247976245300379,32,87.7,0.8582,False,2807.0,32
"Minter, A.J.",NYM,FC,-0.0014726368597523006,185,97.2,0.69,False,17984.0,185
"Minter, A.J.",NYM,FF,-0.00350038649086056,107,94.9,0.5563,False,10149.0,107
"Minter, A.J.",NYM,SI,-0.0035383373196964385,16,96.0,0.8688,False,1536.0,16
"Misiorowski, Jacob",MIL,CH,0.012787005481576281,28,122.3,0.9301,False,3425.0,28
"Misiorowski, Jacob",MIL,CU,0.019506877958471475,338,134.2,0.9698,False,47775.0,356
"Misiorowski, Jacob",MIL,FC,0.006593343043384407,478,121.8,0.6956,False,58444.0,480
"Misiorowski, Jacob",MIL,FF,0.0146281598766727,1636,129.3,0.5152,False,217216.0,1680
"Misiorowski, Jacob",MIL,SL,0.021458298541755988,99,137.7,1.3586,False,14183.0,103
"Mize, Casey",DET,FF,-0.0006438450183008517,484,100.3,0.4147,False,48569.0,484
"Mize, Casey",DET,FS,-0.0006370549041915389,310,91.4,0.5528,False,28328.0,310
"Mize, Casey",DET,SI,-0.004868886813942068,110,93.5,0.5684,False,10282.0,110
"Mize, Casey",DET,SL,-0.0008381694416350706,346,84.0,0.5924,False,29070.0,346
"Mize, Casey",DET,ST,0.0026088090382216933,64,85.7,1.2651,False,5487.0,64
"Mize, Casey",SDP,FF,-0.004361179644985909,278,93.2,0.4569,False,25910.0,278
"Mize, Casey",SDP,FS,-0.001657282784657986,180,89.7,0.6479,False,16140.0,180
"Mize, Casey",SDP,SI,-0.005656161729078762,54,92.0,0.634,False,4967.0,54
"Mize, Casey",SDP,SL,0.00083592860530157,229,88.1,0.6543,False,20169.0,229
"Mize, Casey",SDP,ST,0.0031257695160699464,24,86.9,1.2883,False,2086.0,24
"Mlodzinski, Carmen",PIT,CU,0.003652325787887853,249,100.7,0.8661,False,25084.0,249
"Mlodzinski, Carmen",PIT,FC,-0.002986682841347989,170,92.6,1.1071,False,15750.0,170
"Mlodzinski, Carmen",PIT,FF,-0.007165772369426256,544,87.8,0.6703,False,47780.0,544
"Mlodzinski, Carmen",PIT,FS,0.0035420265492543475,522,98.5,0.9047,False,51400.0,522
"Mlodzinski, Carmen",PIT,SI,-0.003497989365835164,379,96.0,0.6626,False,36387.0,379
"Mlodzinski, Carmen",PIT,ST,0.004971046829571908,216,91.7,1.1471,False,19814.0,216
"Molina, Anthony",ATL,CH,0.002831301354793444,24,103.2,0.7537,False,2477.0,24
"Molina, Anthony",ATL,FC,0.002761769771041145,8,110.2,0.8597,False,882.0,8
"Molina, Anthony",ATL,FF,-0.001881642764146818,32,97.9,0.5195,False,3134.0,32
"Molina, Anthony",ATL,SL,0.003685372428056629,24,94.8,0.8333,False,2276.0,24
"Molina, Anthony",SFG,CH,0.006761362690256999,93,110.8,0.7367,False,10301.0,93
"Molina, Anthony",SFG,FC,0.0024093495309595405,48,109.0,0.8028,False,5231.0,48
"Molina, Anthony",SFG,FF,0.0005135386064269013,230,102.6,0.5185,False,23595.0,230
"Molina, Anthony",SFG,SL,0.0056900762098433194,81,99.7,1.0963,False,8075.0,81
"Moll, Sam",CIN,CH,-0.002252423756571794,169,93.5,1.0355,False,15795.0,169
"Moll, Sam",CIN,FF,0.004276988403535143,120,109.8,0.8107,False,13179.0,120
"Moll, Sam",CIN,SI,0.0010879346970913014,397,104.4,0.8025,False,41440.0,397
"Moll, Sam",CIN,ST,0.010042174160425977,387,104.7,0.7713,False,40515.0,387
"Montero, Keider",DET,CH,-0.0021868825426548024,314,93.6,0.6652,False,29386.0,314
"Montero, Keider",DET,CU,0.0006948779262074822,321,94.4,0.8354,False,30314.0,321
"Montero, Keider",DET,FF,-0.0033236381187108145,689,95.2,0.3887,False,65603.0,689
"Montero, Keider",DET,SI,0.0012174363744325435,530,104.7,0.4717,False,55467.0,530
"Montero, Keider",DET,SL,0.004719539452112451,449,97.4,0.7555,False,43746.0,449
"Monteverde, Patrick",MIA,CU,-0.0005327999024302699,14,92.0,1.3932,False,1288.0,14
"Monteverde, Patrick",MIA,FC,-0.004673518176952546,11,87.5,1.1274,False,963.0,11
"Monteverde, Patrick",MIA,FF,-0.013304135575890542,5,76.0,0.9359,False,380.0,5
"Monteverde, Patrick",MIA,FS,-0.0012597564612709296,12,90.3,1.6481,False,1084.0,12
"Monteverde, Patrick",MIA,SI,-0.009601621584107097,13,84.8,0.8533,False,1102.0,13
"Monteverde, Patrick",MIA,ST,0.006489783228607849,10,95.7,1.3112,False,957.0,10
"Montgomery, Jordan",TEX,CH,-0.005537606610628048,46,87.1,0.5261,False,4442.0,51
"Montgomery, Jordan",TEX,CU,-0.0005646780070795406,60,92.0,0.6195,False,6073.0,66
"Montgomery, Jordan",TEX,FF,-0.01140084284512947,60,79.1,0.5702,False,5297.0,67
"Montgomery, Jordan",TEX,SI,-0.0055498145420329065,145,91.9,0.5192,False,14706.0,160
"Montgomery, Jordan",TEX,SL,0.0017336223379690917,65,90.5,0.9897,False,6333.0,70
"Montgomery, Mason",PIT,CH,0.0028907837973826604,23,103.3,1.4771,False,2377.0,23
"Montgomery, Mason",PIT,CU,0.011590345366465133,163,117.7,1.4392,False,19179.0,163
"Montgomery, Mason",PIT,FF,0.006098488802170201,539,113.3,0.571,False,61628.0,544
"Montgomery, Mason",PIT,SI,0.004876472345374303,277,111.4,1.0753,False,31638.0,284
"Montgomery, Mason",PIT,SL,0.014174178400186492,153,120.4,0.6706,False,18660.0,155
"Morales, Luis",ATH,CH,0.002419725392246619,30,102.4,0.7337,False,3073.0,30
"Morales, Luis",ATH,FF,0.0004800020791532196,153,102.5,0.7034,False,15685.0,153
"Morales, Luis",ATH,SI,0.0018698700787758249,45,105.8,0.8416,False,4760.0,45
"Morales, Luis",ATH,SL,0.012800009518317628,89,116.9,0.9991,False,10404.0,89
"Morales, Luis",ATH,ST,0.013035582129618731,29,112.3,0.9109,False,3258.0,29
"Morejon, Adrian",SDP,CH,0.020404554588296313,301,137.1,1.2732,False,41253.0,301
"Morejon, Adrian",SDP,FF,0.007861856843475358,183,116.7,0.7086,False,21357.0,183
"Morejon, Adrian",SDP,SI,0.012535981486261517,613,125.4,0.4939,False,76882.0,613
"Morejon, Adrian",SDP,SL,0.014446673854157174,192,120.8,0.6382,False,23203.0,192
"Morgan, David",SDP,CU,0.0014540845955269576,135,96.1,0.6621,False,12967.0,135
"Morgan, David",SDP,FF,0.005558126056219311,190,112.2,0.5809,False,21325.0,190
"Morgan, David",SDP,SI,0.004215348508543822,158,110.2,0.6747,False,17407.0,158
"Morgan, David",SDP,SL,0.007242236355803191,104,103.5,0.7307,False,10766.0,104
"Morgan, Eli",KCR,CH,0.009317349225446898,112,115.8,0.6773,False,12966.0,112
"Morgan, Eli",KCR,FF,-0.0023792173746014235,126,97.0,0.5112,False,12223.0,126
"Morgan, Eli",KCR,SL,0.006247712534651769,101,101.1,0.7036,False,10209.0,101
"Morillo, Juan",ARI,CH,0.008344046480022902,219,113.8,0.8028,False,24927.0,219
"Morillo, Juan",ARI,CU,0.007878344027693825,116,109.7,1.1078,False,12948.0,118
"Morillo, Juan",ARI,FF,0.00633206247737724,474,113.6,0.4828,False,54625.0,481
"Morillo, Juan",ARI,SI,0.015627342860556604,198,131.4,0.5422,False,26541.0,202
"Morris, Andrew",MIN,CH,0.007541957744016151,139,112.4,1.2127,False,15623.0,139
"Morris, Andrew",MIN,CU,-0.003806351716561681,17,84.9,1.8947,True,1444.0,17
"Morris, Andrew",MIN,FF,-0.001071749002871708,582,99.7,0.8715,False,58598.0,588
"Morris, Andrew",MIN,SI,0.0007307226308982755,145,103.8,1.0445,False,15253.0,147
"Morris, Andrew",MIN,SL,0.011919638275826337,284,114.7,1.1297,False,33036.0,288
"Morris, Andrew",MIN,ST,0.010582490665131315,112,106.8,1.6966,False,12384.0,116
"Morris, Kade",ATH,CH,-0.0031808002015514788,42,91.6,1.1395,False,3849.0,42
"Morris, Kade",ATH,CU,0.004472316585152465,17,102.6,1.5668,False,1744.0,17
"Morris, Kade",ATH,FC,0.0006076383450011424,53,103.6,1.1458,False,5490.0,53
"Morris, Kade",ATH,FF,-0.0025809779773087447,59,96.6,1.0152,False,5700.0,59
"Morris, Kade",ATH,SI,-0.0038795212714515304,121,95.3,0.8658,False,11526.0,121
"Morris, Kade",ATH,ST,0.00885953291435726,30,101.6,1.2261,False,3049.0,30
"Morán, Jovani",BOS,CH,0.005124812318434163,368,107.7,0.5749,False,40404.0,375
"Morán, Jovani",BOS,CU,-0.0033788562286645174,2,86.0,1.156,False,172.0,2
"Morán, Jovani",BOS,FF,-0.004538842694336042,408,93.1,0.5371,False,38926.0,418
"Morán, Jovani",BOS,SI,-0.005157814385586933,95,92.9,0.8387,False,8827.0,95
"Morán, Jovani",BOS,SL,0.0023176104648061275,124,91.7,1.033,False,11366.0,124
"Morán, Jovani",BOS,ST,0.004189865591739518,47,89.8,1.1036,False,4220.0,47
"Murdock, Noah",PIT,CU,0.0004581747149738173,24,93.9,1.2572,False,2253.0,24
"Murdock, Noah",PIT,FC,0.0027157973090652376,9,109.9,1.0237,False,989.0,9
"Murdock, Noah",PIT,FF,-0.009792167382935682,3,83.0,1.0555,False,249.0,3
"Murdock, Noah",PIT,SI,-0.0023939834478109595,28,98.0,0.7795,False,2745.0,28
"Murphy, Chris",CWS,CH,0.0016280933731732975,22,101.0,1.0751,False,2221.0,22
"Murphy, Chris",CWS,CU,0.0015674851909178158,146,96.3,0.7617,False,14060.0,146
"Murphy, Chris",CWS,FC,0.0017969366091847405,160,107.2,0.8282,False,17151.0,160
"Murphy, Chris",CWS,FF,0.0013628108117269282,211,104.2,0.6016,False,21983.0,211
"Murphy, Chris",CWS,SI,-0.0006149055607238552,16,101.3,0.8535,False,1621.0,16
"Murphy, Chris",CWS,SL,0.004723672719491232,18,97.5,0.8408,False,1755.0,18
"Murphy, Chris",CWS,ST,0.00993108014846521,31,104.5,1.1184,False,3238.0,31
"Murphy, Chris",CWS,SV,0.0009607287065591663,10,88.5,1.1666,False,885.0,10
"Murphy, Luke",LAA,FC,0.0005482719531528346,80,103.4,0.8338,False,8271.0,80
"Murphy, Luke",LAA,FF,-0.0011801496896619182,207,99.3,0.5867,False,20663.0,208
"Murphy, Luke",LAA,FS,-0.00045002812209228674,30,91.7,1.0762,False,2750.0,30
"Murphy, Luke",LAA,SL,0.0089484710978078,63,107.7,1.2074,False,6783.0,63
"Murphy, Owen",ATL,CU,-0.0019223741187350683,33,88.8,1.1071,False,2930.0,33
"Murphy, Owen",ATL,FC,-0.0003410533059981059,11,100.6,0.9589,False,1107.0,11
"Murphy, Owen",ATL,FF,0.00014632380456581863,111,101.9,0.7116,False,11313.0,111
"Murphy, Owen",ATL,FS,-7.465116123923854e-05,42,92.3,1.0109,False,3876.0,42
"Murphy, Owen",ATL,SI,0.0011224772315472364,1,104.0,0.9764,False,104.0,1
"Murphy, Owen",ATL,SL,0.002306971723945545,14,91.6,0.8783,False,1283.0,14
"Murray, Jayden",CHC,CH,0.0002598691498860717,2,98.5,1.0856,False,197.0,2
"Murray, Jayden",CHC,FF,0.0010966124013066293,50,103.7,0.6019,False,5187.0,50
"Murray, Jayden",CHC,SI,-0.003878153467667289,2,95.5,0.7677,False,191.0,2
"Murray, Jayden",CHC,ST,0.006946010291964437,18,96.8,0.9247,False,1742.0,18
"Murray, Jayden",HOU,CH,-0.004232248129979284,22,89.6,0.9993,False,1971.0,22
"Murray, Jayden",HOU,FC,-0.002767881453369877,14,93.1,0.9639,False,1304.0,14
"Murray, Jayden",HOU,FF,-0.0018072264792225038,114,98.1,0.5796,False,11185.0,114
"Murray, Jayden",HOU,SI,-0.004658507045824081,25,93.8,0.643,False,2346.0,25
"Murray, Jayden",HOU,ST,0.0026343403529098027,57,85.8,1.0135,False,4893.0,57
"Mushinski, Parker",COL,CH,-0.003532970952801406,5,90.8,0.9663,False,454.0,5
"Mushinski, Parker",COL,CU,0.002155017645418411,20,97.6,1.1583,False,1952.0,20
"Mushinski, Parker",COL,FC,0.0008995499916967343,22,104.5,0.955,False,2298.0,22
"Mushinski, Parker",COL,FF,-0.007896339531725971,32,86.5,0.7384,False,2768.0,32
"Mushinski, Parker",COL,SI,-0.011353366254993221,17,81.5,0.9001,False,1386.0,17
"Mushinski, Parker",COL,SL,0.0005961124746439358,3,87.3,1.0657,False,262.0,3
"Mushinski, Parker",COL,ST,0.012449392792768776,40,110.8,1.1288,False,4434.0,40
"Muñoz, Andrés",SEA,CH,0.01617645192362199,66,129.0,1.2183,False,8512.0,66
"Muñoz, Andrés",SEA,FF,0.009851494982875839,413,120.5,0.6521,False,49764.0,413
"Muñoz, Andrés",SEA,SI,0.010778411221690477,70,122.2,0.7392,False,8553.0,70
"Muñoz, Andrés",SEA,SL,0.01101974900097282,404,112.6,0.6389,False,45494.0,404
"Muñoz, Roddery",HOU,FC,-0.0010756787477906695,19,98.3,0.7977,False,1868.0,19
"Muñoz, Roddery",HOU,FF,-0.0033828644342881083,29,95.1,0.526,False,2757.0,29
"Muñoz, Roddery",HOU,FS,0.003741080162581056,5,98.8,1.1132,False,494.0,5
"Muñoz, Roddery",HOU,SI,0.003423814596876932,13,108.5,0.5674,False,1411.0,13
"Muñoz, Roddery",HOU,SL,0.006855799545756663,46,102.6,0.8875,False,4720.0,46
"Muñoz, Rolddy",ATL,CH,-0.004755011604477962,3,88.7,1.3088,False,266.0,3
"Muñoz, Rolddy",ATL,SI,-0.005197498051630747,18,92.9,0.8562,False,1672.0,18
"Muñoz, Rolddy",ATL,SL,0.005588271832883558,28,99.6,1.0885,False,2788.0,28
"Myers, Tobias",NYM,CU,0.0012375291262287647,6,95.5,1.3499,False,573.0,6
"Myers, Tobias",NYM,FC,-0.006159326171305461,104,83.0,0.6526,False,8628.0,104
"Myers, Tobias",NYM,FF,-0.0012921472871359413,386,99.1,0.4048,False,38262.0,386
"Myers, Tobias",NYM,FS,0.009429643561893051,213,108.4,0.9808,False,23093.0,213
"Myers, Tobias",NYM,SL,-0.00039221791478814697,117,85.1,0.6757,False,9956.0,117
"Myers, Tobias",NYM,ST,0.002914564684033394,10,86.5,1.3952,False,865.0,10
"Márquez, Germán",SDP,CH,-0.006596784988094283,23,85.1,1.0693,False,1957.0,23
"Márquez, Germán",SDP,FC,-0.00024227012189079018,98,101.0,0.9354,False,9897.0,98
"Márquez, Germán",SDP,FF,-0.007339429859712254,344,87.5,0.6972,False,30107.0,344
"Márquez, Germán",SDP,SI,-0.00800202330454714,107,87.7,0.6524,False,9385.0,107
"Márquez, Germán",SDP,SL,0.006039521759867795,271,100.6,0.917,False,27274.0,271
"Nance, Tommy",MIN,CU,0.013378674133507682,113,121.4,0.6406,False,13720.0,113
"Nance, Tommy",MIN,SI,-0.0042895975132572345,131,94.6,0.5953,False,12389.0,131
"Nance, Tommy",MIN,SL,0.0005918793024976363,241,87.5,0.8512,False,21089.0,241
"Nance, Tommy",TOR,CU,0.014126248169101446,170,123.1,0.6515,False,20920.0,170
"Nance, Tommy",TOR,SI,-0.0024975192716986732,139,97.8,0.5588,False,13598.0,139
"Nance, Tommy",TOR,SL,0.0057569463727931945,187,99.9,0.6788,False,18689.0,187
"Nardi, Andrew",MIA,FF,0.0020555578666771003,181,105.6,0.5485,False,19105.0,181
"Nardi, Andrew",MIA,FS,-0.001670894333487509,44,89.6,1.1571,False,3944.0,44
"Nardi, Andrew",MIA,SI,0.004288165746921939,7,110.3,1.0071,False,772.0,7
"Nardi, Andrew",MIA,SL,0.004671961150005839,59,97.3,1.1,False,5742.0,59
"Nardi, Andrew",MIA,ST,0.01031543203661668,87,105.4,0.94,False,9171.0,87
"Natera Jr., Samy",LAA,FF,0.0022268665402495748,463,105.9,0.6108,False,49012.0,463
"Natera Jr., Samy",LAA,FS,-0.008716821239795535,5,77.6,1.1454,False,388.0,5
"Natera Jr., Samy",LAA,SL,0.008023369850499356,112,105.4,1.226,False,11804.0,112
"Nelson, Ryne",ARI,CU,0.0009259942992885352,118,95.0,0.7742,False,11205.0,118
"Nelson, Ryne",ARI,FC,-0.003007484815122067,133,92.3,1.0254,False,12369.0,134
"Nelson, Ryne",ARI,FF,0.004608842444418674,726,110.6,0.4141,False,81952.0,741
"Nelson, Ryne",ARI,SI,-0.002550904412337038,31,97.8,0.8574,False,3031.0,31
"Nelson, Ryne",ARI,SL,0.00910549080862007,251,107.9,0.7625,False,27742.0,257
"Newcomb, Sean",CWS,CH,-0.005576131798512679,42,87.0,0.8782,False,3654.0,42
"Newcomb, Sean",CWS,CU,0.0007709182547787621,67,94.5,1.0055,False,6427.0,68
"Newcomb, Sean",CWS,FC,-0.00191548610261331,24,96.0,0.7565,False,2303.0,24
"Newcomb, Sean",CWS,FF,-0.0037339059478966874,576,94.4,0.6949,False,55009.0,583
"Newcomb, Sean",CWS,SI,-0.0035275895736811692,303,95.9,0.6796,False,29157.0,304
"Newcomb, Sean",CWS,ST,0.005437192644551225,443,92.7,0.8461,False,41816.0,451
"Nicolas, Kyle",CIN,CU,0.005830097456055228,32,105.3,0.8066,False,3371.0,32
"Nicolas, Kyle",CIN,FF,8.451667280937305e-05,97,101.7,0.5059,False,9869.0,97
"Nicolas, Kyle",CIN,SI,-0.0023349272087216377,3,98.0,0.8692,False,294.0,3
"Nicolas, Kyle",CIN,SL,0.007184580227741125,66,103.3,0.6601,False,6820.0,66
"Nikhazy, Doug",CWS,CH,-0.0011907692193441715,6,95.7,1.5527,False,574.0,6
"Nikhazy, Doug",CWS,CU,-0.0034734117798507214,1,86.0,1.6592,False,86.0,1
"Nikhazy, Doug",CWS,FF,-0.00858992023859173,18,85.2,1.1487,False,1534.0,18
"Nikhazy, Doug",CWS,SI,-0.007223308026065449,6,89.2,1.6422,False,535.0,6
"Nikhazy, Doug",CWS,SL,-0.0015029958449304104,3,82.3,1.3141,False,247.0,3
"Nikhazy, Doug",CWS,ST,0.009690956864506006,5,103.8,1.6072,False,519.0,5
"Nola, Aaron",PHI,CH,-0.0059054649154575145,480,86.4,0.4257,False,41492.0,480
"Nola, Aaron",PHI,CU,0.010442700798003732,980,115.2,0.4864,False,112896.0,980
"Nola, Aaron",PHI,FC,-0.001965205969711538,223,95.7,0.4933,False,21351.0,223
"Nola, Aaron",PHI,FF,0.00313477578364005,700,107.6,0.3482,False,75326.0,700
"Nola, Aaron",PHI,SI,-0.005824341401028747,542,91.7,0.3524,False,49705.0,542
"Nola, Aaron",PHI,SL,0.0049426141000973685,21,98.0,1.2077,False,2058.0,21
"Nunez, Anthony",BAL,CH,0.012214532353529681,221,121.3,1.495,False,26810.0,221
"Nunez, Anthony",BAL,FC,0.0016149013838693117,58,106.6,0.9466,False,6182.0,58
"Nunez, Anthony",BAL,FF,0.0018189450176479924,296,105.1,0.8272,False,31100.0,296
"Nunez, Anthony",BAL,SI,0.0032742151464345923,113,108.4,0.9379,False,12250.0,113
"Nunez, Anthony",BAL,ST,0.01135149654459025,305,108.0,1.3176,False,32939.0,305
"Núñez, Dedniel",NYM,CH,0.011146171833388507,4,119.2,1.2694,False,477.0,4
"Núñez, Dedniel",NYM,FF,0.0070970154860478295,113,115.2,0.6152,False,13017.0,113
"Núñez, Dedniel",NYM,SL,0.009421815953222298,96,108.8,0.7054,False,10443.0,96
"O'Brien, Riley",STL,FC,0.0027230238498171873,82,110.0,0.7639,False,9021.0,82
"O'Brien, Riley",STL,SI,0.005964597367532527,629,113.4,0.5504,False,71299.0,629
"O'Brien, Riley",STL,ST,0.006228549526715407,349,95.0,0.8231,False,33140.0,349
"Ober, Bailey",MIN,CH,-0.0023562982942781025,696,93.3,0.6338,False,64922.0,696
"Ober, Bailey",MIN,CU,0.000284157540590968,32,93.6,0.8954,False,2996.0,32
"Ober, Bailey",MIN,FF,-0.006664623920640669,662,88.8,0.4857,False,58778.0,662
"Ober, Bailey",MIN,SI,-0.009928115255509814,66,84.1,0.8126,False,5553.0,66
"Ober, Bailey",MIN,SL,-0.0017415027716555578,378,81.9,0.6712,False,30942.0,378
"Ober, Bailey",MIN,ST,0.003330155699133581,265,87.6,0.7716,False,23210.0,265
"Ohtani, Shohei",LAD,CU,0.000701705138610971,133,94.5,1.0373,False,12562.0,133
"Ohtani, Shohei",LAD,FC,0.006877569365315139,2,122.5,0.9151,False,245.0,2
"Ohtani, Shohei",LAD,FF,0.008166723430056595,607,117.3,0.5576,False,71177.0,607
"Ohtani, Shohei",LAD,FS,0.008078722045307555,114,106.1,0.9768,False,12095.0,114
"Ohtani, Shohei",LAD,SI,0.008491250651914783,71,118.0,0.808,False,8381.0,71
"Ohtani, Shohei",LAD,SL,0.010525322270890076,15,111.4,0.7704,False,1671.0,15
"Ohtani, Shohei",LAD,ST,0.015728950953708236,393,119.2,0.7072,False,46850.0,393
"Okert, Steven",HOU,CH,-0.013488688506186008,2,72.0,1.8254,True,144.0,2
"Okert, Steven",HOU,FF,-0.004747998740440442,291,92.5,0.4351,False,26913.0,291
"Okert, Steven",HOU,SI,-0.006583544698713178,55,90.3,0.7423,False,4967.0,55
"Okert, Steven",HOU,SL,0.007794863430888685,702,104.9,0.5758,False,73616.0,702
"Olds, Wyatt",BOS,CH,-0.002380744181573391,5,93.2,1.209,False,466.0,5
"Olds, Wyatt",BOS,CU,0.014114211001159513,85,122.2,1.3774,False,11369.0,93
"Olds, Wyatt",BOS,FC,0.0025117517539506983,36,110.6,1.0741,False,4533.0,41
"Olds, Wyatt",BOS,FF,0.006192883625356314,140,112.6,0.6265,False,16774.0,149
"Orze, Eric",MIN,FF,-0.001560936563702216,177,98.6,0.5922,False,17453.0,177
"Orze, Eric",MIN,FS,0.0077437513192254465,340,105.6,0.7135,False,35893.0,340
"Orze, Eric",MIN,SL,-5.211537560527861e-05,97,85.9,0.6859,False,8336.0,97
"Orze, Eric",MIN,ST,0.003921170172924619,63,89.0,1.5766,False,5608.0,63
"Oviedo, Johan",BOS,FF,0.007392786022347326,26,115.9,0.7429,False,3014.0,26
"Oviedo, Johan",BOS,SI,-0.0034002300651211825,14,96.3,0.9655,False,1348.0,14
"Oviedo, Johan",BOS,SL,0.004849119950085879,15,97.9,0.8729,False,1468.0,15
"Oviedo, Johan",BOS,ST,0.005466314265504479,17,93.0,0.8986,False,1581.0,17
"Paddack, Chris",CIN,CH,-0.0006177715213479385,97,96.6,0.6109,False,9372.0,97
"Paddack, Chris",CIN,CU,-0.0038131311864292783,56,84.8,0.6246,False,4746.0,56
"Paddack, Chris",CIN,FC,-0.004448717969656475,48,88.2,0.651,False,4233.0,48
"Paddack, Chris",CIN,FF,-0.0035199612095527994,143,94.8,0.418,False,13562.0,143
"Paddack, Chris",CIN,SI,-0.008962160830075542,9,85.9,0.649,False,773.0,9
"Paddack, Chris",CIN,SL,0.0021923946624156088,2,91.5,1.0988,False,183.0,2
"Paddack, Chris",CIN,ST,0.0019630190051559892,7,83.9,1.352,False,587.0,7
"Paddack, Chris",MIA,CH,7.396026001867628e-05,155,97.9,0.7564,False,15180.0,155
"Paddack, Chris",MIA,CU,-0.004453231313678805,53,83.5,0.6634,False,4425.0,53
"Paddack, Chris",MIA,FC,-0.003599014478714341,67,90.8,0.6454,False,6082.0,67
"Paddack, Chris",MIA,FF,-0.0045949388117471545,193,92.8,0.4595,False,17901.0,193
"Paddack, Chris",MIA,SI,-0.007611696791687079,46,88.5,0.6843,False,4069.0,46
"Paddack, Chris",MIA,SL,0.0032368036918342113,1,94.0,0.9121,False,94.0,1
"Paddack, Chris",MIA,ST,0.002178143869761178,70,84.6,1.2931,False,5922.0,70
"Paddack, Chris",TEX,CH,-0.0010787681033737802,24,95.7,0.6908,False,2296.0,24
"Paddack, Chris",TEX,CU,-0.004568863776512444,7,83.3,0.7258,False,583.0,7
"Paddack, Chris",TEX,FC,-0.0040442757672281004,16,89.5,0.7815,False,1432.0,16
"Paddack, Chris",TEX,FF,-0.00798150935816011,18,86.2,0.5494,False,1552.0,18
"Paddack, Chris",TEX,SI,-0.006038974519469775,3,91.3,0.7286,False,274.0,3
"Paez, Jedixson",BOS,CH,0.0017484942762494625,61,101.2,1.3266,False,6171.0,61
"Paez, Jedixson",BOS,CU,-0.0022313392786916506,23,88.3,1.6949,False,2030.0,23
"Paez, Jedixson",BOS,FF,-0.0038864861892458674,45,94.1,0.8442,False,4234.0,45
"Paez, Jedixson",BOS,SI,-0.003003002586945727,17,96.9,1.1709,False,1647.0,17
"Paez, Jedixson",BOS,SL,0.003075263957725838,10,93.5,1.2283,False,935.0,10
"Paez, Jedixson",BOS,ST,0.0008873544793459587,8,81.5,,False,652.0,8
"Paez, Jedixson",CWS,CH,0.004017057125262606,15,105.6,1.074,False,1584.0,15
"Paez, Jedixson",CWS,FC,-0.006125008422796699,11,83.2,1.134,False,915.0,11
"Paez, Jedixson",CWS,FF,-0.0037871024583380304,23,94.3,0.8636,False,2170.0,23
"Paez, Jedixson",CWS,SI,-0.0020067093686925042,9,98.9,1.1773,False,890.0,9
"Paez, Jedixson",CWS,ST,0.0022939249673592193,7,84.9,1.5024,False,594.0,7
"Pagán, Emilio",CIN,FF,0.0010853673837238956,423,103.7,0.4906,False,43859.0,423
"Pagán, Emilio",CIN,FS,0.009382840927823313,119,108.4,0.9403,False,12897.0,119
"Pagán, Emilio",CIN,SL,0.0033485514661537527,132,94.1,0.6661,False,12423.0,132
"Painter, Andrew",PHI,CH,0.004800996961612806,228,107.0,1.0488,False,24400.0,228
"Painter, Andrew",PHI,CU,-0.0017261083831261025,123,89.3,1.185,False,10980.0,123
"Painter, Andrew",PHI,FF,0.003237188521730456,699,107.8,0.7087,False,75363.0,699
"Painter, Andrew",PHI,FS,0.0043619971577910045,164,99.9,1.1485,False,16376.0,164
"Painter, Andrew",PHI,SI,0.00299874104248974,182,107.9,0.8944,False,19633.0,182
"Painter, Andrew",PHI,SL,0.004400635167238301,372,96.7,1.0256,False,35960.0,372
"Painter, Andrew",PHI,ST,0.008417733320483746,357,100.5,1.1779,False,35882.0,357
"Palencia, Daniel",CHC,FF,0.005586615092414875,315,112.3,0.5595,False,35377.0,315
"Palencia, Daniel",CHC,FS,0.01672193447414499,26,120.8,1.329,False,3142.0,26
"Palencia, Daniel",CHC,SI,0.005783698581944918,20,113.0,1.0733,False,2260.0,20
"Palencia, Daniel",CHC,SL,0.011773672538953993,116,114.5,0.8977,False,13279.0,116
"Pallante, Andre",STL,CU,0.0016599048902998018,442,96.5,0.6458,False,43633.0,452
"Pallante, Andre",STL,FF,-0.0025910704292072158,867,96.3,0.5065,False,86962.0,903
"Pallante, Andre",STL,FS,0.0014017212859078034,74,94.7,1.5214,False,7200.0,76
"Pallante, Andre",STL,SI,0.0057134329471980015,429,113.2,0.5102,False,49796.0,440
"Pallante, Andre",STL,SL,0.0037457730593664484,739,95.0,0.4992,False,73273.0,771
"Pallette, Peyton",CLE,CH,-0.003316144924610853,6,91.5,1.215,False,549.0,6
"Pallette, Peyton",CLE,CU,0.001408552631286477,106,96.0,1.3491,False,10173.0,106
"Pallette, Peyton",CLE,FF,-0.0019616037100632006,231,97.8,0.7149,False,22603.0,231
"Pallette, Peyton",CLE,SL,0.006234317619325311,99,101.0,1.2003,False,10002.0,99
"Palmquist, Carson",WSH,FC,-9.161001916283802e-06,31,101.6,1.9107,True,3150.0,31
"Palmquist, Carson",WSH,FF,0.0009631511350062283,50,103.5,1.3924,False,5173.0,50
"Palmquist, Carson",WSH,SI,-0.0014116447753189962,101,99.8,1.353,False,10083.0,101
"Palmquist, Carson",WSH,ST,0.004235444918700551,131,89.9,1.8649,True,11776.0,131
"Pannone, Thomas",MIL,CH,-0.013135652678708235,6,72.8,1.2374,False,437.0,6
"Pannone, Thomas",MIL,CU,0.00020219576513877006,7,93.4,1.2987,False,654.0,7
"Pannone, Thomas",MIL,FC,0.0010877174441386319,23,105.0,1.0813,False,2416.0,23
"Pannone, Thomas",MIL,FF,-0.008255631380182291,7,85.9,1.14,False,601.0,7
"Pannone, Thomas",MIL,SI,-0.010407751633061303,9,83.3,1.0251,False,750.0,9
"Pannone, Thomas",MIL,ST,0.005710926343454048,4,93.8,1.3996,False,375.0,4
"Paredes, Mike",MIN,CH,-0.002812120515245495,141,92.4,1.0244,False,13027.0,141
"Paredes, Mike",MIN,FC,-0.002014666030813447,85,95.5,0.8539,False,8119.0,85
"Paredes, Mike",MIN,FF,-0.005534719154193048,204,90.9,0.6551,False,18552.0,204
"Paredes, Mike",MIN,ST,0.005790260335420161,121,93.8,1.237,False,11354.0,121
"Parker, Mitchell",WSH,CU,0.0003349972046246708,103,93.7,1.1378,False,9646.0,103
"Parker, Mitchell",WSH,FF,-0.005659909619101047,226,90.8,0.5526,False,20512.0,226
"Parker, Mitchell",WSH,FS,0.00865057873306796,4,107.0,1.0221,False,428.0,4
"Parker, Mitchell",WSH,SL,0.003402887451098853,331,94.3,0.737,False,31205.0,331
"Patrick, Chad",MIL,CH,0.00024795911740511657,5,98.4,1.1432,False,492.0,5
"Patrick, Chad",MIL,FC,0.0019114875356387952,726,107.8,1.1055,False,79360.0,736
"Patrick, Chad",MIL,FF,-0.0036295018064767394,435,94.6,0.7783,False,41737.0,441
"Patrick, Chad",MIL,SI,-0.0018905054888014618,398,99.1,0.9873,False,40333.0,407
"Patrick, Chad",MIL,SL,0.0041706327392993054,140,96.1,1.0187,False,13546.0,141
"Payamps, Joel",ATL,CH,-0.003963934199418873,4,90.5,0.7703,False,362.0,4
"Payamps, Joel",ATL,FC,-0.0025783181190490723,1,94.0,1.0638,False,94.0,1
"Payamps, Joel",ATL,FF,-0.0010937830889053012,62,99.5,0.6249,False,6167.0,62
"Payamps, Joel",ATL,SI,-0.005143144400790334,15,92.8,0.6266,False,1392.0,15
"Payamps, Joel",ATL,ST,0.007469449354043783,69,98.1,0.7692,False,6769.0,69
"Pearson, Nate",HOU,CU,0.00405930627057387,40,101.5,0.8354,False,4059.0,40
"Pearson, Nate",HOU,FF,0.0046421874285442755,140,110.5,0.5403,False,15468.0,140
"Pearson, Nate",HOU,FS,0.009340446267742664,8,108.4,1.5195,False,867.0,8
"Pearson, Nate",HOU,SI,0.010592294482083878,33,121.8,0.7884,False,4021.0,33
"Pearson, Nate",HOU,SL,0.009978053323924542,125,110.1,0.6526,False,13766.0,125
"Pearson, Nate",KCR,CU,0.003233382798717125,52,99.8,0.8782,False,5190.0,52
"Pearson, Nate",KCR,FF,0.004101361118165472,198,109.4,0.5602,False,22420.0,205
"Pearson, Nate",KCR,FS,0.010624801895270744,9,110.4,1.5229,False,994.0,9
"Pearson, Nate",KCR,SI,0.006989582886123585,67,115.6,0.8629,False,7861.0,68
"Pearson, Nate",KCR,SL,0.01008532221101552,91,110.3,0.7787,False,10146.0,92
"Pecko, Ethan",HOU,CH,-0.006649578081643475,28,84.6,1.2671,False,2623.0,31
"Pecko, Ethan",HOU,CU,0.00036929095611932486,70,93.6,1.5754,False,6929.0,74
"Pecko, Ethan",HOU,FC,0.001422943659922309,106,106.3,1.2437,False,11587.0,109
"Pecko, Ethan",HOU,FF,-0.002723656123245509,115,96.3,0.9359,False,11554.0,120
"Pecko, Ethan",HOU,SI,0.00010298537222488525,119,102.4,0.9206,False,13107.0,128
"Pecko, Ethan",HOU,ST,0.007813646776485257,100,99.0,1.4504,False,10892.0,110
"Peguero, Joel",SFG,FF,0.00854741481662256,73,118.0,0.8408,False,8616.0,73
"Peguero, Joel",SFG,SI,0.015913868869303547,57,131.6,0.7364,False,7503.0,57
"Peguero, Joel",SFG,SL,0.01708555817365264,39,127.2,1.0993,False,4961.0,39
"Peoples, Ben",TEX,CH,-0.001126475410880327,12,95.5,1.0937,False,1146.0,12
"Peoples, Ben",TEX,FF,0.000570348663394128,163,102.7,0.7253,False,16743.0,163
"Peoples, Ben",TEX,SL,0.0076083921300786955,107,104.5,0.9626,False,11177.0,107
"Perales, Luis",WSH,FC,0.0006458407869774275,76,103.7,1.172,False,7882.0,76
"Perales, Luis",WSH,FF,0.005196920409097012,56,111.5,0.7735,False,6245.0,56
"Perales, Luis",WSH,FS,0.013092414056307372,81,114.7,1.2706,False,9291.0,81
"Perales, Luis",WSH,SL,0.009350282662371928,37,108.6,1.1478,False,4017.0,37
"Peralta, Freddy",NYM,CH,0.0001234444957302612,436,98.0,0.7803,False,42747.0,436
"Peralta, Freddy",NYM,CU,0.000694794207737484,229,94.5,0.7626,False,21633.0,229
"Peralta, Freddy",NYM,FF,-0.00016333965950879561,1117,101.3,0.5637,False,113129.0,1117
"Peralta, Freddy",NYM,SL,0.0024616161595543886,185,92.0,1.0205,False,17017.0,185
"Peralta, Freddy",NYM,ST,0.009661330593868143,126,103.7,1.0448,False,13069.0,126
"Peralta, Freddy",TBR,CH,0.0020478395507138084,255,101.7,0.645,False,25942.0,255
"Peralta, Freddy",TBR,CU,0.0002232358672171681,62,93.4,0.6172,False,5792.0,62
"Peralta, Freddy",TBR,FF,0.003454196154014057,451,108.2,0.4716,False,48799.0,451
"Peralta, Freddy",TBR,SL,0.0009440025916224248,43,88.3,0.7975,False,3799.0,43
"Peralta, Freddy",TBR,ST,0.009738234414147551,55,103.9,0.9784,False,5714.0,55
"Peralta, Sammy",COL,CH,-0.010288613124026192,9,77.9,1.4084,False,701.0,9
"Peralta, Sammy",COL,FF,-0.01219855877570808,4,78.2,1.0116,False,313.0,4
"Peralta, Sammy",COL,SI,-0.007973719567273389,19,87.8,0.8113,False,1669.0,19
"Peralta, Sammy",COL,ST,0.0009991797474760782,17,81.6,1.0064,False,1387.0,17
"Peralta, Sammy",LAA,CH,-0.006288556300094161,49,86.0,1.2039,False,5329.0,62
"Peralta, Sammy",LAA,FF,-0.007426882838889798,47,85.9,1.1483,False,4639.0,54
"Peralta, Sammy",LAA,SI,-0.005040539666048444,81,92.7,0.7812,False,8061.0,87
"Peralta, Sammy",LAA,SL,-0.006794499699026346,1,70.0,1.2057,False,70.0,1
"Peralta, Sammy",LAA,ST,0.007610169155834063,132,97.6,1.1284,False,14350.0,147
"Peralta, Wandy",SDP,CH,0.002403268931202789,413,102.4,0.4856,False,42301.0,413
"Peralta, Wandy",SDP,FC,-0.0018188902576225649,178,96.2,0.7056,False,17128.0,178
"Peralta, Wandy",SDP,FF,-0.007808817239614048,120,86.6,0.5994,False,10388.0,120
"Peralta, Wandy",SDP,SI,-0.004012607118098711,497,95.0,0.4769,False,47234.0,497
"Perdomo, Cesar",SFG,CH,-0.004847400377845229,109,88.5,1.144,False,9645.0,109
"Perdomo, Cesar",SFG,FF,-0.004012075058565005,174,93.9,0.6983,False,16342.0,174
"Perdomo, Cesar",SFG,FS,-0.0018281748925801367,4,89.2,1.3695,False,357.0,4
"Perdomo, Cesar",SFG,SL,0.003368408894196116,88,94.1,0.9775,False,8285.0,88
"Perkins, Jack",ATH,CH,0.00715618733003588,389,111.6,0.8842,False,43409.0,389
"Perkins, Jack",ATH,CU,0.006201134729781188,40,106.2,1.1068,False,4248.0,40
"Perkins, Jack",ATH,FC,-0.001972989851987721,321,95.7,0.6666,False,30734.0,321
"Perkins, Jack",ATH,FF,-0.00011705290585350952,609,101.4,0.4683,False,61747.0,609
"Perkins, Jack",ATH,SI,-0.0013102277082128108,112,100.0,0.684,False,11196.0,112
"Perkins, Jack",ATH,SL,0.01035851853278776,12,111.1,0.8728,False,1333.0,12
"Perkins, Jack",ATH,ST,0.009594305599086786,582,103.5,0.7212,False,60263.0,582
"Petersen, Michael",MIA,CH,0.005653539092500138,131,108.6,1.4387,False,14338.0,132
"Petersen, Michael",MIA,FF,0.0015903442225638819,674,104.7,0.6386,False,72865.0,696
"Petersen, Michael",MIA,SL,0.010636235271405113,298,111.8,0.8112,False,33653.0,301
"Peterson, Austin",CLE,CH,-0.006109769456088543,2,80.9,1.3104,False,728.0,9
"Peterson, Austin",CLE,FC,0.00017825733973748155,9,99.4,1.0777,False,2484.0,25
"Peterson, Austin",CLE,SI,-0.004178145371208137,11,92.2,0.7928,False,1936.0,21
"Peterson, Austin",CLE,ST,0.006795195743001791,9,94.9,1.1821,False,2658.0,28
"Peterson, David",CHC,CH,-0.0027155850686763094,196,92.6,1.1922,False,18143.0,196
"Peterson, David",CHC,CU,-5.819946188487599e-05,110,92.8,1.1575,False,10212.0,110
"Peterson, David",CHC,FF,-0.007206927896915855,361,87.7,1.0608,False,31676.0,361
"Peterson, David",CHC,SI,-0.00735600950658373,408,88.9,0.9288,False,36275.0,408
"Peterson, David",CHC,SL,-0.0016765171890376746,264,82.0,1.1815,False,21651.0,264
"Peterson, David",NYM,CH,-0.0021817593818794436,127,93.6,0.6268,False,11886.0,127
"Peterson, David",NYM,CU,0.0002204797956453261,146,93.4,0.6394,False,13630.0,146
"Peterson, David",NYM,FF,-0.007284683541392614,270,87.6,0.4989,False,23658.0,270
"Peterson, David",NYM,SI,-0.004293320961171301,316,94.5,0.4614,False,29866.0,316
"Peterson, David",NYM,SL,-0.0005376407201006685,278,84.8,0.7028,False,23564.0,278
"Petty, Chase",CIN,CH,0.003256974790234711,110,104.1,1.1356,False,11448.0,110
"Petty, Chase",CIN,FF,0.0022147031782530596,235,105.9,0.7651,False,24875.0,235
"Petty, Chase",CIN,SL,0.006369872161650908,44,101.4,1.0015,False,4463.0,44
"Petty, Chase",CIN,ST,0.009512783544116908,88,103.3,1.2256,False,9089.0,88
"Pfaadt, Brandon",ARI,CH,-0.004140439261167418,325,89.8,0.5142,False,29200.0,325
"Pfaadt, Brandon",ARI,CU,0.003798291987778517,279,101.0,0.7853,False,28190.0,279
"Pfaadt, Brandon",ARI,FC,-0.003893358043917989,229,89.9,0.7486,False,20586.0,229
"Pfaadt, Brandon",ARI,FF,-0.0006540851634157922,525,100.3,0.4345,False,52677.0,525
"Pfaadt, Brandon",ARI,SI,-0.003582255874569735,331,95.9,0.5038,False,31728.0,331
"Pfaadt, Brandon",ARI,ST,0.011254419674667435,286,107.8,0.6151,False,30826.0,286
"Phillips, Connor",CIN,CU,0.011782614385562116,19,118.1,1.1147,False,2244.0,19
"Phillips, Connor",CIN,FF,0.006215721312345128,293,113.6,0.537,False,33274.0,293
"Phillips, Connor",CIN,ST,0.013966461987378706,278,114.7,0.7876,False,31890.0,278
"Phillips, Evan",LAD,FC,0.004561670359600192,39,115.1,0.7466,False,4719.0,41
"Phillips, Evan",LAD,FF,0.007357800292944591,186,115.4,0.5614,False,21917.0,190
"Phillips, Evan",LAD,SI,0.006297277922324914,30,113.2,0.7043,False,3621.0,32
"Phillips, Evan",LAD,ST,0.0110001647713847,151,107.3,0.8382,False,16852.0,157
"Phillips, Tyler",MIA,CU,0.005437847596087795,361,104.5,0.7223,False,37736.0,361
"Phillips, Tyler",MIA,FF,-0.009189622149409582,167,83.9,0.944,False,14017.0,167
"Phillips, Tyler",MIA,FS,0.0014353798552185575,476,94.9,0.7123,False,45166.0,476
"Phillips, Tyler",MIA,SI,-0.00372662031107341,525,95.6,0.4743,False,50181.0,525
"Phillips, Tyler",MIA,SL,0.003509072040012756,43,94.5,1.0495,False,4062.0,43
"Phillips, Tyler",MIA,ST,0.007787169358581655,465,99.0,0.6916,False,46012.0,465
"Pintaro, Jonathan",NYM,CH,0.001969325983629781,34,101.6,1.3996,False,3454.0,34
"Pintaro, Jonathan",NYM,FC,0.008761868393500436,277,128.4,1.6223,False,35556.0,277
"Pintaro, Jonathan",NYM,FF,0.010311065365732204,84,121.3,1.3328,False,10193.0,84
"Pintaro, Jonathan",NYM,SI,6.476508161330667e-05,104,102.5,0.9548,False,10657.0,104
"Pintaro, Jonathan",NYM,ST,0.004661452088233394,24,91.0,1.5673,False,2183.0,24
"Pivetta, Nick",SDP,CU,0.002676532472948551,126,98.7,0.6795,False,12433.0,126
"Pivetta, Nick",SDP,FC,-0.005105810131181629,71,86.2,0.7927,False,6120.0,71
"Pivetta, Nick",SDP,FF,-0.000737718817540835,307,100.2,0.4844,False,30749.0,307
"Pivetta, Nick",SDP,SI,-0.0038887006133639566,6,95.5,0.8548,False,573.0,6
"Pivetta, Nick",SDP,SL,0.008497313130646944,2,106.5,0.7821,False,213.0,2
"Pivetta, Nick",SDP,ST,0.009140945105230003,64,102.4,0.7114,False,6552.0,64
"Pivetta, Nick",SDP,SV,0.004597886698320508,2,97.0,1.4559,False,194.0,2
"Pomeranz, Drew",CHC,CU,0.0014233277821592216,29,96.1,0.8186,False,2786.0,29
"Pomeranz, Drew",CHC,FF,-0.0045224237670382,73,93.0,0.5687,False,6786.0,73
"Pomeranz, Drew",LAA,CU,0.0023150347601040267,100,97.9,0.7712,False,9789.0,100
"Pomeranz, Drew",LAA,FF,0.0017999868716709686,276,105.1,0.5504,False,28995.0,276
"Ponce, Cody",TOR,CH,0.0058710056376488256,12,109.2,1.596,False,1310.0,12
"Ponce, Cody",TOR,CU,0.006312814657576382,6,106.3,1.1757,False,638.0,6
"Ponce, Cody",TOR,FF,0.005053894231423328,12,111.3,0.6957,False,1336.0,12
"Ponce, Cody",TOR,SL,0.007724895306369837,17,104.6,1.0489,False,1779.0,17
"Pop, Zach",PHI,FF,-0.006740300317427942,14,88.6,0.8178,False,1240.0,14
"Pop, Zach",PHI,SI,0.002423257416855294,82,106.9,0.5509,False,8762.0,82
"Pop, Zach",PHI,SL,0.006436852832420674,34,101.5,0.927,False,3451.0,34
"Poulin, PJ",WSH,CH,-0.003566694434072512,75,90.9,0.7012,False,6821.0,75
"Poulin, PJ",WSH,FF,-0.00455824783738966,190,92.8,0.5235,False,17641.0,190
"Poulin, PJ",WSH,SI,-0.005202378305823427,146,92.8,0.8234,False,13555.0,146
"Poulin, PJ",WSH,ST,0.0025784751057541045,224,85.6,1.096,False,19180.0,224
"Povich, Cade",BAL,CH,0.0001117020259581266,62,98.0,1.0281,False,6078.0,62
"Povich, Cade",BAL,CU,-0.0006305384347425607,137,91.6,0.944,False,12549.0,137
"Povich, Cade",BAL,FC,-2.7714224415831268e-05,84,101.6,0.879,False,8535.0,84
"Povich, Cade",BAL,FF,-0.0036970258901551875,275,94.5,0.6284,False,25991.0,275
"Povich, Cade",BAL,SI,-0.007025937307741326,53,89.5,0.753,False,4743.0,53
"Prielipp, Connor",MIN,CH,-0.00021285723987559042,207,97.4,1.1336,False,20157.0,207
"Prielipp, Connor",MIN,CU,0.005937384060656995,386,105.6,1.3959,False,40763.0,386
"Prielipp, Connor",MIN,FF,-0.0043438472375914835,552,93.2,0.6689,False,51459.0,552
"Prielipp, Connor",MIN,SI,-0.009282775819508149,310,85.4,0.8141,False,26462.0,310
"Prielipp, Connor",MIN,SL,0.006353969062218228,612,101.4,1.1983,False,62047.0,612
"Pushard, Matt",STL,CH,0.002306332488337325,9,102.2,1.2058,False,920.0,9
"Pushard, Matt",STL,CU,0.003391892775920603,17,100.2,1.0858,False,1703.0,17
"Pushard, Matt",STL,FC,0.0018818241277096183,26,107.5,0.8044,False,2794.0,26
"Pushard, Matt",STL,FF,-0.00262028968189208,55,96.5,0.5827,False,5309.0,55
"Pushard, Matt",STL,ST,0.010573503507587772,13,106.1,1.0274,False,1379.0,13
"Pérez, Cionel",NYM,CU,0.008832980635237287,22,111.8,1.238,False,2459.0,22
"Pérez, Cionel",NYM,FF,0.0011782459456715817,96,103.4,0.5032,False,10441.0,101
"Pérez, Cionel",NYM,SI,0.0017131061857980968,160,104.7,0.5576,False,17596.0,168
"Pérez, Cionel",NYM,ST,0.0069303471442922,196,96.7,0.7887,False,19620.0,203
"Pérez, Cionel",WSH,CU,0.005160523259334449,107,103.9,1.201,False,11122.0,107
"Pérez, Cionel",WSH,FF,-0.004850629297288833,65,92.3,0.4956,False,6002.0,65
"Pérez, Cionel",WSH,SI,0.002975206145492848,66,107.9,0.5271,False,7121.0,66
"Pérez, Cionel",WSH,ST,0.007459200048623116,57,98.1,0.7149,False,5594.0,57
"Pérez, Eury",MIA,CH,-0.000416781759699718,230,97.0,0.746,False,22310.0,230
"Pérez, Eury",MIA,CU,0.0005174488633709937,170,94.0,0.7622,False,15983.0,170
"Pérez, Eury",MIA,FF,0.007795137050831746,1007,116.6,0.4152,False,117369.0,1007
"Pérez, Eury",MIA,SI,-0.002854732355850425,453,97.2,0.9541,False,44023.0,453
"Pérez, Eury",MIA,SL,0.008145913669983742,455,105.7,0.6377,False,48090.0,455
"Pérez, Eury",MIA,ST,0.01324176660106568,358,112.9,0.7373,False,40405.0,358
"Pérez, Martín",ATL,CH,-0.005863248134389964,697,86.5,0.4817,False,60308.0,697
"Pérez, Martín",ATL,FC,-0.004826098208130864,493,87.0,0.5086,False,42913.0,493
"Pérez, Martín",ATL,FF,-0.01469679955197008,95,73.3,0.6032,False,6968.0,95
"Pérez, Martín",ATL,SI,-0.010723288857010233,797,82.7,0.4446,False,65930.0,797
"Pérez, Martín",ATL,SL,-0.0032187768473715865,162,78.3,0.6435,False,12687.0,162
"Quantrill, Cal",TEX,CU,-0.001849898508933418,72,89.0,0.7547,False,6410.0,72
"Quantrill, Cal",TEX,FC,-0.0008496569362123677,340,99.1,0.5149,False,33709.0,340
"Quantrill, Cal",TEX,FF,-0.008613475134773977,419,85.0,0.4657,False,35635.0,419
"Quantrill, Cal",TEX,FS,0.0072992097645791275,379,104.8,0.7717,False,39730.0,379
"Quantrill, Cal",TEX,SI,-0.007045691321906691,408,89.5,0.5777,False,36503.0,408
"Quantrill, Cal",TEX,SL,0.0052069073574909685,51,98.7,0.649,False,5032.0,51
"Quintana, Jose",COL,CH,-0.008167787091312648,165,82.1,0.5685,False,13541.0,165
"Quintana, Jose",COL,CU,-0.002759119769930102,142,87.1,0.7956,False,12367.0,142
"Quintana, Jose",COL,FF,-0.008835002510154325,232,84.7,0.4448,False,19641.0,232
"Quintana, Jose",COL,SI,-0.011313077666494703,164,81.6,0.5835,False,13389.0,164
"Quintana, Jose",COL,SL,-0.0014264218694961528,96,82.6,1.1263,False,7928.0,96
"Quintana, Jose",COL,ST,0.003742501820156844,17,88.6,1.0707,False,1507.0,17
"Ragans, Cole",KCR,CH,0.0068092365154630635,105,110.9,0.4724,False,11645.0,105
"Ragans, Cole",KCR,CU,-0.0002406240167113504,54,92.4,0.6533,False,4989.0,54
"Ragans, Cole",KCR,FC,-0.0014455093513044465,44,97.3,0.6826,False,4281.0,44
"Ragans, Cole",KCR,FF,0.0017603528114796827,357,105.0,0.4416,False,37475.0,357
"Ragans, Cole",KCR,SL,0.006162646981016672,77,101.0,0.6184,False,7774.0,77
"Rainey, Tanner",DET,CU,0.0024500065551061804,15,98.2,0.9551,False,1473.0,15
"Rainey, Tanner",DET,FF,0.005341047156816198,62,111.8,0.5257,False,6931.0,62
"Rainey, Tanner",DET,FS,0.0029098212253302336,1,97.0,1.2052,False,97.0,1
"Rainey, Tanner",DET,SL,0.007841070567504788,49,105.0,0.6597,False,5145.0,49
"Rajcic, Max",STL,CH,0.0023678869137687512,19,102.4,1.123,False,1945.0,19
"Rajcic, Max",STL,CU,0.007428711332890782,42,108.7,1.1231,False,4566.0,42
"Rajcic, Max",STL,FF,-0.0020935258851548294,72,97.6,0.5236,False,7026.0,72
"Rajcic, Max",STL,SI,0.005559458120842464,6,112.7,0.7531,False,676.0,6
"Rajcic, Max",STL,SL,0.004756798136181065,7,97.6,0.9539,False,683.0,7
"Rajcic, Max",STL,ST,0.008477995514540988,17,100.7,1.0467,False,1712.0,17
"Raley, Brooks",NYM,CH,-0.0012133888005644315,77,95.5,0.6831,False,7352.0,77
"Raley, Brooks",NYM,FC,0.0034094391260449802,178,112.1,0.6463,False,19952.0,178
"Raley, Brooks",NYM,SI,-0.005971100388679409,137,91.4,0.519,False,12528.0,137
"Raley, Brooks",NYM,ST,0.009266267358763814,238,102.7,0.6543,False,24442.0,238
"Raley, Brooks",PHI,CH,-0.0018842393382025571,30,94.1,0.6729,False,2823.0,30
"Raley, Brooks",PHI,FC,0.003040909449333008,72,110.9,0.6491,False,7988.0,72
"Raley, Brooks",PHI,SI,-0.00418262219603133,46,94.7,0.5605,False,4354.0,46
"Raley, Brooks",PHI,ST,0.011004809216956346,64,107.2,0.5852,False,6858.0,64
"Ralston, Jack",MIA,FF,-0.008277479847736953,82,85.7,0.9964,False,7024.0,82
"Ralston, Jack",MIA,FS,0.005023196933512999,159,101.0,2.2063,True,16059.0,159
"Ralston, Jack",MIA,SL,0.01059045769673373,70,111.6,1.4658,False,7814.0,70
"Ramos, Wilkin",SFG,CU,-0.003972872432819309,9,84.4,2.4731,True,760.0,9
"Ramos, Wilkin",SFG,FF,-0.006025726819643751,12,90.0,1.423,False,1080.0,12
"Ramos, Wilkin",SFG,SI,0.00034178227369920935,40,103.1,1.1276,False,4123.0,40
"Ramírez, Yohan",PIT,CH,0.00397585304453969,5,105.6,1.2251,False,528.0,5
"Ramírez, Yohan",PIT,CU,0.0056744700170945584,149,105.0,1.3076,False,15650.0,149
"Ramírez, Yohan",PIT,FF,0.00622273215445652,294,113.5,0.87,False,33377.0,294
"Ramírez, Yohan",PIT,SI,0.006056601410728831,343,113.5,0.5254,False,38940.0,343
"Ramírez, Yohan",PIT,ST,0.013713107644922591,619,114.1,0.921,False,70613.0,619
"Rangel, Alan",PHI,CH,0.007418962069043685,183,112.1,0.9105,False,20516.0,183
"Rangel, Alan",PHI,CU,-0.0069291732931051845,59,78.2,1.7051,False,4615.0,59
"Rangel, Alan",PHI,FF,-0.004896150980519971,168,92.2,0.7093,False,15486.0,168
"Rangel, Alan",PHI,SL,0.005586512618192276,81,99.5,0.9244,False,8059.0,81
"Raquet, Nick",BAL,CH,-0.012585112825036049,1,74.0,2.3732,True,74.0,1
"Raquet, Nick",BAL,FC,-0.007298099109902978,2,79.5,1.0899,False,159.0,2
"Raquet, Nick",BAL,FF,-0.01288445945829153,1,77.0,0.9177,False,77.0,1
"Raquet, Nick",BAL,SI,-0.0076004606531856365,19,88.5,0.6716,False,1681.0,19
"Raquet, Nick",BAL,SL,0.0007229617011554572,21,87.8,1.1324,False,1843.0,21
"Raquet, Nick",BAL,ST,0.004132078098688995,31,89.5,1.0592,False,2775.0,31
"Rashi, Taylor",ARI,CU,-0.0036799073406857336,9,85.3,1.3325,False,768.0,9
"Rashi, Taylor",ARI,FF,-0.01182979900789048,14,78.9,0.5611,False,1104.0,14
"Rashi, Taylor",ARI,FS,0.0010567499848548323,8,94.1,1.0544,False,753.0,8
"Rashi, Taylor",ARI,SL,0.003302912094763347,14,93.9,1.072,False,1315.0,14
"Rashi, Taylor",ATH,CU,-0.005716112907975912,4,80.8,1.4242,False,323.0,4
"Rashi, Taylor",ATH,FF,-0.011500344500350564,23,79.6,0.5394,False,1830.0,23
"Rashi, Taylor",ATH,FS,0.00571904013798173,7,102.3,1.0413,False,716.0,7
"Rashi, Taylor",ATH,SL,-0.0004007299689369069,9,84.9,1.4667,False,764.0,9
"Rasmussen, Drew",TBR,CH,0.008303427609847612,354,113.8,1.1485,False,40284.0,354
"Rasmussen, Drew",TBR,CU,-0.0011444636769738282,90,90.5,0.7854,False,8146.0,90
"Rasmussen, Drew",TBR,FC,0.0035217442357330935,598,112.4,0.4815,False,67240.0,598
"Rasmussen, Drew",TBR,FF,0.0021955601979431263,746,105.8,0.381,False,78926.0,746
"Rasmussen, Drew",TBR,SI,0.007874105507066298,632,116.9,0.447,False,73863.0,632
"Rasmussen, Drew",TBR,SL,0.008662004407216406,172,106.9,0.7561,False,18391.0,172
"Rasmussen, Drew",TBR,ST,0.008280797278571096,67,100.1,0.6886,False,6710.0,67
"Ray, Robbie",SDP,CH,-0.005769608842766419,176,86.7,0.6863,False,15258.0,176
"Ray, Robbie",SDP,CU,-0.0031055050142086934,92,86.4,0.6484,False,7948.0,92
"Ray, Robbie",SDP,FC,-0.0015482611310451116,158,97.1,0.5727,False,15334.0,158
"Ray, Robbie",SDP,FF,-0.0005715499799119803,177,100.5,0.3976,False,17788.0,177
"Ray, Robbie",SDP,SI,-0.00962697507053566,176,84.7,0.5005,False,14909.0,176
"Ray, Robbie",SDP,ST,-0.0034300593958635417,14,70.4,1.3115,False,985.0,14
"Ray, Robbie",SFG,CH,-0.004349362510804654,351,89.4,0.591,False,31393.0,351
"Ray, Robbie",SFG,CU,-0.0028781578609556636,207,86.8,0.6488,False,17974.0,207
"Ray, Robbie",SFG,FC,-0.0016327742159518938,508,96.8,0.5978,False,49149.0,508
"Ray, Robbie",SFG,FF,-0.0035744692152313235,713,94.7,0.3347,False,67544.0,713
"Ray, Robbie",SFG,SI,-0.010968200657582614,265,82.3,0.5081,False,21807.0,265
"Ray, Robbie",SFG,ST,-0.002203198949299643,17,73.5,1.3063,False,1249.0,17
"Raya, Marco",MIN,CH,0.0007704702447346575,17,99.2,1.0864,False,1687.0,17
"Raya, Marco",MIN,CU,0.006827543571125716,10,107.4,1.4259,False,1074.0,10
"Raya, Marco",MIN,FF,-0.0068054691991872255,45,88.5,0.7565,False,3982.0,45
"Raya, Marco",MIN,ST,0.006747766720374264,28,96.2,1.2686,False,2695.0,28
"Rea, Colin",CHC,CH,0.0020284241334952696,405,101.8,0.5773,False,41850.0,411
"Rea, Colin",CHC,CU,2.6750669682466348e-05,120,93.1,0.549,False,11263.0,121
"Rea, Colin",CHC,FC,-0.0014428362125748118,131,97.3,0.5769,False,13140.0,135
"Rea, Colin",CHC,FF,-0.005294745345513436,974,91.6,0.3385,False,89784.0,980
"Rea, Colin",CHC,SI,-0.0031282813940452154,137,96.7,0.4575,False,13243.0,137
"Rea, Colin",CHC,SL,0.0037097212839666206,238,95.0,0.4935,False,22709.0,239
"Rea, Colin",CHC,ST,0.010676694059664515,198,106.3,0.6047,False,21261.0,200
"Ribalta, Orlando",WSH,CH,-0.0012846593680870587,123,95.3,0.8312,False,11724.0,123
"Ribalta, Orlando",WSH,FF,0.0021677059408089176,216,105.7,0.5587,False,22836.0,216
"Ribalta, Orlando",WSH,SI,0.003810109403153134,119,109.4,0.7407,False,13023.0,119
"Ribalta, Orlando",WSH,SL,0.0075874810540819005,292,104.4,0.788,False,30474.0,292
"Richards, Trevor",CWS,CH,0.006885820156365134,321,111.1,0.5678,False,37438.0,337
"Richards, Trevor",CWS,FF,-0.005470737898501082,745,90.8,0.4685,False,70389.0,775
"Richards, Trevor",CWS,FS,-0.0034003110070313725,7,86.4,1.6552,False,605.0,7
"Richards, Trevor",CWS,SL,0.002911066593680931,114,93.1,0.7421,False,10612.0,114
"Richards, Trevor",PHI,CH,0.007837452788159928,22,112.8,0.5211,False,2482.0,22
"Richards, Trevor",PHI,FF,-0.003213857120383491,47,95.4,0.4013,False,4485.0,47
"Richardson, Lyon",CIN,CH,-0.0009453664002649021,15,96.1,0.6901,False,1441.0,15
"Richardson, Lyon",CIN,FF,-0.004343322914792225,8,93.2,0.6266,False,746.0,8
"Richardson, Lyon",CIN,SI,-0.00455314638869216,12,94.1,0.5063,False,1129.0,12
"Richardson, Lyon",CIN,SL,0.004057222278788686,6,95.8,1.2418,False,575.0,6
"Richardson, Lyon",MIL,CH,0.0018153778778818937,13,101.2,0.6727,False,1315.0,13
"Richardson, Lyon",MIL,SI,-0.007270262033368151,12,89.1,0.5504,False,1069.0,12
"Richardson, Lyon",MIL,ST,0.007343498757109046,2,98.0,1.3428,False,196.0,2
"Rincon, Hancel",STL,CH,0.004869670160890867,12,106.9,1.2997,False,1925.0,18
"Rincon, Hancel",STL,FF,-0.004587330106005538,16,95.5,0.7022,False,2101.0,22
"Rincon, Hancel",STL,SL,0.003695421959855594,15,96.2,1.0209,False,1828.0,19
"Ritchie, JR",ATL,CH,0.0007205985424696757,208,99.6,1.0145,False,22510.0,226
"Ritchie, JR",ATL,CU,0.0070526223855401655,326,107.9,1.3144,False,36371.0,337
"Ritchie, JR",ATL,FC,-0.0012194743895119957,92,98.0,1.1339,False,9017.0,92
"Ritchie, JR",ATL,FF,0.0013394004196062726,233,104.1,0.8893,False,25399.0,244
"Ritchie, JR",ATL,SI,-0.0014553200810415608,253,100.4,0.6996,False,28912.0,288
"Ritchie, JR",ATL,SL,0.004859727227960344,79,97.6,1.091,False,8881.0,91
"Rivera, Eduardo",BOS,FC,-0.0016659842853966567,35,96.6,0.9405,False,3382.0,35
"Rivera, Eduardo",BOS,FF,-0.0005642091475652833,114,100.5,0.638,False,11458.0,114
"Rivera, Eduardo",BOS,FS,0.002892679686239365,31,97.4,1.2475,False,3020.0,31
"Rivera, Eduardo",BOS,SL,0.002686168514871194,30,92.6,0.9377,False,2778.0,30
"Roa, Christian",HOU,CH,0.0013601179317837314,14,100.5,1.1337,False,1407.0,14
"Roa, Christian",HOU,FF,-0.0053439948480279945,44,91.4,0.8357,False,4020.0,44
"Roa, Christian",HOU,SI,-0.0014189153127894126,58,99.8,0.7411,False,5789.0,58
"Roa, Christian",HOU,SL,0.007867271609176251,62,105.0,1.278,False,6511.0,62
"Roberts, Ethan",CHC,FF,0.00015915988924276387,196,101.9,1.0874,False,19968.0,196
"Roberts, Ethan",CHC,SI,-0.002659822522974524,71,97.5,1.004,False,6922.0,71
"Roberts, Ethan",CHC,ST,0.003287400212819129,169,87.5,1.3371,False,14780.0,169
"Rock, Joe",ATH,FF,0.002513987211776631,7,106.4,0.7519,False,745.0,7
"Rock, Joe",ATH,SI,-0.00907710442940394,3,85.7,0.979,False,257.0,3
"Rock, Joe",ATH,SL,0.004116832317473988,6,96.0,1.3112,False,576.0,6
"Rock, Joe",CWS,CH,-0.0030369129713757764,7,91.9,1.1594,False,643.0,7
"Rock, Joe",CWS,FF,-0.0018617239669804398,94,98.0,0.6949,False,9213.0,94
"Rock, Joe",CWS,SI,-0.005502007189317651,21,92.3,0.9699,False,1938.0,21
"Rock, Joe",CWS,SL,0.005536940679582448,73,99.4,1.232,False,7258.0,73
"Rocker, Kumar",TEX,CH,-0.007619519990396107,82,83.1,0.9348,False,6816.0,82
"Rocker, Kumar",TEX,FC,-0.0011731236787880692,352,98.2,0.6193,False,34552.0,352
"Rocker, Kumar",TEX,FF,-0.009742618838020052,349,82.9,0.6506,False,28928.0,349
"Rocker, Kumar",TEX,FS,-0.0038026659909519366,20,86.0,0.9211,False,1721.0,20
"Rocker, Kumar",TEX,SI,-0.0012062189263044563,755,100.2,0.5974,False,75642.0,755
"Rocker, Kumar",TEX,SL,0.002728958896372795,938,92.6,0.7163,False,86897.0,938
"Rodriguez, Bradgley",SDP,CH,0.0012931079245078368,495,100.3,1.2192,False,49650.0,495
"Rodriguez, Bradgley",SDP,FF,0.005117060623888392,302,111.4,0.7204,False,33640.0,302
"Rodriguez, Bradgley",SDP,SI,0.0031702474678483366,300,108.3,0.8858,False,32476.0,300
"Rodriguez, Bradgley",SDP,SL,0.009662591386586428,66,109.3,1.1335,False,7217.0,66
"Rodriguez, Carlos",MIL,CH,-0.002847387694044355,67,92.3,0.8995,False,6187.0,67
"Rodriguez, Carlos",MIL,CU,0.0013328354980330914,2,95.5,1.0808,False,191.0,2
"Rodriguez, Carlos",MIL,FC,-0.004807854378928563,49,87.1,0.7539,False,4266.0,49
"Rodriguez, Carlos",MIL,FF,-0.0021828163880854845,49,97.3,0.5708,False,4770.0,49
"Rodriguez, Carlos",MIL,ST,0.010203604555378358,15,105.1,1.0169,False,1576.0,15
"Rodriguez, Eduardo",ARI,CH,0.001871018129306024,807,101.4,0.4669,False,81829.0,807
"Rodriguez, Eduardo",ARI,CU,-0.0020766359546687454,375,88.5,0.7435,False,33194.0,375
"Rodriguez, Eduardo",ARI,FC,-0.0054819246761237264,409,85.0,0.5314,False,34785.0,409
"Rodriguez, Eduardo",ARI,FF,-0.00840575428601815,1203,85.5,0.4022,False,102823.0,1203
"Rodriguez, Eduardo",ARI,SI,-0.009121316981008931,272,85.6,0.5634,False,23296.0,272
"Rodriguez, Grayson",LAA,CH,0.005963291841775927,467,109.3,0.6429,False,51023.0,467
"Rodriguez, Grayson",LAA,CU,0.001354859936586785,207,95.8,0.7739,False,19839.0,207
"Rodriguez, Grayson",LAA,FF,0.004065139859998835,905,109.4,0.525,False,99010.0,905
"Rodriguez, Grayson",LAA,SL,0.005884592996305098,192,100.2,0.7485,False,19246.0,192
"Rodríguez, Elmer",NYY,CU,0.002764682254766942,72,98.9,1.3584,False,7118.0,72
"Rodríguez, Elmer",NYY,FC,-0.002101576654240489,4,95.2,1.4918,False,381.0,4
"Rodríguez, Elmer",NYY,FF,-0.006898907007640586,91,88.4,1.0299,False,8041.0,91
"Rodríguez, Elmer",NYY,FS,-0.0018823568078866963,38,89.2,1.4059,False,3391.0,38
"Rodríguez, Elmer",NYY,SI,-0.0006244743777785702,229,101.3,0.8801,False,23190.0,229
"Rodríguez, Elmer",NYY,SL,0.004409125540405512,1,97.0,1.589,False,97.0,1
"Rodríguez, Elmer",NYY,ST,0.006823963698773314,62,96.5,1.3874,False,5983.0,62
"Rodríguez, José",TOR,CH,0.01145145395497346,23,119.8,1.4793,False,2755.0,23
"Rodríguez, José",TOR,FC,0.008715556701645255,2,128.5,1.5401,False,257.0,2
"Rodríguez, José",TOR,FF,0.002729735742412651,13,106.8,1.1235,False,1389.0,13
"Rodríguez, José",TOR,SI,0.00403352926927751,22,109.7,1.1307,False,2414.0,22
"Rodríguez, José",TOR,SL,0.00975514343008399,8,109.6,1.3872,False,877.0,8
"Rodríguez, Manuel",TBR,FF,-0.00018929986196637496,19,98.8,0.6192,False,2075.0,21
"Rodríguez, Manuel",TBR,SI,0.004384631400979642,45,108.6,0.6048,False,5648.0,52
"Rodríguez, Manuel",TBR,SL,0.007336734677664936,58,102.9,0.6439,False,6690.0,65
"Rodríguez, Yariel",TOR,FF,-0.0011580922640860082,35,99.4,0.5715,False,3478.0,35
"Rodríguez, Yariel",TOR,FS,0.008778612234718389,42,107.3,0.8556,False,4507.0,42
"Rodríguez, Yariel",TOR,SI,0.0053160290025752385,27,112.3,0.7807,False,3031.0,27
"Rodríguez, Yariel",TOR,SL,0.0067200397093342065,68,102.3,0.7307,False,6954.0,68
"Rodón, Carlos",NYY,CH,0.004660238287674257,210,106.8,0.5214,False,22421.0,210
"Rodón, Carlos",NYY,CU,-0.0005257220242735153,24,91.9,0.7451,False,2205.0,24
"Rodón, Carlos",NYY,FF,-0.0005808204634821494,663,100.5,0.3464,False,66609.0,663
"Rodón, Carlos",NYY,SI,-0.002070725708749292,176,98.6,0.5278,False,17351.0,176
"Rodón, Carlos",NYY,SL,0.005099920807757147,365,98.4,0.6765,False,35906.0,365
"Rogers, Taylor",MIN,FC,-0.003805457279433481,155,90.1,1.1047,False,13971.0,155
"Rogers, Taylor",MIN,SI,-0.00916971503113241,392,85.6,0.4313,False,33545.0,392
"Rogers, Taylor",MIN,ST,0.0074376906970775826,529,98.0,0.4902,False,51854.0,529
"Rogers, Trevor",BAL,FF,-0.0002889125584856723,1254,101.1,0.3918,False,126719.0,1254
"Rogers, Trevor",BAL,FS,5.287946194558344e-05,547,92.5,0.6194,False,50624.0,547
"Rogers, Trevor",BAL,SI,-0.006509464416728192,272,90.5,0.4378,False,24604.0,272
"Rogers, Trevor",BAL,SL,0.0036920814193100266,251,95.0,0.7136,False,23835.0,251
"Rogers, Trevor",BAL,ST,0.00555791420040538,351,93.3,1.0276,False,32736.0,351
"Rogers, Tyler",TOR,SI,0.013661363944133982,773,127.5,0.3484,False,98544.0,773
"Rogers, Tyler",TOR,ST,0.015564853180735461,245,118.8,0.506,False,29107.0,245
"Rojas, Kendry",MIN,FF,0.0004376573073578153,228,102.4,0.5503,False,23354.0,228
"Rojas, Kendry",MIN,FS,0.008353562895208597,75,106.6,1.1616,False,7997.0,75
"Rojas, Kendry",MIN,SI,-0.0025708246075114463,73,97.6,0.7319,False,7127.0,73
"Rojas, Kendry",MIN,SL,0.0032202513048105175,145,93.8,0.8222,False,13608.0,145
"Rolison, Ryan",CHC,CH,-0.005272366598041521,9,87.7,1.062,False,789.0,9
"Rolison, Ryan",CHC,CU,-0.00020321528861277777,162,92.5,0.8956,False,14984.0,162
"Rolison, Ryan",CHC,FF,-0.002408486352340365,397,97.0,0.6304,False,38497.0,397
"Rolison, Ryan",CHC,SI,0.0036063202225907138,144,109.0,0.7995,False,15699.0,144
"Rolison, Ryan",CHC,SL,0.004911584835182029,132,97.9,0.86,False,12922.0,132
"Rolison, Ryan",CHC,ST,0.01038349721236282,146,105.6,0.997,False,15416.0,146
"Rom, Drew",ATH,CU,-0.003119417620837339,16,85.9,1.5528,False,1461.0,17
"Rom, Drew",ATH,FF,-0.007991294701949099,117,85.9,0.6634,False,10656.0,124
"Rom, Drew",ATH,FS,-0.0037884738966178183,14,84.8,1.2836,False,1441.0,17
"Rom, Drew",ATH,SI,-0.011163896344239928,27,81.7,0.8881,False,2368.0,29
"Rom, Drew",MIL,CU,-0.00030961573631632037,18,92.2,1.3329,False,1660.0,18
"Rom, Drew",MIL,FF,-0.008706390875936262,73,84.8,0.6974,False,6193.0,73
"Rom, Drew",MIL,FS,-0.006516584428027272,4,81.2,1.2977,False,325.0,4
"Rom, Drew",MIL,SI,-0.012116737495590415,18,80.2,0.9071,False,1443.0,18
"Romano, Jordan",COL,FF,-0.004295982389658355,173,93.3,0.6575,False,16149.0,173
"Romano, Jordan",COL,SL,0.002686510268412342,278,92.5,0.8461,False,25718.0,278
"Romano, Jordan",LAA,FF,0.00497403534879421,94,111.1,0.6401,False,10448.0,94
"Romano, Jordan",LAA,FS,-0.006754081314688342,9,81.0,1.9499,True,729.0,9
"Romano, Jordan",LAA,SL,0.00489241914181732,89,97.8,0.846,False,8706.0,89
"Romero, JoJo",MIL,FF,-0.0010199203388765454,1,100.0,1.1306,False,100.0,1
"Romero, JoJo",MIL,FS,-0.00440048287739046,25,84.9,0.7844,False,2123.0,25
"Romero, JoJo",MIL,SI,-0.0041000064156833105,100,94.8,0.6578,False,9485.0,100
"Romero, JoJo",MIL,ST,0.009967506078925605,75,104.5,0.6663,False,7835.0,75
"Romero, JoJo",STL,FF,-0.002856301409857614,14,96.1,0.5972,False,1345.0,14
"Romero, JoJo",STL,FS,-0.00677957631796039,129,80.9,0.6476,False,10442.0,129
"Romero, JoJo",STL,SI,-0.0012653242394216643,318,100.1,0.4613,False,31825.0,318
"Romero, JoJo",STL,ST,0.012363719326094725,260,110.6,0.6504,False,28768.0,260
"Ross, Dylan",NYM,FF,0.0006304624257609248,3,102.7,0.7981,False,308.0,3
"Ross, Dylan",NYM,FS,0.013629487516092402,7,115.6,1.7972,True,809.0,7
"Ross, Dylan",NYM,SL,0.010327434167265892,1,111.0,1.2782,False,111.0,1
"Ross, Joe",ARI,FC,0.0005236162833170965,18,103.3,1.0416,False,1859.0,18
"Ross, Joe",ARI,FF,-0.009120113538721433,13,84.1,0.7095,False,1093.0,13
"Ross, Joe",ARI,FS,-0.00793217717458632,27,78.9,1.0641,False,2131.0,27
"Ross, Joe",ARI,SI,-0.0002824248213608585,34,101.9,0.6161,False,3464.0,34
"Ross, Joe",TEX,FC,0.002449851544508597,41,109.1,1.0781,False,4473.0,41
"Ross, Joe",TEX,FF,-0.00011179846166799377,28,101.5,0.4929,False,2841.0,28
"Ross, Joe",TEX,FS,-0.0024221887162032846,15,88.2,1.2635,False,1323.0,15
"Ross, Joe",TEX,SI,0.002316713747859467,16,106.7,0.5045,False,1707.0,16
"Ross, Joe",TEX,SL,0.0029305836315660807,13,93.2,0.947,False,1212.0,13
"Roupp, Landen",SFG,CH,0.00035292288030309396,552,98.5,1.133,False,54370.0,552
"Roupp, Landen",SFG,CU,0.010857058946775007,693,116.1,1.0874,False,80457.0,693
"Roupp, Landen",SFG,FC,0.0006986235746185948,380,103.9,1.1729,False,39473.0,380
"Roupp, Landen",SFG,FF,-0.012868542256506367,153,76.9,1.1776,False,11760.0,153
"Roupp, Landen",SFG,SI,-0.005365716915546599,934,92.5,0.9348,False,86430.0,934
"Roxby, Braxton",SFG,FF,-0.00022111695476009378,14,101.5,0.9669,False,2132.0,21
"Roxby, Braxton",SFG,SI,-0.009034085227176547,10,85.5,1.4192,False,1283.0,15
"Roxby, Braxton",SFG,SL,0.0009401221577718388,22,89.2,1.6743,False,2677.0,30
"Roxby, Braxton",SFG,ST,0.006364281139879798,30,96.0,1.5109,False,3647.0,38
"Roycroft, Chris",ATH,CH,-0.010636188222893648,7,77.3,1.6531,False,541.0,7
"Roycroft, Chris",ATH,FF,0.001273223458238962,55,106.6,0.8567,False,8100.0,76
"Roycroft, Chris",ATH,SI,0.000259280613751062,105,102.3,0.5462,False,12069.0,118
"Roycroft, Chris",ATH,SL,0.004533251237406053,19,98.3,1.152,False,2653.0,27
"Roycroft, Chris",ATH,ST,0.014024535016644569,21,113.9,1.5348,False,3074.0,27
"Roycroft, Chris",STL,FF,-0.006528616207480595,34,89.0,0.8846,False,3027.0,34
"Roycroft, Chris",STL,SI,0.0012322727208757258,67,104.7,0.601,False,7014.0,67
"Roycroft, Chris",STL,SL,0.0026942147182126065,40,92.6,1.3167,False,3704.0,40
"Roycroft, Chris",STL,ST,0.005105811553600385,12,92.2,1.1942,False,1106.0,12
"Roycroft, Chris",TBR,FF,-0.005613047752995044,50,90.8,1.0462,False,4541.0,50
"Roycroft, Chris",TBR,SI,0.004221291444210787,163,110.1,0.7481,False,17953.0,163
"Roycroft, Chris",TBR,SL,0.0058950180133771415,70,100.3,1.277,False,7018.0,70
"Roycroft, Chris",TBR,ST,0.0078090239549055696,4,99.0,1.1376,False,396.0,4
"Rucker, Michael",SEA,CH,0.0011101597847300582,4,100.0,0.8942,False,400.0,4
"Rucker, Michael",SEA,CU,0.004138217266727031,235,101.8,0.8955,False,23920.0,235
"Rucker, Michael",SEA,FF,0.002367875867454882,252,106.1,0.4436,False,26746.0,252
"Rucker, Michael",SEA,SI,0.004336936671398175,92,110.4,0.869,False,10154.0,92
"Rucker, Michael",SEA,SL,0.006810691821169451,174,102.5,0.7753,False,17833.0,174
"Rutledge, Jackson",WSH,FC,0.0008438394910626812,20,104.2,0.9179,False,2084.0,20
"Rutledge, Jackson",WSH,FS,0.006215717061422765,12,103.0,1.2446,False,1236.0,12
"Rutledge, Jackson",WSH,SI,-0.008439579512923956,12,86.9,0.7284,False,1043.0,12
"Ryan, Joe",MIN,CH,-0.0032924927835275802,294,91.5,0.6777,False,26897.0,294
"Ryan, Joe",MIN,CU,0.005643587433627949,270,105.0,0.7666,False,28343.0,270
"Ryan, Joe",MIN,FF,0.004396533488053424,1079,110.0,0.3924,False,118700.0,1079
"Ryan, Joe",MIN,SI,-0.003272443797746565,231,96.4,0.5659,False,22264.0,231
"Ryan, Joe",MIN,SL,0.0020450536056773397,166,91.0,0.7429,False,15104.0,166
"Ryan, Joe",MIN,ST,0.007267432459120755,400,97.6,0.6042,False,39040.0,400
"Ryan, River",DET,CH,0.002273802056151908,8,104.2,0.9844,False,1042.0,10
"Ryan, River",DET,CU,0.005401382300381859,6,104.2,1.0792,False,834.0,8
"Ryan, River",DET,FC,0.007113485550507903,5,125.8,1.0419,False,1132.0,9
"Ryan, River",DET,FF,0.006539716068540916,14,113.2,0.6674,False,3621.0,32
"Ryan, River",DET,SI,0.003361406736075878,5,104.6,0.7852,False,837.0,8
"Ryan, River",DET,SL,0.010590060800313949,5,120.5,0.8975,False,1808.0,15
"Ríos, Yacksel",CHC,FF,0.005811419271464858,7,113.0,0.6837,False,791.0,7
"Ríos, Yacksel",CHC,FS,0.01310699200257659,2,114.5,1.189,False,229.0,2
"Ríos, Yacksel",CHC,SI,0.0033749755627165237,3,108.7,0.9224,False,326.0,3
"Ríos, Yacksel",CHC,SL,0.002698028227314353,1,93.0,1.0827,False,93.0,1
"Sabrowski, Erik",CLE,CU,0.0014629709473304607,154,96.0,1.0067,False,14791.0,154
"Sabrowski, Erik",CLE,FF,0.0024118445804581193,538,106.2,0.5879,False,57160.0,538
"Sabrowski, Erik",CLE,SL,0.0047706221657585444,133,97.6,0.8747,False,12975.0,133
"Sale, Chris",ATL,CH,-0.0013807205623726695,262,95.1,0.6295,False,24924.0,262
"Sale, Chris",ATL,FF,0.005533494527491423,1070,112.2,0.4476,False,120066.0,1070
"Sale, Chris",ATL,SI,0.003991863698995306,213,109.8,0.519,False,23377.0,213
"Sale, Chris",ATL,ST,0.010351613416389073,1027,105.5,0.62,False,108339.0,1027
"Samaniego, Tyler",BOS,CH,-0.004894224007761008,19,88.3,1.172,False,1678.0,19
"Samaniego, Tyler",BOS,FC,-0.00489707895343372,24,86.8,1.2725,False,2084.0,24
"Samaniego, Tyler",BOS,FF,-0.002677995120769804,87,96.5,0.9846,False,8395.0,87
"Samaniego, Tyler",BOS,SI,-0.0017213202334979932,126,99.3,0.7939,False,12509.0,126
"Samaniego, Tyler",BOS,ST,0.0032147587769251348,58,87.2,1.3513,False,5060.0,58
"Sanders, Cam",BAL,CH,0.009248653118750857,36,115.6,1.239,False,4162.0,36
"Sanders, Cam",BAL,FF,0.005355548418060607,160,111.8,0.7275,False,17896.0,160
"Sanders, Cam",BAL,SI,-0.004448872090304374,9,94.1,1.2149,False,847.0,9
"Sanders, Cam",BAL,SL,0.00393916662146512,125,95.6,1.0271,False,11950.0,125
"Sanders, Cam",PIT,CH,0.009172390193270985,32,115.5,1.1519,False,3695.0,32
"Sanders, Cam",PIT,FF,0.002863124947665104,90,107.1,0.6345,False,9639.0,90
"Sanders, Cam",PIT,SI,0.006671540759271011,8,114.6,1.1956,False,917.0,8
"Sanders, Cam",PIT,SL,0.006397780280355525,87,101.5,0.8824,False,8827.0,87
"Sandlin, David",CWS,CU,0.002352430408123902,140,97.9,1.1481,False,13709.0,140
"Sandlin, David",CWS,FC,0.0005167597686457677,112,103.3,0.8645,False,11568.0,112
"Sandlin, David",CWS,FF,0.002099560568870465,202,105.6,0.5884,False,21341.0,202
"Sandlin, David",CWS,FS,-0.004186919580024551,40,85.4,1.3467,False,3416.0,40
"Sandlin, David",CWS,SI,-0.00020688023160848963,57,102.1,0.7052,False,5820.0,57
"Sandlin, David",CWS,SL,0.009913702588528394,5,109.8,1.0107,False,549.0,5
"Sandlin, David",CWS,ST,0.00701062335908163,82,97.0,1.0575,False,7950.0,82
"Sandlin, Nick",LAA,FF,0.000406809414372496,23,102.5,0.4908,False,2357.0,23
"Sandlin, Nick",LAA,FS,-0.0008928244477263777,37,90.9,0.904,False,3363.0,37
"Sandlin, Nick",LAA,SI,-0.0037848824673953154,12,95.5,0.7162,False,1146.0,12
"Sandlin, Nick",LAA,ST,0.011301172900643638,85,107.9,1.0379,False,9174.0,85
"Sandoval, Patrick",BOS,CH,0.004363085215296338,291,106.7,0.6074,False,36386.0,341
"Sandoval, Patrick",BOS,CU,-0.0005302572137728194,47,91.8,0.9983,False,4404.0,48
"Sandoval, Patrick",BOS,FF,-0.009352812100594014,278,83.6,0.552,False,26072.0,312
"Sandoval, Patrick",BOS,SI,-0.005850402442474615,203,91.6,0.6268,False,18785.0,205
"Sandoval, Patrick",BOS,SL,0.005257356614830704,245,98.7,0.8589,False,24868.0,252
"Sandoval, Patrick",BOS,ST,0.012953715771130336,57,111.9,1.152,False,6827.0,61
"Sands, Cole",MIN,FC,-0.00014910365280229598,49,101.2,0.5894,False,4961.0,49
"Sands, Cole",MIN,FF,-0.004994054877507941,84,92.0,0.4795,False,7732.0,84
"Sands, Cole",MIN,FS,0.000806699543746243,34,93.7,0.6745,False,3187.0,34
"Sands, Cole",MIN,SI,-0.0030195025416711965,15,96.9,0.6929,False,1453.0,15
"Sands, Cole",MIN,ST,0.004489648383309099,27,90.6,0.7135,False,2446.0,27
"Sanmartin, Reiver",SFG,CH,-0.0008533532590225453,96,96.2,0.9556,False,9234.0,96
"Sanmartin, Reiver",SFG,FF,-0.006210187032203456,28,89.8,0.966,False,2513.0,28
"Sanmartin, Reiver",SFG,SI,-0.004241768435520044,128,94.7,0.866,False,12116.0,128
"Sanmartin, Reiver",SFG,SL,0.002994433399640344,93,93.3,1.0177,False,8676.0,93
"Santa, Alimber",HOU,FF,-0.009738653652473457,18,82.9,1.2885,False,1493.0,18
"Santa, Alimber",HOU,SI,-0.005401844204243389,56,92.5,1.0647,False,5181.0,56
"Santa, Alimber",HOU,SL,0.002429508004629374,74,91.9,1.3545,False,6799.0,74
"Santa, Alimber",HOU,ST,0.007377490618738294,90,97.9,1.4292,False,8812.0,90
"Santana, Dennis",ARI,CH,-0.0027390725597450953,21,92.6,0.7999,False,1945.0,21
"Santana, Dennis",ARI,FC,0.0005377509098707378,48,103.3,0.6147,False,4959.0,48
"Santana, Dennis",ARI,FF,-0.007671224420425247,34,86.9,0.5357,False,2955.0,34
"Santana, Dennis",ARI,SI,-0.004702857380541372,31,93.7,0.6522,False,2905.0,31
"Santana, Dennis",ARI,SL,0.00434977973828275,79,96.5,0.6264,False,7623.0,79
"Santana, Dennis",PIT,CH,-0.0020489525183775012,106,93.9,0.7512,False,9950.0,106
"Santana, Dennis",PIT,FC,-0.002254436422609379,54,94.9,0.6879,False,5125.0,54
"Santana, Dennis",PIT,FF,-0.0006702931474938608,218,100.3,0.4654,False,21860.0,218
"Santana, Dennis",PIT,SI,-0.00436467232545355,82,94.4,0.5553,False,7737.0,82
"Santana, Dennis",PIT,SL,0.004467585684330619,246,96.8,0.6056,False,23823.0,246
"Santillan, Tony",CIN,FF,0.00024277578122650393,424,102.1,0.4796,False,43272.0,424
"Santillan, Tony",CIN,ST,0.005720265656164552,252,93.7,0.6235,False,23602.0,252
"Santos, Gregory",SFG,CH,4.834909123019315e-05,1,98.0,1.3648,False,98.0,1
"Santos, Gregory",SFG,FF,-0.00531715024003966,18,91.3,1.1266,False,1644.0,18
"Santos, Gregory",SFG,SI,-0.0004635238463221037,23,101.5,0.5917,False,2334.0,23
"Santos, Gregory",SFG,SL,0.008363606604027816,44,106.2,0.7467,False,4673.0,44
"Santos, Winston",TEX,CH,-0.001075480756117031,5,95.6,1.1368,False,478.0,5
"Santos, Winston",TEX,FF,0.0021076734216573336,18,105.6,0.6139,False,1900.0,18
"Santos, Winston",TEX,SL,0.0055057697230949994,10,99.5,0.9931,False,995.0,10
"Sasaki, Roki",LAD,FF,0.00453591721852053,876,110.2,0.7685,False,97347.0,883
"Sasaki, Roki",LAD,FS,0.023784092940723905,761,132.9,1.4745,False,101666.0,765
"Sasaki, Roki",LAD,SL,0.011601614763147423,446,114.0,1.1314,False,51189.0,449
"Saucedo, Tayler",LAA,CH,-0.005076832138001919,32,88.0,0.7565,False,2816.0,32
"Saucedo, Tayler",LAA,FF,-0.0026534461952052173,49,96.6,0.702,False,4731.0,49
"Saucedo, Tayler",LAA,SI,-0.006544197090110613,58,90.4,0.5066,False,5243.0,58
"Saucedo, Tayler",LAA,SL,0.0004438715376939702,90,87.1,1.0704,False,7840.0,90
"Saucedo, Tayler",LAA,ST,0.007281046137984703,114,97.7,0.784,False,11135.0,114
"Scherzer, Max",TOR,CH,-0.0037577576924449395,202,90.7,0.4457,False,20580.0,227
"Scherzer, Max",TOR,CU,-0.0008926331898599016,195,91.0,0.6466,False,19381.0,213
"Scherzer, Max",TOR,FC,0.0007519336629669346,151,104.0,0.5655,False,16222.0,156
"Scherzer, Max",TOR,FF,-0.00022270255178335338,642,101.3,0.3467,False,69985.0,691
"Scherzer, Max",TOR,SL,0.0045238127642767915,157,97.1,0.5238,False,16891.0,174
"Schlittler, Cam",NYY,CU,0.011759222322787916,297,118.0,1.1246,False,35049.0,297
"Schlittler, Cam",NYY,FC,0.009114299394895196,783,129.5,1.0277,False,101363.0,783
"Schlittler, Cam",NYY,FF,0.005537060770821733,1363,112.2,0.6078,False,152977.0,1363
"Schlittler, Cam",NYY,SI,0.009779458271896305,573,120.3,0.9027,False,68957.0,573
"Schlittler, Cam",NYY,SL,0.010184976980090141,25,110.6,1.1324,False,2766.0,25
"Schmidt, Clarke",NYY,CU,0.005627829232253134,4,104.8,1.564,False,419.0,4
"Schmidt, Clarke",NYY,FC,0.0012723168911179528,4,105.5,1.1108,False,422.0,4
"Schmidt, Clarke",NYY,FF,-0.0006942183924062798,6,100.2,0.9161,False,601.0,6
"Schmidt, Clarke",NYY,SI,-0.004766448982991278,2,93.5,1.1114,False,187.0,2
"Schmidt, Clarke",NYY,ST,0.0033001221454469487,8,87.4,1.2416,False,699.0,8
"Scholtens, Jesse",TBR,FC,-0.0014693179902580498,222,97.3,1.0545,False,22956.0,236
"Scholtens, Jesse",TBR,FF,-0.002475840546611823,158,96.7,0.9306,False,16045.0,166
"Scholtens, Jesse",TBR,FS,0.001320203757204581,100,96.0,1.4305,False,11042.0,115
"Scholtens, Jesse",TBR,SI,-0.0015583607223534327,167,98.8,0.8684,False,17493.0,177
"Scholtens, Jesse",TBR,ST,0.0068110007670934706,76,96.5,1.2753,False,7626.0,79
"Schreiber, John",KCR,CH,0.001081167804566951,63,99.9,1.4116,False,6295.0,63
"Schreiber, John",KCR,FC,-0.0032027946080726254,109,92.1,0.5486,False,10034.0,109
"Schreiber, John",KCR,FF,0.002729621587363947,234,106.8,0.4424,False,25001.0,234
"Schreiber, John",KCR,SI,0.0011966103745189966,194,104.6,0.5207,False,20292.0,194
"Schreiber, John",KCR,ST,0.00715112212540045,229,97.3,0.617,False,22281.0,229
"Schreiber, John",NYY,CH,-0.0036890003830194473,2,90.5,1.1917,False,181.0,2
"Schreiber, John",NYY,FC,-0.004385538944533389,19,88.4,0.791,False,1679.0,19
"Schreiber, John",NYY,FF,0.003983019137155245,46,109.2,0.5287,False,5022.0,46
"Schreiber, John",NYY,SI,0.004408336622873321,60,110.6,0.4974,False,6633.0,60
"Schreiber, John",NYY,ST,0.007738810626040326,41,98.8,0.5788,False,4051.0,41
"Schultz, Noah",CWS,CH,-0.003770847568227386,118,90.6,1.1039,True,10686.0,118
"Schultz, Noah",CWS,CU,0.001371839427232963,19,95.9,1.3956,True,1822.0,19
"Schultz, Noah",CWS,FC,0.001769587756978998,279,107.1,1.2914,True,29879.0,279
"Schultz, Noah",CWS,FF,-0.010247617447407804,267,81.9,1.1636,True,21873.0,267
"Schultz, Noah",CWS,SI,-0.009045486620417521,339,85.8,0.9678,True,29084.0,339
"Schultz, Noah",CWS,ST,0.0030148180828897847,240,86.8,1.3131,True,20821.0,240
"Schultz, Paxton",WSH,CH,-6.071931387520056e-05,88,97.7,0.9385,False,8595.0,88
"Schultz, Paxton",WSH,FC,-0.0017740281039179148,273,96.4,0.6963,False,26306.0,273
"Schultz, Paxton",WSH,FF,-0.004016360100210394,207,93.9,0.4821,False,19436.0,207
"Schultz, Paxton",WSH,SL,0.0038295275174147847,42,95.3,0.8895,False,4001.0,42
"Schweitzer, Tyler",CWS,CH,0.001392153565204892,54,100.5,1.2082,False,5429.0,54
"Schweitzer, Tyler",CWS,CU,-0.0001475144529870925,37,92.6,1.1367,False,3426.0,37
"Schweitzer, Tyler",CWS,FF,-0.002899816241914041,221,96.1,0.6542,False,21229.0,221
"Schweitzer, Tyler",CWS,SI,-0.0030878170859068633,20,96.8,0.8331,False,1936.0,20
"Schweitzer, Tyler",CWS,SL,0.0017064418701574185,210,90.2,0.8337,False,18935.0,210
"Schweitzer, Tyler",CWS,ST,0.007443790207616985,24,97.9,0.9152,False,2350.0,24
"Scott, Christian",NYM,FC,0.001753421625410382,368,107.1,1.028,False,39398.0,368
"Scott, Christian",NYM,FF,0.005710366160020654,926,112.5,0.4767,False,104212.0,926
"Scott, Christian",NYM,FS,0.0018778271659838912,85,95.6,1.047,False,8127.0,85
"Scott, Christian",NYM,SI,-0.004515618691905676,34,94.1,1.0343,False,3199.0,34
"Scott, Christian",NYM,SL,0.0015773001991071984,102,89.8,1.4702,False,9163.0,102
"Scott, Christian",NYM,ST,0.013057313218530276,449,112.4,1.0653,False,50466.0,449
"Scott, Tanner",LAD,FF,0.009392613600006714,473,119.6,0.3557,False,56576.0,473
"Scott, Tanner",LAD,SL,0.009037291552581615,490,107.9,0.5092,False,52847.0,490
"Seabold, Connor",DET,CH,0.000733361777747632,68,99.2,0.9548,False,6749.0,68
"Seabold, Connor",DET,FC,0.000719604894079061,18,103.9,0.9567,False,1871.0,18
"Seabold, Connor",DET,FF,-0.0005619104763681641,153,100.5,0.6198,False,15382.0,153
"Seabold, Connor",DET,SL,0.0019582413616985716,39,90.8,1.0331,False,3540.0,39
"Seabold, Connor",KCR,CH,0.0010179787521551857,17,99.8,1.1276,False,1696.0,17
"Seabold, Connor",KCR,FC,-0.0008980788086773827,20,99.0,0.8544,False,1981.0,20
"Seabold, Connor",KCR,FF,-0.0034181720941948396,75,95.0,0.5498,False,7126.0,75
"Seabold, Connor",KCR,SL,0.0008221201860578731,19,87.9,1.1198,False,1671.0,19
"Seabold, Connor",TOR,CH,-0.0011470349524946263,15,95.6,0.9467,False,1434.0,15
"Seabold, Connor",TOR,FC,0.002388629376582685,8,108.9,0.8741,False,871.0,8
"Seabold, Connor",TOR,FF,-0.003217218295806864,24,95.4,0.5941,False,2290.0,24
"Seabold, Connor",TOR,SL,0.0005280361081531737,20,87.3,1.1207,False,1746.0,20
"Sears, Andrew",DET,CH,-0.0006362731492117746,47,96.6,1.012,False,4538.0,47
"Sears, Andrew",DET,FF,-4.038205348706469e-05,160,101.5,0.6525,False,16246.0,160
"Sears, Andrew",DET,SI,-0.005882384923651167,46,91.7,0.8122,False,4216.0,46
"Sears, Andrew",DET,SL,0.0029822016861601754,111,93.3,1.1265,False,10354.0,111
"Sears, JP",SDP,CH,-0.005199978864931671,110,87.8,0.5244,False,9654.0,110
"Sears, JP",SDP,FC,-0.007082532841845283,7,80.1,1.0992,False,561.0,7
"Sears, JP",SDP,FF,-0.005642461631102308,195,90.7,0.3561,False,17695.0,195
"Sears, JP",SDP,SI,-0.011489161789771725,67,81.3,0.5789,False,5449.0,67
"Sears, JP",SDP,SL,0.0003027195105460123,75,86.8,0.737,False,6512.0,75
"Sears, JP",SDP,ST,0.006767829180850337,75,96.3,0.6299,False,7224.0,75
"Seelinger, Matt",NYM,CU,0.003500008280389011,10,100.4,2.5101,True,1004.0,10
"Seelinger, Matt",NYM,FC,-0.002862845277294665,22,93.0,1.3909,False,2046.0,22
"Seelinger, Matt",NYM,FF,0.0002640712351421826,20,102.1,0.9116,False,2042.0,20
"Senga, Kodai",NYM,CU,-0.002633611555211246,2,87.5,1.6284,False,175.0,2
"Senga, Kodai",NYM,FC,-0.0017998561353199695,157,96.2,0.5623,False,15111.0,157
"Senga, Kodai",NYM,FF,0.0011903522863727922,481,103.9,0.3849,False,49961.0,481
"Senga, Kodai",NYM,FS,0.00807438061602679,302,106.2,0.7234,False,32058.0,302
"Senga, Kodai",NYM,SI,-0.0025709844784513633,36,97.7,0.6903,False,3516.0,36
"Senga, Kodai",NYM,SL,0.008075915818631459,59,105.5,0.7792,False,6226.0,59
"Senga, Kodai",NYM,ST,0.0019625324537569017,92,84.1,0.8751,False,7735.0,92
"Senzatela, Antonio",COL,CH,-0.0001910245878557012,52,97.4,1.1266,False,5065.0,52
"Senzatela, Antonio",COL,FC,0.002603860661803543,239,109.6,1.0431,False,26200.0,239
"Senzatela, Antonio",COL,FF,0.0011137415557790598,323,103.7,0.622,False,33506.0,323
"Senzatela, Antonio",COL,SI,0.0047049049450003586,92,111.0,0.8675,False,10215.0,92
"Senzatela, Antonio",COL,SL,0.00044249527389736247,79,87.2,1.0659,False,6886.0,79
"Senzatela, Antonio",COL,ST,0.010379850464232732,20,105.6,1.3607,False,2111.0,20
"Senzatela, Antonio",MIL,FC,0.00060488563576655,151,103.6,0.9392,False,15643.0,151
"Senzatela, Antonio",MIL,FF,0.0019330281705864567,37,105.4,0.609,False,3898.0,37
"Senzatela, Antonio",MIL,SI,0.006053304534192042,150,113.6,0.8875,False,17033.0,150
"Senzatela, Antonio",MIL,SL,0.003442145802017132,22,94.4,0.9528,False,2076.0,22
"Severino, Luis",ATH,CH,-0.001787110034995949,59,94.4,1.1732,False,5568.0,59
"Severino, Luis",ATH,FC,0.0025324724173414223,216,109.4,1.081,False,23640.0,216
"Severino, Luis",ATH,FF,0.001864175633090781,240,105.2,0.7993,False,25236.0,240
"Severino, Luis",ATH,SI,0.0011065027749789932,258,104.5,0.7418,False,26950.0,258
"Severino, Luis",ATH,SL,0.007504494752668377,28,104.1,1.0906,False,2916.0,28
"Severino, Luis",ATH,ST,0.014130404636901068,285,115.1,1.132,False,32805.0,285
"Sewald, Paul",ARI,FC,0.0006514027481898665,2,104.0,1.5551,False,208.0,2
"Sewald, Paul",ARI,FF,0.0034262992797334723,374,108.2,0.3879,False,40453.0,374
"Sewald, Paul",ARI,ST,0.008413230972849515,257,100.5,0.6343,False,25833.0,257
"Sewald, Paul",TOR,FC,0.001268410903867334,10,104.2,1.6081,False,1146.0,11
"Sewald, Paul",TOR,FF,0.004923345354829043,94,109.9,0.4813,False,11316.0,103
"Sewald, Paul",TOR,ST,0.009739878566421991,97,102.9,0.6202,False,10908.0,106
"Seymour, Carson",SFG,FC,0.0017534611680734473,113,107.3,1.1438,False,12444.0,116
"Seymour, Carson",SFG,FF,0.0006011492752031177,87,102.8,0.8552,False,9047.0,88
"Seymour, Carson",SFG,FS,0.007308851557484429,14,104.5,1.5105,False,1567.0,15
"Seymour, Carson",SFG,SI,0.00585448051149032,176,113.1,0.8262,False,20249.0,179
"Seymour, Carson",SFG,SL,0.011603149291701042,130,114.3,1.0104,False,15085.0,132
"Seymour, Ian",TBR,CH,0.0007214561459677527,609,99.2,0.6708,False,60406.0,609
"Seymour, Ian",TBR,CU,-0.004262120329907962,14,84.0,1.3148,False,1176.0,14
"Seymour, Ian",TBR,FC,-0.006480059190653265,10,82.2,0.773,False,822.0,10
"Seymour, Ian",TBR,FF,-0.007152539772704748,584,87.9,0.625,False,51306.0,584
"Seymour, Ian",TBR,SI,-0.007990422037915789,346,87.8,0.8404,False,30555.0,348
"Seymour, Ian",TBR,ST,0.004809396896519969,555,91.3,1.4046,False,50681.0,555
"Sheehan, Emmet",LAD,CH,0.002274252980920497,304,102.2,0.6505,False,31058.0,304
"Sheehan, Emmet",LAD,CU,0.002260852024401514,241,97.8,0.7764,False,23559.0,241
"Sheehan, Emmet",LAD,FF,0.0041353187842923505,836,109.5,0.4646,False,91564.0,836
"Sheehan, Emmet",LAD,SL,0.0037033738979637414,573,95.0,0.5479,False,54429.0,573
"Shook, TJ",COL,FC,-0.0012266758773762376,16,98.1,0.9561,False,1569.0,16
"Shook, TJ",COL,FF,-0.007775032244646385,59,86.7,0.6523,False,5115.0,59
"Shook, TJ",COL,FS,-0.0028075306470002814,28,87.6,1.132,False,2454.0,28
"Shook, TJ",COL,ST,0.005233861596113251,31,92.5,1.1775,False,2866.0,31
"Shugart, Chase",PHI,CH,-0.002066570654642419,80,93.8,1.1396,False,7506.0,80
"Shugart, Chase",PHI,FC,0.0035943008408806975,278,112.7,0.981,False,31322.0,278
"Shugart, Chase",PHI,FF,-0.0017557783455231402,80,98.2,0.8552,False,7859.0,80
"Shugart, Chase",PHI,SI,0.004517602123044134,253,110.7,0.8061,False,28002.0,253
"Shugart, Chase",PHI,ST,0.007416966688609006,175,98.0,1.0018,False,17156.0,175
"Shuster, Jared",STL,CH,0.001867927220787886,34,101.4,0.846,False,3448.0,34
"Shuster, Jared",STL,FC,-0.006846841129507604,28,80.9,0.8342,False,2264.0,28
"Shuster, Jared",STL,FF,-0.005802809150191024,50,90.4,0.5291,False,4522.0,50
"Shuster, Jared",STL,SI,-0.009801187150878831,20,84.4,0.6688,False,1688.0,20
"Shuster, Jared",STL,SL,0.0026136840011424605,34,92.4,0.8428,False,3140.0,34
"Silseth, Chase",LAA,FF,-0.0011240192272053066,282,99.4,0.4927,False,28043.0,282
"Silseth, Chase",LAA,FS,0.006122381423850769,216,102.8,1.0097,False,22210.0,216
"Silseth, Chase",LAA,SI,-0.0013209122029365973,115,100.0,0.7488,False,11495.0,115
"Silseth, Chase",LAA,ST,0.009172742463776777,116,102.5,1.0443,False,11885.0,116
"Silseth, Chase",TEX,FF,0.00029534212371800094,170,102.7,0.4712,False,18179.0,177
"Silseth, Chase",TEX,FS,0.006977887040314575,45,104.3,1.1331,False,4693.0,45
"Silseth, Chase",TEX,SI,0.001280393185360091,21,105.8,0.7295,False,2327.0,22
"Silseth, Chase",TEX,ST,0.007998263106920419,113,99.5,0.9833,False,11538.0,116
"Simpson, Jared",WSH,FF,-0.0014690439943601755,37,98.8,0.6284,False,3654.0,37
"Simpson, Jared",WSH,FS,0.002871089818654582,14,97.3,1.0991,False,1362.0,14
"Simpson, Jared",WSH,SI,-0.00014216955605661497,32,102.2,0.8042,False,3271.0,32
"Simpson, Jared",WSH,SL,0.004284189979080111,10,96.5,1.0674,False,965.0,10
"Simpson, Josh",SEA,CH,-0.005734240616826962,6,86.8,1.191,False,521.0,6
"Simpson, Josh",SEA,CU,-0.0012943721237486617,39,90.2,0.8092,False,3517.0,39
"Simpson, Josh",SEA,FF,-0.010218326416280534,9,81.9,0.7749,False,737.0,9
"Simpson, Josh",SEA,SI,-0.004620087223628887,57,93.9,0.6495,False,5355.0,57
"Simpson, Josh",SEA,ST,0.005740512748681275,42,93.7,0.8943,False,3936.0,42
"Sims, Lucas",CWS,CU,0.0035125307282820963,12,100.5,1.1645,False,1206.0,12
"Sims, Lucas",CWS,FF,-0.004600891796569642,77,92.8,0.6248,False,7142.0,77
"Sims, Lucas",CWS,FS,0.004239617367602477,4,99.8,1.1757,False,399.0,4
"Sims, Lucas",CWS,SI,-0.009819421218708158,2,84.0,1.0216,False,168.0,2
"Sims, Lucas",CWS,ST,0.011970469314531473,76,109.6,0.8765,False,8327.0,76
"Sinclair, Jack",WSH,CH,0.0018957758729811758,6,100.9,1.3786,False,706.0,7
"Sinclair, Jack",WSH,FC,0.0034479929745430127,14,114.4,1.2769,False,1944.0,17
"Sinclair, Jack",WSH,FF,0.003368276272643319,48,107.8,0.941,False,5500.0,51
"Sinclair, Jack",WSH,SI,0.003875541064189747,20,110.0,1.1737,False,2309.0,21
"Sinclair, Jack",WSH,ST,0.013816545126102274,63,114.2,1.3249,False,8111.0,71
"Singer, Brady",CIN,FC,-0.00440353656798834,200,88.4,0.6873,False,17671.0,200
"Singer, Brady",CIN,FF,-0.007437261149541221,55,87.3,0.5794,False,4802.0,55
"Singer, Brady",CIN,SI,-0.0097303351538815,1416,84.6,0.4519,False,119725.0,1416
"Singer, Brady",CIN,SL,-0.000824879896862331,867,84.1,0.5275,False,72895.0,867
"Singer, Brady",CIN,ST,0.003002382008069015,263,86.7,0.6763,False,22809.0,263
"Sisk, Evan",PIT,CH,0.0014723384075397109,72,100.6,1.7392,False,7245.0,72
"Sisk, Evan",PIT,CU,0.004343321340872547,221,102.2,1.0206,False,22584.0,221
"Sisk, Evan",PIT,FF,0.0008413274594990857,148,103.2,0.9122,False,15271.0,148
"Sisk, Evan",PIT,SI,-0.001236980368549831,254,100.1,0.909,False,25428.0,254
"Sisk, Evan",PIT,ST,0.008205623042461715,138,100.0,1.2326,False,13797.0,138
"Skenes, Paul",PIT,CH,-0.0022078485556311683,358,93.6,0.7257,False,33499.0,358
"Skenes, Paul",PIT,CU,0.005866151885129511,10,105.4,1.1124,False,1054.0,10
"Skenes, Paul",PIT,FF,0.0010922424834081564,1213,103.7,0.5365,False,125771.0,1213
"Skenes, Paul",PIT,FS,0.007390285575911548,290,104.9,0.7142,False,30435.0,290
"Skenes, Paul",PIT,SI,0.00027958097546359974,309,102.9,0.6572,False,31805.0,309
"Skenes, Paul",PIT,SL,0.007692293731896724,270,104.6,0.9633,False,28246.0,270
"Skenes, Paul",PIT,ST,0.0139577773008241,439,114.7,0.7019,False,50347.0,439
"Skubal, Tarik",DET,CH,0.00552595273258404,359,108.4,0.5888,False,38927.0,359
"Skubal, Tarik",DET,CU,0.00017403526060633112,64,93.3,0.8531,False,5974.0,64
"Skubal, Tarik",DET,FF,0.0038454440026162912,525,108.9,0.3911,False,57197.0,525
"Skubal, Tarik",DET,SI,0.003144958835736073,281,108.2,0.4217,False,30404.0,281
"Skubal, Tarik",DET,SL,0.0046625267556136,202,97.3,0.569,False,19650.0,202
"Skubal, Tarik",LAD,CH,0.005735892657434843,244,108.8,0.584,False,26550.0,244
"Skubal, Tarik",LAD,CU,-8.232383845552249e-05,54,92.8,0.8078,False,5010.0,54
"Skubal, Tarik",LAD,FF,0.004172427196653586,373,109.6,0.3722,False,40880.0,373
"Skubal, Tarik",LAD,SI,0.001833171942856753,129,105.8,0.4019,False,13647.0,129
"Skubal, Tarik",LAD,SL,0.006896556411869824,125,102.7,0.5161,False,12842.0,125
"Slaten, Justin",BOS,CU,0.00829252488363315,17,110.5,1.0372,False,1879.0,17
"Slaten, Justin",BOS,FC,0.002359299721802487,213,108.9,0.6334,False,23195.0,213
"Slaten, Justin",BOS,FF,0.002739943997654336,125,106.8,0.4804,False,13355.0,125
"Slaten, Justin",BOS,SI,0.0005651309683031938,67,103.4,1.0109,False,6931.0,67
"Slaten, Justin",BOS,ST,0.01215300288391137,86,110.1,0.9058,False,9468.0,86
"Smith, Burch",DET,CH,0.001720633813858041,27,101.0,1.0218,False,2728.0,27
"Smith, Burch",DET,CU,0.002854370589438394,73,99.1,0.8693,False,7231.0,73
"Smith, Burch",DET,FC,-0.0014098811351701802,61,97.4,0.7414,False,5943.0,61
"Smith, Burch",DET,FF,0.0010681509042624385,125,103.6,0.5541,False,12954.0,125
"Smith, Burch",DET,SI,-0.004653995390981436,1,94.0,0.9604,False,94.0,1
"Smith, Cade",CLE,FF,0.00844081068149151,796,117.8,0.4307,False,93774.0,796
"Smith, Cade",CLE,FS,0.01422813732095825,314,116.6,0.8431,False,36599.0,314
"Smith, Cade",CLE,ST,0.01298010714162956,128,112.1,0.9147,False,14355.0,128
"Smith, Dylan",SFG,CU,0.001352554678559563,43,95.8,1.3129,False,4312.0,45
"Smith, Dylan",SFG,FF,0.0009704408380469179,393,103.5,0.6254,False,41720.0,403
"Smith, Dylan",SFG,FS,0.005801039677973632,41,102.1,1.2582,False,4290.0,42
"Smith, Dylan",SFG,SI,0.001314801494836023,57,104.8,0.7605,False,5975.0,57
"Smith, Dylan",SFG,ST,0.010663803942197073,156,106.2,0.9514,False,16573.0,156
"Smith, Hagen",CWS,FC,0.0009026952241482731,90,104.5,1.2768,False,9403.0,90
"Smith, Hagen",CWS,FF,0.0036653376845955116,227,108.6,0.9966,False,24652.0,227
"Smith, Hagen",CWS,FS,-0.0009774352147360332,10,90.7,1.4838,False,907.0,10
"Smith, Hagen",CWS,SL,0.00403749899441478,142,95.8,1.3337,False,13599.0,142
"Smith, Shane",CWS,CH,0.012539055090533888,41,121.9,0.8128,False,4998.0,41
"Smith, Shane",CWS,CU,0.0013951910876576737,53,96.0,0.7172,False,5087.0,53
"Smith, Shane",CWS,FF,-0.000931787888918267,74,99.8,0.4505,False,7385.0,74
"Smith, Shane",CWS,SI,0.0053718664789812465,32,112.2,0.5533,False,3592.0,32
"Smith, Shane",CWS,SL,0.004484525611624122,25,96.9,0.8362,False,2422.0,25
"Smith-Shawver, AJ",ATL,CU,0.001404253853347894,57,95.9,1.004,False,5563.0,58
"Smith-Shawver, AJ",ATL,FC,0.0014801185675120602,15,106.3,0.9673,False,1594.0,15
"Smith-Shawver, AJ",ATL,FF,0.003034011819942283,220,107.8,0.5386,False,24480.0,227
"Smith-Shawver, AJ",ATL,FS,0.0061180532891997085,198,103.0,1.1472,False,21017.0,204
"Smith-Shawver, AJ",ATL,SI,-0.00134904838159855,40,100.0,0.8528,False,3998.0,40
"Smith-Shawver, AJ",ATL,SL,0.0045044117044502245,27,97.1,1.0265,False,2817.0,29
"Snell, Blake",LAD,CH,0.009515749982021975,132,116.1,0.5351,False,15327.0,132
"Snell, Blake",LAD,CU,0.003750784923492271,162,100.9,0.5483,False,16350.0,162
"Snell, Blake",LAD,FC,0.00301525933045923,80,110.9,0.648,False,8874.0,80
"Snell, Blake",LAD,FF,0.004791602882835285,367,110.8,0.3112,False,40663.0,367
"Snelling, Robby",MIA,CH,0.001388003521632137,14,100.5,1.1134,False,1407.0,14
"Snelling, Robby",MIA,CU,0.00306113183915872,29,99.4,1.5114,False,2883.0,29
"Snelling, Robby",MIA,FF,0.003994875696662348,28,109.3,0.7412,False,3060.0,28
"Snelling, Robby",MIA,SI,-0.0012378882134466299,7,100.1,0.9316,False,701.0,7
"Snelling, Robby",MIA,SL,0.004660014383262023,8,97.2,1.166,False,778.0,8
"Solesky, Chase",TBR,FC,-0.0016637194138537678,9,96.9,1.2343,False,872.0,9
"Solesky, Chase",TBR,FF,-0.006142400806614508,6,89.7,1.1176,False,538.0,6
"Solesky, Chase",TBR,FS,-0.0016206835280172527,6,89.7,1.4232,False,538.0,6
"Solesky, Chase",TBR,SI,0.005181059093129906,22,112.0,0.9977,False,2464.0,22
"Solesky, Chase",TBR,ST,0.0077623679884709414,15,98.8,1.7642,False,1482.0,15
"Sommers, Drew",DET,CH,-0.0018826091018127045,24,94.2,1.8289,True,2262.0,24
"Sommers, Drew",DET,FF,0.003626978405989968,204,108.6,1.2726,False,22147.0,204
"Sommers, Drew",DET,SI,0.0022793416627292303,284,106.6,0.979,False,30269.0,284
"Sommers, Drew",DET,ST,0.004473778131264575,130,90.5,1.145,False,11761.0,130
"Soriano, George",STL,CH,0.01259156204740618,359,122.1,0.9704,False,43821.0,359
"Soriano, George",STL,FF,-0.002050000374007747,348,97.7,0.7208,False,33986.0,348
"Soriano, George",STL,SI,0.006497615019388957,73,114.3,0.8116,False,8345.0,73
"Soriano, George",STL,SL,0.004271007143969448,285,96.4,1.0608,False,27465.0,285
"Soriano, George",STL,ST,0.00876216843847514,85,101.4,1.1839,False,8620.0,85
"Soriano, José",LAA,CU,0.0074742891801657255,527,108.9,1.1908,False,57385.0,527
"Soriano, José",LAA,FF,0.0032330309117437426,484,107.8,1.0012,False,52174.0,484
"Soriano, José",LAA,FS,0.004258457525710886,375,99.7,1.2759,False,37377.0,375
"Soriano, José",LAA,SI,0.0021878240419731985,558,106.4,0.9129,False,59385.0,558
"Soriano, José",LAA,SL,0.00470685545899739,98,97.4,1.0967,False,9547.0,98
"Soriano, José",TOR,CU,0.00791667885390449,220,109.8,1.1085,False,24156.0,220
"Soriano, José",TOR,FF,0.0015127445434289608,124,104.5,0.9733,False,12960.0,124
"Soriano, José",TOR,FS,0.0006218024055171202,155,93.5,1.2154,False,14495.0,155
"Soriano, José",TOR,SI,0.0004874872399987765,332,103.3,0.8368,False,34297.0,332
"Soriano, José",TOR,SL,0.004577504176183517,43,97.1,1.1025,False,4174.0,43
"Soroka, Michael",ARI,CH,-0.001082947777914259,220,95.7,0.8804,False,21828.0,228
"Soroka, Michael",ARI,CU,0.0036225419505991553,567,101.0,0.7881,False,60066.0,595
"Soroka, Michael",ARI,FC,-0.0009069150488494629,213,99.1,1.0789,False,21606.0,218
"Soroka, Michael",ARI,FF,-0.00024777442753187837,570,101.3,0.512,False,60369.0,596
"Soroka, Michael",ARI,SI,-0.0012890872806783794,179,100.4,0.6497,False,18982.0,189
"Soroka, Michael",ARI,ST,0.012678805989428209,13,111.4,1.1612,False,1448.0,13
"Soto, Gregory",PIT,CH,-0.0056432080261098845,3,86.7,1.143,False,260.0,3
"Soto, Gregory",PIT,FF,-0.00044233973419742994,186,100.7,0.5541,False,18738.0,186
"Soto, Gregory",PIT,SI,-0.0008001934142273999,453,100.9,0.4232,False,45722.0,453
"Soto, Gregory",PIT,SL,0.004878069221901734,298,97.8,0.8412,False,29154.0,298
"Soto, Gregory",PIT,ST,0.004370687237936698,213,90.3,0.8309,False,19224.0,213
"Sousa, Bennett",HOU,FF,-0.006420052774695413,129,89.3,0.4956,False,11517.0,129
"Sousa, Bennett",HOU,SI,-0.0007530051537866133,44,101.0,0.9618,False,4445.0,44
"Sousa, Bennett",HOU,SL,0.00539929030472245,360,99.1,0.6039,False,35670.0,360
"Speier, Gabe",SEA,CH,0.002332347212359309,2,102.0,1.1999,False,204.0,2
"Speier, Gabe",SEA,FF,0.0009810148963389103,282,103.5,0.4844,False,29181.0,282
"Speier, Gabe",SEA,SI,0.0018157552953951004,232,105.8,0.4748,False,24537.0,232
"Speier, Gabe",SEA,SL,0.004782106651858376,179,97.6,0.6134,False,17468.0,179
"Speier, Gabe",SEA,ST,0.006762390801062186,3,96.3,1.4939,False,289.0,3
"Spence, Mitch",KCR,CH,-0.012311686967116068,17,74.1,1.5256,False,1259.0,17
"Spence, Mitch",KCR,CU,0.0006206309178995787,33,94.4,0.6444,False,3114.0,33
"Spence, Mitch",KCR,FC,0.00022398079030760225,75,102.5,0.6016,False,7684.0,75
"Spence, Mitch",KCR,SI,-0.009248964295589497,35,85.5,0.9395,False,2991.0,35
"Spence, Mitch",KCR,ST,0.006590590887935832,40,96.0,0.6586,False,3839.0,40
"Spiers, Carson",CIN,CH,-0.01267882731432716,6,73.9,1.5098,False,739.0,10
"Spiers, Carson",CIN,FC,-0.0019382587634027004,1,96.0,1.6378,False,96.0,1
"Spiers, Carson",CIN,FF,-0.011066599865444005,8,75.6,1.351,False,756.0,10
"Spiers, Carson",CIN,SI,-0.0071419203071855005,20,87.5,1.2731,False,2363.0,27
"Spiers, Carson",CIN,ST,0.0037757363677007596,27,89.7,1.6961,False,3320.0,37
"Springs, Jeffrey",ATH,CH,0.003593996063073923,614,104.7,0.5097,False,64297.0,614
"Springs, Jeffrey",ATH,FC,-0.00826635197967056,111,76.5,0.6962,False,8497.0,111
"Springs, Jeffrey",ATH,FF,-0.007950727549905423,1065,86.3,0.4995,False,91940.0,1065
"Springs, Jeffrey",ATH,SL,0.0013014871258583984,530,89.2,0.4762,False,47283.0,530
"Springs, Jeffrey",ATH,ST,0.0019448988666010874,139,84.1,0.8155,False,11683.0,139
"Sproat, Brandon",MIL,CH,-0.004198336880197297,133,89.7,0.9845,False,11931.0,133
"Sproat, Brandon",MIL,CU,0.003379004237002745,171,100.2,1.1465,False,17128.0,171
"Sproat, Brandon",MIL,FC,0.0032418233179276564,366,111.6,1.1263,False,40842.0,366
"Sproat, Brandon",MIL,FF,-0.002769750444223716,431,96.3,0.7885,False,41493.0,431
"Sproat, Brandon",MIL,SI,0.001599291154398249,452,105.3,0.6806,False,47615.0,452
"Sproat, Brandon",MIL,ST,0.014592530805317834,174,116.3,1.0399,False,20236.0,174
"Stallings, Garrett",MIL,CH,-0.004006333823594897,78,90.1,1.281,False,7029.0,78
"Stallings, Garrett",MIL,CU,-0.0003493318523396738,5,92.2,1.3083,False,461.0,5
"Stallings, Garrett",MIL,FC,-0.005215144600952044,50,85.8,0.971,False,4291.0,50
"Stallings, Garrett",MIL,FF,-0.007893487885060798,12,86.6,1.3076,False,1039.0,12
"Stallings, Garrett",MIL,SI,-0.007249876625326917,43,89.1,0.9637,False,3831.0,43
"Stallings, Garrett",MIL,SL,0.0011684602553335328,3,89.0,1.1453,False,267.0,3
"Stallings, Garrett",MIL,ST,0.001747236936353147,1,84.0,1.2418,False,84.0,1
"Stanek, Ryne",STL,FF,0.001787536330884105,546,105.0,0.3515,False,57344.0,546
"Stanek, Ryne",STL,FS,0.008540591796382183,171,106.9,0.6839,False,18282.0,171
"Stanek, Ryne",STL,SI,0.0010317622269874185,110,104.3,0.9031,False,11476.0,110
"Stanek, Ryne",STL,SL,0.014674581509387614,245,121.5,0.5276,False,29759.0,245
"Stanek, Ryne",STL,ST,0.011703841255179473,7,108.9,0.8433,False,762.0,7
"Sterner, Justin",ATH,FC,-0.00038465301110233795,224,100.5,0.7107,False,22521.0,224
"Sterner, Justin",ATH,FF,0.0003973314180276162,287,102.4,0.4644,False,29376.0,287
"Sterner, Justin",ATH,ST,0.009108099874974023,215,102.3,0.8002,False,21996.0,215
"Stewart, Brock",LAD,CH,0.004282834781119355,57,106.0,1.0555,False,6042.0,57
"Stewart, Brock",LAD,FC,0.0019363230687090168,34,107.6,0.9297,False,3659.0,34
"Stewart, Brock",LAD,FF,0.0062456262019363095,140,113.6,0.6469,False,15898.0,140
"Stewart, Brock",LAD,SI,0.0027524001158261463,56,107.4,0.869,False,6014.0,56
"Stewart, Brock",LAD,ST,0.013822466247764073,95,114.4,0.8579,False,10865.0,95
"Stock, Robert",NYM,CH,-0.001785404785020243,48,94.4,2.9599,True,4532.0,48
"Stock, Robert",NYM,CU,0.007774969045486715,9,109.7,1.8049,True,987.0,9
"Stock, Robert",NYM,FC,0.0007971649134100835,177,104.1,1.8053,True,18426.0,177
"Stock, Robert",NYM,FF,0.006033795331428624,133,113.2,1.2105,False,15056.0,133
"Stock, Robert",NYM,SI,0.00016770330094732343,125,102.7,1.4713,False,12840.0,125
"Stock, Robert",NYM,ST,0.006258358010895523,68,95.0,2.0198,True,6462.0,68
"Strahm, Matt",KCR,CH,0.0010820087022188494,72,99.9,1.3442,False,7195.0,72
"Strahm, Matt",KCR,FC,-0.008769955617659118,46,75.0,0.7706,False,3452.0,46
"Strahm, Matt",KCR,FF,0.0021519097263225707,251,105.7,0.4706,False,26533.0,251
"Strahm, Matt",KCR,SI,-0.007110163132955646,87,89.4,0.7605,False,7774.0,87
"Strahm, Matt",KCR,SL,0.005965085657978415,177,100.4,0.9449,False,17778.0,177
"Stratton, Hunter",ATL,FC,0.0035718423314392567,1,113.0,0.9591,False,113.0,1
"Stratton, Hunter",ATL,FF,0.004997773960764919,7,111.3,0.7065,False,779.0,7
"Stratton, Hunter",ATL,SL,0.00633992487564683,4,101.5,1.0448,False,406.0,4
"Stratton, Hunter",PIT,FC,0.001780707505531609,10,107.1,0.9464,False,1071.0,10
"Stratton, Hunter",PIT,FF,0.0030142774954179507,18,107.4,0.6832,False,1933.0,18
"Stratton, Hunter",PIT,SI,0.011248749680817127,2,123.0,0.9657,False,246.0,2
"Stratton, Hunter",PIT,SL,0.004506606500529285,14,96.9,1.0016,False,1357.0,14
"Strider, Spencer",ATL,CH,0.004520263128117068,71,106.5,0.7609,False,7559.0,71
"Strider, Spencer",ATL,CU,-0.0012396548333315582,99,90.3,0.7145,False,8942.0,99
"Strider, Spencer",ATL,FF,0.0005843898338158855,329,102.7,0.4724,False,33800.0,329
"Strider, Spencer",ATL,SL,0.003940598554360501,192,95.6,0.5825,False,18351.0,192
"Strowd, Kade",ARI,CU,0.006598325394507911,9,107.1,1.3645,False,964.0,9
"Strowd, Kade",ARI,FC,0.0015447851253286768,42,106.4,1.0544,False,4470.0,42
"Strowd, Kade",ARI,FF,0.004720697645097971,1,111.0,0.9051,False,111.0,1
"Strowd, Kade",ARI,SI,0.002742603023458893,6,107.3,0.7463,False,644.0,6
"Strowd, Kade",ARI,ST,0.014757570810616016,1,117.0,1.4248,False,117.0,1
"Strzelecki, Peter",STL,CH,-0.004446637385559303,27,89.3,1.4234,False,2411.0,27
"Strzelecki, Peter",STL,CU,0.007403484601984798,70,108.7,1.6175,False,7611.0,70
"Strzelecki, Peter",STL,FF,0.00021469685479705395,27,102.0,1.1358,False,2753.0,27
"Strzelecki, Peter",STL,SI,-0.005193514395047021,101,92.9,0.9279,False,9382.0,101
"Strzelecki, Peter",STL,ST,0.006641466532108517,26,96.0,1.4492,False,2495.0,26
"Suarez, José",ATH,CH,0.0021031530155793204,148,101.8,0.6885,False,15073.0,148
"Suarez, José",ATH,FC,-0.0016873064450919628,1,97.0,1.0279,False,97.0,1
"Suarez, José",ATH,FF,-0.003979541238323709,245,94.0,0.5512,False,23020.0,245
"Suarez, José",ATH,SI,-0.00400860462864132,69,95.1,0.7345,False,6561.0,69
"Suarez, José",ATH,SL,0.0016169059254291535,205,89.9,0.8708,False,18429.0,205
"Suarez, José",ATH,ST,0.007252013021692013,30,97.6,0.9793,False,2927.0,30
"Suarez, José",ATL,CH,0.0060957929282449185,100,109.5,0.6712,False,10952.0,100
"Suarez, José",ATL,FF,0.00020968780854808988,134,102.0,0.5087,False,13670.0,134
"Suarez, José",ATL,SI,-0.002019935675586263,24,98.7,0.7669,False,2369.0,24
"Suarez, José",ATL,SL,0.002299863613526603,70,91.5,0.9629,False,6406.0,70
"Suarez, José",SEA,CH,0.007767389062792063,9,112.8,0.6069,False,1015.0,9
"Suarez, José",SEA,FC,-0.0052362505978505525,7,85.9,0.9333,False,601.0,7
"Suarez, José",SEA,FF,-0.002056328672915697,15,97.5,0.5101,False,1463.0,15
"Suarez, José",SEA,SI,-0.0019190182909369468,5,99.0,0.7739,False,495.0,5
"Suarez, José",SEA,SL,0.0011775499636617799,6,88.8,0.8019,False,533.0,6
"Suarez, Ranger",BOS,CH,-0.00540996743395126,291,87.4,0.931,False,25432.0,291
"Suarez, Ranger",BOS,CU,-0.0021102102797337947,405,88.4,0.7606,False,35818.0,405
"Suarez, Ranger",BOS,FC,-0.003987901124143588,439,89.6,0.7594,False,39318.0,439
"Suarez, Ranger",BOS,FF,-0.008002185634836885,551,86.2,0.5535,False,47514.0,551
"Suarez, Ranger",BOS,SI,-0.006339104314198279,577,90.8,0.568,False,52374.0,577
"Suarez, Ranger",BOS,ST,0.0037266434513538505,121,88.6,1.35,False,10716.0,121
"Suarez, Robert",ATL,CH,0.006136947098072254,154,109.6,0.5866,False,16880.0,154
"Suarez, Robert",ATL,FC,0.001807798103710859,67,107.2,0.9639,False,7181.0,67
"Suarez, Robert",ATL,FF,0.0068240476946010535,236,114.7,0.4423,False,27060.0,236
"Suarez, Robert",ATL,SI,0.00824993709102273,30,117.6,0.547,False,3527.0,30
"Sugano, Tomoyuki",COL,CU,-0.0014529819558253083,206,89.8,0.7271,False,18505.0,206
"Sugano, Tomoyuki",COL,FC,-0.003605283176359742,275,90.8,0.6026,False,24963.0,275
"Sugano, Tomoyuki",COL,FF,-0.004723125564680794,523,92.5,0.4222,False,48382.0,523
"Sugano, Tomoyuki",COL,FS,-0.002120575579347081,529,88.9,0.6581,False,47003.0,529
"Sugano, Tomoyuki",COL,SI,-0.008228177630278366,468,87.3,0.4257,False,40854.0,468
"Sugano, Tomoyuki",COL,SL,0.0024787699450310985,279,92.0,0.8956,False,25680.0,279
"Sugano, Tomoyuki",COL,ST,0.004313568552122198,232,90.0,0.6002,False,20891.0,232
"Sullivan, Sean",COL,CH,-0.0016041976729586447,65,94.7,2.2083,True,6158.0,65
"Sullivan, Sean",COL,FC,-0.0030306880287518595,62,92.5,1.8064,True,5734.0,62
"Sullivan, Sean",COL,FF,-0.0008931362962455733,213,99.9,1.4906,False,21282.0,213
"Sullivan, Sean",COL,ST,-0.0007307901273129068,72,77.2,2.1012,True,5556.0,72
"Sulser, Cole",TBR,CH,0.006518097048055272,359,110.4,0.5243,False,39616.0,359
"Sulser, Cole",TBR,FC,-0.0022091823959474116,126,95.0,0.54,False,11974.0,126
"Sulser, Cole",TBR,FF,-0.002621190096869775,418,96.6,0.4234,False,40362.0,418
"Sulser, Cole",TBR,ST,0.01402389778356467,35,114.9,1.0737,False,4020.0,35
"Suter, Brent",ATL,CH,-0.000539271009604288,91,96.8,1.5621,False,8806.0,91
"Suter, Brent",ATL,FF,-0.002898606862955549,117,96.1,1.3562,False,11242.0,117
"Suter, Brent",ATL,SI,-0.004207041049627932,191,94.7,1.3832,False,18083.0,191
"Suter, Brent",ATL,ST,-0.004734952132611607,26,67.0,2.007,True,1741.0,26
"Suter, Brent",LAA,CH,0.00011592841725506324,323,98.0,1.6256,False,31660.0,323
"Suter, Brent",LAA,FF,-0.002300866130745918,270,97.2,1.3666,False,26240.0,270
"Suter, Brent",LAA,SI,-0.005421103628127104,340,92.4,1.3731,False,31433.0,340
"Suter, Brent",LAA,ST,-0.0009699919487271025,167,76.6,1.9975,True,12787.0,167
"Suárez, Albert",BAL,CH,-0.0006472854342857131,156,96.6,0.4761,False,15065.0,156
"Suárez, Albert",BAL,CU,-0.0008217190813371891,92,91.2,0.693,False,8389.0,92
"Suárez, Albert",BAL,FC,-0.0005473417646436585,204,100.1,0.5519,False,20413.0,204
"Suárez, Albert",BAL,FF,-0.006075957510749581,518,89.9,0.4168,False,46583.0,518
"Svanson, Matt",STL,FC,0.0012879568937023578,170,105.6,0.6507,False,17960.0,170
"Svanson, Matt",STL,FF,-0.0027442293293360206,9,96.3,0.8933,False,867.0,9
"Svanson, Matt",STL,SI,-0.001645218176328576,354,99.4,0.5236,False,35181.0,354
"Svanson, Matt",STL,ST,0.009217169869910268,255,102.6,0.6896,False,26153.0,255
"Sánchez, Cristopher",PHI,CH,0.008527769886112797,1171,114.2,0.4152,False,133747.0,1171
"Sánchez, Cristopher",PHI,SI,0.00010010265578005286,1402,102.6,0.3441,False,143817.0,1402
"Sánchez, Cristopher",PHI,SL,0.0062484531571817955,585,101.1,0.5759,False,59159.0,585
"Taillon, Jameson",CHC,CH,0.005619365481213695,211,108.6,0.6845,False,22917.0,211
"Taillon, Jameson",CHC,CU,-0.0006847571788954168,143,91.5,0.616,False,13083.0,143
"Taillon, Jameson",CHC,FC,-0.0008809399565880318,234,99.0,0.5233,False,23174.0,234
"Taillon, Jameson",CHC,FF,-0.004577262685345221,357,92.8,0.4013,False,33137.0,357
"Taillon, Jameson",CHC,SI,-0.0076432690023246885,116,88.4,0.5265,False,10250.0,116
"Taillon, Jameson",CHC,ST,0.008143024733795275,212,99.8,0.585,False,21164.0,212
"Taillon, Jameson",TOR,CH,0.007612989682456828,16,112.4,0.9139,False,1799.0,16
"Taillon, Jameson",TOR,CU,0.00040144706225772906,18,93.8,0.6938,False,1689.0,18
"Taillon, Jameson",TOR,FC,-0.0013305779408035573,33,97.6,0.6803,False,3222.0,33
"Taillon, Jameson",TOR,FF,-0.004612185601581586,40,92.8,0.3954,False,3712.0,40
"Taillon, Jameson",TOR,SI,-0.008568881265819072,20,86.8,0.5545,False,1735.0,20
"Taillon, Jameson",TOR,SL,0.00016822068482724717,20,86.4,0.9455,False,1729.0,20
"Taillon, Jameson",TOR,ST,0.007202272839925211,23,97.5,0.6574,False,2242.0,23
"Taylor, Grant",CWS,CU,0.01109844693879228,361,116.6,0.742,False,42094.0,361
"Taylor, Grant",CWS,FC,0.007585895713418722,4,124.8,0.7348,False,499.0,4
"Taylor, Grant",CWS,FF,0.004249094624038376,584,109.8,0.5305,False,64096.0,584
"Taylor, Grant",CWS,SI,0.01382298457021668,163,127.8,1.2381,False,20832.0,163
"Taylor, Grant",CWS,SL,0.01431512770693901,221,120.6,1.2819,False,26643.0,221
"Taylor, Troy",SEA,FF,0.0003505075470265614,19,98.6,,False,3154.0,32
"Taylor, Troy",SEA,SL,0.005671598925255239,10,101.9,,False,1630.0,16
"Taylor, Troy",SEA,ST,0.007775831269100308,2,97.7,,False,293.0,3
"Teng, Kai-Wei",HOU,CU,0.00470860486652821,117,103.0,0.8674,False,12046.0,117
"Teng, Kai-Wei",HOU,FF,-0.002843189829033813,349,96.2,0.5856,False,33561.0,349
"Teng, Kai-Wei",HOU,FS,-0.004305776702007279,125,85.2,0.9769,False,10649.0,125
"Teng, Kai-Wei",HOU,SI,-0.0048398029661002335,207,93.5,0.7124,False,19361.0,207
"Teng, Kai-Wei",HOU,SL,0.003937278094235807,20,95.4,1.1545,False,1909.0,20
"Teng, Kai-Wei",HOU,ST,0.007777732410022814,447,98.9,0.6151,False,44212.0,447
"Teodo, Emiliano",TEX,CH,0.0015057272970201059,3,100.7,1.356,False,302.0,3
"Teodo, Emiliano",TEX,SI,0.005406419496866874,25,112.3,1.0938,False,2807.0,25
"Teodo, Emiliano",TEX,SL,0.0068712227512151,15,102.7,1.4158,False,1540.0,15
"Thielbar, Caleb",CHC,CU,0.005275789060289282,216,104.2,0.5495,False,22502.0,216
"Thielbar, Caleb",CHC,FF,-0.003679702431288846,331,94.5,0.4092,False,31287.0,331
"Thielbar, Caleb",CHC,SL,0.007383807007378588,180,103.8,0.6546,False,18688.0,180
"Thielbar, Caleb",CHC,ST,0.00899338575218581,121,102.0,0.6269,False,12341.0,121
"Thomas, Connor",ATL,CH,0.0015652082035861289,30,100.8,1.1941,False,3025.0,30
"Thomas, Connor",ATL,FF,-0.007628925004974007,35,86.9,0.949,False,3042.0,35
"Thomas, Connor",ATL,SI,-0.010888168545947834,33,82.4,1.0375,False,2719.0,33
"Thomas, Connor",ATL,SL,0.00033689772124703536,17,86.9,1.2409,False,1477.0,17
"Thomas, Connor",ATL,ST,0.0022587135657807307,23,84.9,1.2754,False,1952.0,23
"Thomas, Connor",KCR,CH,-0.00019049418537179008,50,97.2,1.1953,False,4958.0,51
"Thomas, Connor",KCR,FF,-0.0053303373385302074,63,91.3,0.8856,False,5844.0,64
"Thomas, Connor",KCR,SI,-0.0036266604499468162,59,96.1,1.021,False,5957.0,62
"Thomas, Connor",KCR,SL,-0.0002677346171822137,48,85.5,1.279,False,4277.0,50
"Thomas, Connor",KCR,ST,0.003222764495965711,49,87.1,1.32,False,4618.0,53
"Thompson, Keegan",COL,CH,-0.0037039498283075564,13,90.5,1.1122,False,1177.0,13
"Thompson, Keegan",COL,CU,-0.0007635923220732366,16,91.3,0.9166,False,1461.0,16
"Thompson, Keegan",COL,FC,0.002153296251686252,49,108.3,0.7971,False,5306.0,49
"Thompson, Keegan",COL,FF,-0.004375484801640963,57,93.2,0.6823,False,5313.0,57
"Thompson, Keegan",COL,SI,-0.008340317658473586,43,87.1,0.8636,False,3747.0,43
"Thompson, Keegan",COL,ST,0.012918863664655125,17,112.1,1.0619,False,1906.0,17
"Thompson, Ryan",ARI,FF,0.00285625770941676,28,107.0,0.7158,False,2997.0,28
"Thompson, Ryan",ARI,SI,0.006446192436109628,406,114.3,0.5236,False,46390.0,406
"Thompson, Ryan",ARI,ST,0.010081995916501161,214,104.8,0.5931,False,22420.0,214
"Thornton, Trent",CHC,CH,-0.007823892403393984,2,83.0,1.0218,False,166.0,2
"Thornton, Trent",CHC,CU,0.0010206019166498267,115,95.1,0.7108,False,10938.0,115
"Thornton, Trent",CHC,FC,0.00027481476353802026,92,102.5,0.9133,False,9433.0,92
"Thornton, Trent",CHC,FF,-0.0006145374123928472,232,100.4,0.466,False,23295.0,232
"Thornton, Trent",CHC,SI,0.003231804710152131,74,108.3,0.6915,False,8014.0,74
"Thornton, Trent",CHC,SL,0.0076698901749954656,58,104.5,0.8766,False,6062.0,58
"Thornton, Trent",CHC,ST,0.007711958036859652,134,98.8,0.7904,False,13236.0,134
"Thornton, Zac",NYM,CH,0.0001740835836369962,58,98.2,1.1032,False,5693.0,58
"Thornton, Zac",NYM,CU,-0.0020242367185548775,45,88.6,1.3318,False,3987.0,45
"Thornton, Zac",NYM,FC,-0.0015196837724783315,421,97.1,0.922,False,40882.0,421
"Thornton, Zac",NYM,FF,-0.007006429494106214,320,88.1,0.7758,False,28205.0,320
"Thornton, Zac",NYM,SI,-0.009152463668660137,139,85.6,0.7893,False,11899.0,139
"Thornton, Zac",NYM,SL,0.0002997277793383546,80,86.8,0.9393,False,6940.0,80
"Thornton, Zac",NYM,ST,0.0029765972786878693,194,86.7,1.1932,False,16816.0,194
"Tidwell, Blade",SFG,CU,0.0022965178638131825,38,97.8,1.0532,False,3717.0,38
"Tidwell, Blade",SFG,FF,-0.002803110407362411,321,96.2,0.533,False,30880.0,321
"Tidwell, Blade",SFG,FS,0.0010083253156002077,42,94.1,1.1071,False,3953.0,42
"Tidwell, Blade",SFG,SI,-0.005524809680564376,167,92.3,0.7381,False,15410.0,167
"Tidwell, Blade",SFG,SL,0.004246289960899637,85,96.3,0.8455,False,8186.0,85
"Tidwell, Blade",SFG,ST,0.010810753967686408,306,106.7,0.9231,False,32644.0,306
"Tiedemann, Ricky",TOR,CH,-0.0022028775808090964,12,93.5,1.3654,False,1122.0,12
"Tiedemann, Ricky",TOR,FC,-0.0011423960095271468,2,98.5,1.1331,False,197.0,2
"Tiedemann, Ricky",TOR,FF,0.0012907869276340476,47,104.1,0.7712,False,4893.0,47
"Tiedemann, Ricky",TOR,ST,0.009636453353807391,62,103.6,1.3349,False,6424.0,62
"Tolle, Payton",BOS,CH,0.0018852451374352147,66,101.5,1.4277,False,6697.0,66
"Tolle, Payton",BOS,CU,0.0038268738033726754,212,101.1,1.1813,False,21423.0,212
"Tolle, Payton",BOS,FC,0.0013810671383537444,437,105.9,0.97,False,46282.0,437
"Tolle, Payton",BOS,FF,0.0064507149278063775,1021,114.0,0.7381,False,116367.0,1021
"Tolle, Payton",BOS,SI,-0.00047627943905001523,539,101.5,1.1977,False,54715.0,539
"Tolman, Erik",WSH,CH,0.009288594244711408,73,115.9,1.2296,False,9155.0,79
"Tolman, Erik",WSH,FF,0.0031779431942659743,142,107.1,0.6583,False,16165.0,151
"Tolman, Erik",WSH,SL,0.00843089956861849,52,105.8,0.9172,False,6242.0,59
"Tong, Jonah",NYM,CH,0.0034087347489998245,136,104.4,1.1068,False,14192.0,136
"Tong, Jonah",NYM,CU,-0.0026522723204292793,47,87.3,1.4957,False,4102.0,47
"Tong, Jonah",NYM,FC,-0.005649017080065311,108,84.6,1.3262,False,9135.0,108
"Tong, Jonah",NYM,FF,0.0010330706954039582,248,103.6,0.8046,False,25681.0,248
"Topa, Justin",MIN,CH,0.0023147158021455494,51,102.2,0.6008,False,5213.0,51
"Topa, Justin",MIN,FC,0.0013766202303629957,95,105.9,0.5322,False,10060.0,95
"Topa, Justin",MIN,SI,0.0005846344988551174,153,103.5,0.3618,False,15832.0,153
"Topa, Justin",MIN,ST,0.011791750410338864,60,109.2,0.6154,False,6551.0,60
"Topa, Justin",NYY,CH,0.0012430177400043856,3,100.0,0.6853,False,300.0,3
"Topa, Justin",NYY,FC,-0.0010779875898151658,15,98.4,0.7106,False,1476.0,15
"Topa, Justin",NYY,SI,0.001796481124862718,15,105.7,0.5674,False,1586.0,15
"Topa, Justin",NYY,ST,0.011845813857772473,22,109.4,0.6853,False,2407.0,22
"Treinen, Blake",LAD,FC,0.0040068737278623435,54,113.9,0.6149,False,6153.0,54
"Treinen, Blake",LAD,FF,-0.0013465833122609182,60,99.0,0.5969,False,5939.0,60
"Treinen, Blake",LAD,FS,-0.006525526754558086,1,81.0,1.4214,False,81.0,1
"Treinen, Blake",LAD,SI,0.004906391696519906,182,111.4,0.481,False,20279.0,182
"Treinen, Blake",LAD,ST,0.00950802110686903,197,103.3,0.6319,False,20359.0,197
"Trivino III, Lou",BAL,CH,-0.0008945192771184688,13,95.9,0.8205,False,1247.0,13
"Trivino III, Lou",BAL,FC,0.0007879504094792841,18,104.1,0.8027,False,1873.0,18
"Trivino III, Lou",BAL,FF,-0.006968136061914265,3,88.0,0.6972,False,264.0,3
"Trivino III, Lou",BAL,SI,-0.0027038267804667926,26,97.4,0.505,False,2533.0,26
"Trivino III, Lou",BAL,ST,0.008114690659567714,2,99.5,0.8763,False,199.0,2
"Trivino III, Lou",PHI,CH,0.0006323023177780366,12,99.0,0.7052,False,1188.0,12
"Trivino III, Lou",PHI,FC,-0.007050953619629861,26,80.3,0.7519,False,2087.0,26
"Trivino III, Lou",PHI,FF,-0.010982724139466882,4,80.5,0.5348,False,322.0,4
"Trivino III, Lou",PHI,SI,-0.003969025199896553,18,95.2,0.5038,False,1713.0,18
"Trivino III, Lou",PHI,ST,0.006483237589815293,22,95.6,1.0677,False,2103.0,22
"Tur, Yunior",ATH,FC,-0.004646854146846669,108,87.6,1.6793,False,9462.0,108
"Tur, Yunior",ATH,FF,-0.006170275512307522,88,89.7,0.9634,False,7897.0,88
"Tur, Yunior",ATH,FS,0.008216571716873563,95,106.4,1.988,True,10110.0,95
"Tur, Yunior",ATH,SL,0.001479306083638221,2,89.5,1.5797,False,179.0,2
"Uberstine, Tyler",BOS,CH,-0.005162233635201119,5,87.8,1.237,False,439.0,5
"Uberstine, Tyler",BOS,FC,0.00019962127165247998,9,102.3,1.2203,False,921.0,9
"Uberstine, Tyler",BOS,FF,0.0001896614267025143,9,101.8,1.0706,False,916.0,9
"Uberstine, Tyler",BOS,SI,-0.003352396153125235,11,96.3,1.0122,False,1059.0,11
"Uberstine, Tyler",BOS,ST,0.00921306160109287,11,102.5,1.3982,False,1127.0,11
"Ullola, Miguel",HOU,CH,-0.0021667489781975746,2,93.5,1.2311,False,187.0,2
"Ullola, Miguel",HOU,CU,-0.00037149844865780324,6,92.2,1.257,False,553.0,6
"Ullola, Miguel",HOU,FF,0.0027400168130965264,146,106.9,0.7461,False,16786.0,157
"Ullola, Miguel",HOU,SL,0.006921177024196368,64,102.8,1.1902,False,7296.0,71
"Ureña, Walbert",LAA,CH,0.006991984041700274,855,111.2,1.2313,False,95116.0,855
"Ureña, Walbert",LAA,FC,0.0009793886623810978,5,104.8,1.2708,False,524.0,5
"Ureña, Walbert",LAA,FF,-0.0063418035506440495,470,89.4,1.1074,False,42032.0,470
"Ureña, Walbert",LAA,SI,0.006289704794272772,805,114.0,0.828,False,91746.0,805
"Ureña, Walbert",LAA,SL,0.012189457342838463,345,115.4,1.3204,False,39820.0,345
"Uribe, Abner",MIL,SI,0.004391459641460315,569,110.5,0.4472,False,62854.0,569
"Uribe, Abner",MIL,ST,0.013396597982225486,349,113.3,0.5977,False,39525.0,349
"Urquidy, José",CWS,CH,0.006021759000683839,96,109.4,1.013,False,10507.0,96
"Urquidy, José",CWS,CU,-8.391286333355663e-06,67,92.9,0.937,False,6226.0,67
"Urquidy, José",CWS,FF,-0.002663715846783941,73,96.5,0.6179,False,7043.0,73
"Urquidy, José",CWS,FS,-0.004819919719011523,8,84.4,1.9226,True,675.0,8
"Urquidy, José",CWS,SI,-0.004155682166194732,69,94.8,0.8191,False,6544.0,69
"Urquidy, José",CWS,ST,0.006444656940495444,49,95.6,0.7554,False,4682.0,49
"Urquidy, José",PHI,CH,0.006334486766718328,33,109.9,1.1324,False,3628.0,33
"Urquidy, José",PHI,CU,0.002034978263379474,14,97.3,0.9904,False,1362.0,14
"Urquidy, José",PHI,FF,-0.005408435936688501,17,91.2,0.681,False,1550.0,17
"Urquidy, José",PHI,SI,-0.004802528629974963,39,93.6,0.8144,False,3650.0,39
"Urquidy, José",PHI,ST,0.008740997058339417,11,101.4,0.8761,False,1115.0,11
"Urquidy, José",PIT,CH,0.005712777185225405,41,108.8,0.7782,False,4462.0,41
"Urquidy, José",PIT,CU,0.0012424212244306026,14,95.5,0.9783,False,1337.0,14
"Urquidy, José",PIT,FF,-0.00018009786013393632,31,101.3,0.5584,False,3139.0,31
"Urquidy, José",PIT,SI,-0.007451974612195045,27,88.7,0.8422,False,2396.0,27
"Urquidy, José",PIT,ST,0.006170852187400063,18,94.8,0.9147,False,1707.0,18
"Valdez, Framber",DET,CH,0.0006956373903614638,495,99.1,0.5549,False,49074.0,495
"Valdez, Framber",DET,CU,0.007371101782812145,823,108.6,0.514,False,89416.0,823
"Valdez, Framber",DET,FF,-0.013434328260894829,103,75.8,0.8646,False,7808.0,103
"Valdez, Framber",DET,SI,-0.0023931811996930233,1210,98.0,0.4255,False,118596.0,1210
"Valdez, Framber",DET,SL,0.003912094647821504,125,95.5,0.7941,False,11937.0,125
"Van Eyk, CJ",TOR,CH,-0.0005743610737327901,36,96.7,1.2272,False,3481.0,36
"Van Eyk, CJ",TOR,CU,-0.0005959548086684663,50,91.7,1.2276,False,4585.0,50
"Van Eyk, CJ",TOR,FC,-0.0023179776699008762,53,94.7,1.023,False,5017.0,53
"Van Eyk, CJ",TOR,FF,-0.004867559619724932,41,92.3,0.722,False,3785.0,41
"Van Eyk, CJ",TOR,SI,-0.0015237968021850705,27,99.5,1.0963,False,2687.0,27
"Van Eyk, CJ",TOR,SL,0.0009823354193940759,5,88.4,1.015,False,442.0,5
"Van Eyk, CJ",TOR,ST,0.0075118559448478315,13,98.3,1.3178,False,1278.0,13
"VanWey, Logan",HOU,CH,-0.0013088613605677065,11,95.2,1.1854,False,1047.0,11
"VanWey, Logan",HOU,FC,0.000893538526725024,1,104.0,1.0651,False,104.0,1
"VanWey, Logan",HOU,FF,0.0015374840022082759,93,103.6,0.6762,False,10258.0,99
"VanWey, Logan",HOU,SI,-0.00825345786104567,19,87.6,0.8755,False,2015.0,23
"VanWey, Logan",HOU,ST,0.008477067706364862,54,100.5,1.0332,False,6031.0,60
"Vanasco, Ricky",DET,CU,0.0022350362761734198,39,97.7,1.1036,False,3810.0,39
"Vanasco, Ricky",DET,FF,-0.004122527996138348,87,93.7,0.6811,False,8150.0,87
"Vanasco, Ricky",DET,FS,0.0031868069963820744,44,97.9,1.0489,False,4308.0,44
"Vargas, Carlos",SEA,FC,0.0025450651803006676,69,109.5,0.9014,False,7554.0,69
"Vargas, Carlos",SEA,SI,0.004023406754512648,142,109.8,0.6703,False,15589.0,142
"Vargas, Carlos",SEA,SL,0.010550447805246837,71,111.4,1.4014,False,7911.0,71
"Varland, Gus",WSH,CH,0.004330411598157997,13,106.1,1.3735,False,1379.0,13
"Varland, Gus",WSH,FF,0.0010263188361260527,333,103.6,0.5899,False,34488.0,333
"Varland, Gus",WSH,SL,0.007039574355380649,233,103.1,0.7431,False,24012.0,233
"Varland, Louis",TOR,CH,0.015295443588294134,221,127.2,1.0304,False,28118.0,221
"Varland, Louis",TOR,CU,0.013413196596996083,375,121.5,0.7143,False,45572.0,375
"Varland, Louis",TOR,FF,0.008530603166309268,507,118.0,0.5474,False,59807.0,507
"Varland, Louis",TOR,SI,0.012988630810992398,33,126.2,0.7138,False,4166.0,33
"Varland, Louis",TOR,SL,0.011568619329482317,100,114.0,0.8573,False,11396.0,100
"Velasquez, Vince",CHC,CH,-0.005621494026854634,2,87.0,1.0517,False,174.0,2
"Velasquez, Vince",CHC,CU,-0.0018285936010735376,7,89.1,1.0935,False,624.0,7
"Velasquez, Vince",CHC,FC,-0.0010654868328856537,8,98.4,1.1301,False,787.0,8
"Velasquez, Vince",CHC,FF,-0.002242455083019608,22,97.3,0.5429,False,2140.0,22
"Velasquez, Vince",CHC,SI,-0.012516851536929607,1,79.0,0.9289,False,79.0,1
"Velasquez, Vince",CHC,ST,0.0030677971662953496,3,87.0,1.0404,False,261.0,3
"Verlander, Justin",DET,CH,0.007431227932684124,25,112.0,0.7191,False,2801.0,25
"Verlander, Justin",DET,CU,-0.0020507877075942814,30,88.5,0.6617,False,2655.0,30
"Verlander, Justin",DET,FC,0.0022590743015329776,22,108.7,0.7434,False,2391.0,22
"Verlander, Justin",DET,FF,-0.004694792355224654,71,92.6,0.4197,False,6574.0,71
"Verlander, Justin",DET,SL,0.0031350481911518032,21,93.6,,False,1966.0,21
"Verlander, Justin",DET,ST,0.00630687247030437,2,95.5,1.1233,False,191.0,2
"Vesia, Alex",LAD,CH,0.004468759315450754,142,106.4,1.2298,False,15114.0,142
"Vesia, Alex",LAD,FF,0.004936767707555492,556,111.0,0.5508,False,62621.0,564
"Vesia, Alex",LAD,SL,0.006119868412186311,304,100.8,0.7435,False,30748.0,305
"Vest, Will",DET,CH,0.007583530106454749,55,112.4,0.6247,False,6181.0,55
"Vest, Will",DET,FF,0.00031623099324027965,214,102.2,0.3713,False,21866.0,214
"Vest, Will",DET,SI,0.006956542727615063,75,115.2,0.4462,False,8641.0,75
"Vest, Will",DET,SL,0.008637951607982228,140,106.9,0.5581,False,14969.0,140
"Vodnik, Victor",COL,CH,0.006398050498738974,104,110.1,0.8027,False,11452.0,104
"Vodnik, Victor",COL,CU,0.014532025378101911,39,123.9,0.8466,False,4834.0,39
"Vodnik, Victor",COL,FC,0.0037985281794590264,32,113.3,1.0633,False,3625.0,32
"Vodnik, Victor",COL,FF,0.0035041954731639883,324,108.3,0.489,False,35093.0,324
"Vodnik, Victor",COL,SI,0.014546534049764482,18,129.1,1.049,False,2324.0,18
"Vodnik, Victor",COL,SL,0.00957921920571944,108,109.1,0.8216,False,11786.0,108
"Vodnik, Victor",MIA,CH,0.01235911011705563,48,121.5,0.7764,False,5834.0,48
"Vodnik, Victor",MIA,CU,0.0141279907523274,71,123.1,1.1088,False,8738.0,71
"Vodnik, Victor",MIA,FF,0.006889493667855072,142,114.8,0.5261,False,16300.0,142
"Vodnik, Victor",MIA,SI,0.016328084531282497,22,132.3,0.9873,False,2911.0,22
"Vodnik, Victor",MIA,SL,0.009404398402724485,119,108.7,1.0107,False,12940.0,119
"Voth, Austin",MIN,CU,0.003633404988795519,10,100.8,0.6185,False,1008.0,10
"Voth, Austin",MIN,FC,-0.0033551559657401717,24,91.5,0.5266,False,2197.0,24
"Voth, Austin",MIN,FF,-0.0007997949931970132,28,100.0,0.4333,False,2801.0,28
"Voth, Austin",MIN,FS,-0.004610564398717543,4,84.5,1.0097,False,338.0,4
"Voth, Austin",MIN,SI,-0.0067017128352414475,11,90.1,0.8591,False,991.0,11
"Voth, Austin",MIN,ST,0.006780282848539125,19,96.3,0.8011,False,1830.0,19
"Voth, Austin",TOR,CU,-0.0003977611753119466,24,92.1,0.6477,False,2211.0,24
"Voth, Austin",TOR,FC,-0.0022328616819491057,27,94.9,0.5278,False,2561.0,27
"Voth, Austin",TOR,FF,-0.0064221920005770195,27,89.3,0.4584,False,2411.0,27
"Voth, Austin",TOR,FS,-0.0022325321260723285,4,88.8,1.303,False,355.0,4
"Voth, Austin",TOR,SI,-0.010867832083022222,16,82.4,0.7827,False,1318.0,16
"Voth, Austin",TOR,ST,0.00663394557860946,21,96.0,0.6751,False,2015.0,21
"Vásquez, Randy",SDP,CH,0.0020746824989608306,187,101.7,0.8191,False,19721.0,194
"Vásquez, Randy",SDP,CU,0.006448335015856837,222,106.7,0.7599,False,23683.0,222
"Vásquez, Randy",SDP,FC,0.0018756056101462218,515,107.5,0.7067,False,57075.0,531
"Vásquez, Randy",SDP,FF,-0.0023055638779756905,685,97.4,0.5231,False,69340.0,712
"Vásquez, Randy",SDP,SI,-0.0034506802265180303,358,96.4,0.6785,False,35276.0,366
"Vásquez, Randy",SDP,SL,0.009927995693114103,191,109.8,1.0845,False,22062.0,201
"Wacha, Michael",KCR,CH,0.01182511629815717,762,120.6,1.0438,False,91867.0,762
"Wacha, Michael",KCR,CU,-0.0016817835462990293,301,89.3,0.8905,False,26892.0,301
"Wacha, Michael",KCR,FC,-0.006141740997486428,482,83.1,0.7245,False,40033.0,482
"Wacha, Michael",KCR,FF,-0.006605380607467548,900,88.9,0.5312,False,80022.0,900
"Wacha, Michael",KCR,SI,-0.00732922894035474,353,89.0,0.5401,False,31409.0,353
"Wacha, Michael",KCR,SL,0.0028479478107486934,230,92.9,0.7938,False,21370.0,230
"Waguespack, Jacob",DET,CU,0.0028776813587683137,40,99.1,1.2799,False,3963.0,40
"Waguespack, Jacob",DET,FF,-0.007760291207177519,279,86.7,0.6339,False,24188.0,279
"Waguespack, Jacob",DET,FS,0.007731832071353243,133,105.6,1.1281,False,14040.0,133
"Waguespack, Jacob",DET,SL,8.503112274576614e-05,220,86.3,0.8168,False,18978.0,220
"Waldichuk, Ken",WSH,CH,-0.006018510088324547,2,86.5,0.9772,False,173.0,2
"Waldichuk, Ken",WSH,FC,-0.002618760201191951,37,93.8,0.9265,False,3470.0,37
"Waldichuk, Ken",WSH,FF,-0.002266195319695113,49,97.2,0.5631,False,4764.0,49
"Waldichuk, Ken",WSH,ST,0.0024378712774466935,61,85.3,1.0431,False,5202.0,61
"Waldrep, Hurston",ATL,CU,-0.0008055704199180652,26,91.3,0.9242,False,2373.0,26
"Waldrep, Hurston",ATL,FC,-0.005764041273377028,34,84.2,0.6633,False,2864.0,34
"Waldrep, Hurston",ATL,FS,0.0074202913234419215,41,105.1,0.6776,False,4308.0,41
"Waldrep, Hurston",ATL,SI,-0.0056254986849969746,83,92.0,0.6447,False,7637.0,83
"Waldrep, Hurston",ATL,SL,0.0013848773559138568,31,89.4,0.779,False,2770.0,31
"Waldron, Matt",SDP,FC,-0.004102719244306522,104,89.3,0.6308,False,9287.0,104
"Waldron, Matt",SDP,FF,-0.009326537204481716,122,83.7,0.5561,False,10213.0,122
"Waldron, Matt",SDP,KN,-0.0014914328259999514,154,93.7,1.1684,False,14437.0,154
"Waldron, Matt",SDP,SI,-0.008631752372890286,79,86.5,0.6118,False,6837.0,79
"Waldron, Matt",SDP,ST,0.005787396641430749,82,93.8,0.5965,False,7692.0,82
"Waldron, Matt",TOR,FC,-0.0038447843731514047,21,90.0,0.6443,False,1889.0,21
"Waldron, Matt",TOR,FF,-0.011647836504770177,7,79.1,0.5184,False,554.0,7
"Waldron, Matt",TOR,KN,-0.0013192454061936587,28,94.1,1.1472,False,2634.0,28
"Waldron, Matt",TOR,SI,-0.012184335723180662,11,80.0,0.5426,False,880.0,11
"Waldron, Matt",TOR,ST,0.009133793646469712,8,102.2,0.595,False,818.0,8
"Waldron, Matt",WSH,FC,-0.0029456177890097024,20,92.7,0.7177,False,1854.0,20
"Waldron, Matt",WSH,FF,-0.009774464623963771,6,82.8,0.7205,False,497.0,6
"Waldron, Matt",WSH,KN,-0.009154043670815345,26,80.0,1.279,False,2080.0,26
"Waldron, Matt",WSH,SI,-0.01281949881972237,11,79.0,0.4982,False,869.0,11
"Waldron, Matt",WSH,ST,0.007622047623788769,11,98.5,0.686,False,1084.0,11
"Walker, Josh",BAL,CH,-0.0020662400085497854,51,93.8,1.6344,False,4785.0,51
"Walker, Josh",BAL,FF,-0.001380370740891493,127,99.0,1.2356,False,12569.0,127
"Walker, Josh",BAL,SI,-0.002518236621820035,137,97.8,1.1482,False,13400.0,137
"Walker, Josh",BAL,SL,0.005188158700825864,190,98.6,1.6044,False,18737.0,190
"Walker, Ryan",SFG,FF,-0.0045380853530682195,26,93.0,1.2361,False,2419.0,26
"Walker, Ryan",SFG,SI,0.001963831709100773,396,106.0,0.4994,False,41974.0,396
"Walker, Ryan",SFG,ST,0.011482527037213412,187,108.4,0.6962,False,20271.0,187
"Walker, Taijuan",PHI,CU,-0.0042243692321035095,53,83.9,0.6044,False,4449.0,53
"Walker, Taijuan",PHI,FC,-0.0001351294107735157,85,101.3,0.4713,False,8612.0,85
"Walker, Taijuan",PHI,FF,-0.008048993017415873,41,86.1,0.4537,False,3532.0,41
"Walker, Taijuan",PHI,FS,-0.0016853334268161393,97,89.6,0.5136,False,8692.0,97
"Walker, Taijuan",PHI,SI,-0.005722099482839867,98,91.9,0.422,False,9005.0,98
"Walker, Taijuan",PHI,SL,0.003078662888146937,50,93.5,1.0561,False,4675.0,50
"Walston, Blake",ARI,CH,-0.004235866712406278,2,89.5,1.2205,False,179.0,2
"Walston, Blake",ARI,CU,-0.005089751910418272,6,82.2,0.9263,False,493.0,6
"Walston, Blake",ARI,FC,-0.001410972904219913,9,97.4,1.1641,False,877.0,9
"Walston, Blake",ARI,FF,-0.004779224422664437,17,92.4,0.5888,False,1571.0,17
"Walston, Blake",ARI,SI,-0.019849905744194984,1,66.0,1.0514,False,66.0,1
"Walston, Blake",ARI,SL,0.003340663675252082,7,94.1,1.1136,False,659.0,7
"Wantz, Andrew",CHC,CH,-0.002712171757593751,1,93.0,1.0445,False,93.0,1
"Wantz, Andrew",CHC,CU,-0.0002197351811143259,3,92.7,1.2588,False,278.0,3
"Wantz, Andrew",CHC,FC,-0.0005295250342566181,11,100.0,0.6687,False,1100.0,11
"Wantz, Andrew",CHC,FF,-0.006437008102823581,7,89.3,0.5282,False,625.0,7
"Wantz, Andrew",CHC,SI,-0.005255240248516202,2,93.0,0.8392,False,186.0,2
"Wantz, Andrew",CHC,ST,0.01215103299667438,3,110.0,0.8638,False,330.0,3
"Wantz, Andrew",TBR,CH,-0.002176775364205241,2,93.5,0.7464,False,187.0,2
"Wantz, Andrew",TBR,FC,0.004377255427905105,11,115.1,0.6314,False,1266.0,11
"Wantz, Andrew",TBR,FF,-0.00020599398080126515,21,101.1,0.4793,False,2124.0,21
"Wantz, Andrew",TBR,SI,-0.001199943649296004,13,100.2,0.7863,False,1303.0,13
"Wantz, Andrew",TBR,ST,0.018863445946148465,7,127.3,0.9286,False,891.0,7
"Warren, Austin",NYM,CH,-0.0012929296848597006,20,95.4,1.1095,False,1908.0,20
"Warren, Austin",NYM,CU,0.0040281235908308085,59,101.6,1.3871,False,5994.0,59
"Warren, Austin",NYM,FC,-0.00040692990072644676,13,100.6,0.9458,False,1408.0,14
"Warren, Austin",NYM,FF,0.002862087978554781,144,107.1,0.7773,False,15954.0,149
"Warren, Austin",NYM,SI,-0.0011533304853054303,253,100.4,0.6458,False,26192.0,261
"Warren, Austin",NYM,ST,0.008158965325675087,418,100.1,0.9653,False,42830.0,428
"Warren, Will",NYY,CH,0.002013186926146658,357,101.7,1.0737,False,36301.0,357
"Warren, Will",NYY,CU,0.00020036177527406443,148,93.4,1.2606,False,13818.0,148
"Warren, Will",NYY,FF,0.0018882683664580464,939,105.2,0.8934,False,98798.0,939
"Warren, Will",NYY,SI,-0.002950677748400503,655,97.0,1.0621,False,63540.0,655
"Warren, Will",NYY,SL,0.007621531231472125,13,104.5,1.2671,False,1358.0,13
"Warren, Will",NYY,ST,0.007860210038669943,530,99.1,1.1791,False,52528.0,530
"Watson, Ryan",BOS,CU,0.003862717130456105,126,101.2,1.4175,False,12748.0,126
"Watson, Ryan",BOS,FC,-0.0052027310484071615,235,85.9,1.3096,False,20195.0,235
"Watson, Ryan",BOS,FF,-0.002462471980468491,174,96.9,0.8287,False,16854.0,174
"Watson, Ryan",BOS,FS,-0.006245615141233429,10,81.9,1.3684,False,819.0,10
"Watson, Ryan",BOS,SI,0.004465903011697791,152,110.6,1.1617,False,16808.0,152
"Watson, Ryan",BOS,ST,0.007399097618086785,191,97.9,1.4521,False,18704.0,191
"Watson, Ryan",LAA,CU,0.004887010565174646,76,103.3,1.3746,False,7852.0,76
"Watson, Ryan",LAA,FC,-0.004823328030484152,42,87.1,1.3529,False,3658.0,42
"Watson, Ryan",LAA,FF,-0.0031702211185585753,42,95.5,0.8105,False,4010.0,42
"Watson, Ryan",LAA,SI,0.006577291616122238,10,114.5,1.1604,False,1145.0,10
"Watson, Ryan",LAA,ST,0.006173815868714882,80,94.8,1.4968,False,7585.0,80
"Way, Beck",KCR,CH,0.002109164333281418,12,101.8,1.2553,False,1222.0,12
"Way, Beck",KCR,FF,-0.004157457507002012,60,93.6,0.9787,False,5613.0,60
"Way, Beck",KCR,SI,0.00013229312832624166,92,102.6,0.8045,False,9440.0,92
"Way, Beck",KCR,SL,0.006534706741630303,174,101.8,1.1241,False,17712.0,174
"Way, Beck",KCR,ST,0.016432781731162,51,121.1,1.3662,False,6174.0,51
"Weathers, Ryan",NYY,CH,0.0022722173548722756,576,102.2,0.7185,False,58848.0,576
"Weathers, Ryan",NYY,FF,-0.0006223383064005523,507,100.4,0.5421,False,50907.0,507
"Weathers, Ryan",NYY,SI,-0.009940338460750061,473,84.2,0.6232,False,39808.0,473
"Weathers, Ryan",NYY,SL,0.004802444652820046,266,97.6,1.0135,False,25972.0,266
"Weathers, Ryan",NYY,ST,0.0017392489332121435,458,83.5,0.9187,False,38247.0,458
"Weaver, Luke",NYM,CH,0.007106681293170131,222,111.5,0.517,False,24747.0,222
"Weaver, Luke",NYM,FC,-0.0019156100286597383,93,95.8,0.7116,False,8913.0,93
"Weaver, Luke",NYM,FF,0.0031303601766916296,323,107.6,0.3561,False,34751.0,323
"Weaver, Luke",NYM,SL,0.003647920209914446,1,95.0,1.0474,False,95.0,1
"Weaver, Luke",PIT,CH,0.006371813679390132,86,110.1,0.6132,False,9466.0,86
"Weaver, Luke",PIT,FC,-0.0016637034611145889,36,96.7,0.7757,False,3480.0,36
"Weaver, Luke",PIT,FF,0.0013995302947574948,141,104.3,0.4162,False,14702.0,141
"Webb, Jacob",CHC,CH,0.0030677906947777526,438,103.8,0.5668,False,45871.0,442
"Webb, Jacob",CHC,CU,0.001634175010199109,86,96.4,1.2797,False,8289.0,86
"Webb, Jacob",CHC,FF,0.003672385776930635,485,108.5,0.3579,False,53068.0,489
"Webb, Jacob",CHC,SL,0.007221636900335158,95,103.4,1.0854,False,10034.0,97
"Webb, Jacob",CHC,ST,0.005686875798273832,25,93.6,0.8023,False,2340.0,25
"Webb, Logan",SFG,FC,-0.002930458230432845,340,92.8,0.599,False,31566.0,340
"Webb, Logan",SFG,FF,-0.006353769571288252,314,89.4,0.4927,False,28065.0,314
"Webb, Logan",SFG,FS,0.0032483651798765212,596,98.0,0.463,False,58394.0,596
"Webb, Logan",SFG,SI,-0.0010563760810589568,737,100.5,0.4332,False,74038.0,737
"Webb, Logan",SFG,ST,0.0030187019731197588,501,86.8,0.5934,False,43465.0,501
"Weiman, Blake",LAA,CH,-0.007487468675424766,21,83.5,1.4286,False,1753.0,21
"Weiman, Blake",LAA,FF,-0.005702958140960511,17,90.6,1.0953,False,1541.0,17
"Weiman, Blake",LAA,SI,-0.009381722976654969,37,85.2,0.9365,False,3151.0,37
"Weiman, Blake",LAA,SL,1.0793259813605497e-05,69,86.1,1.3288,False,5944.0,69
"Weiman, Blake",LAA,ST,0.005158386768692123,140,92.2,1.2958,False,12914.0,140
"Weisenburger, Jack",NYM,CU,0.0007431469857692719,3,94.7,1.0283,False,284.0,3
"Weisenburger, Jack",NYM,FC,-0.0036098095863692564,37,90.7,0.9343,False,3356.0,37
"Weisenburger, Jack",NYM,FF,-0.0040671212635760845,65,93.8,0.599,False,6097.0,65
"Weisenburger, Jack",NYM,FS,7.620454707648605e-05,15,92.6,1.0361,False,1389.0,15
"Weisenburger, Jack",NYM,SI,-0.0018667211884478873,35,99.0,0.8088,False,3465.0,35
"Weisenburger, Jack",NYM,ST,0.006765232393845509,50,96.3,1.0438,False,4817.0,50
"Weiss, Ryan",HOU,CH,0.007695135791949817,78,112.6,1.0198,False,8784.0,78
"Weiss, Ryan",HOU,CU,-0.0013277343412696878,17,90.2,1.0831,False,1533.0,17
"Weiss, Ryan",HOU,FF,0.0020952927418559793,196,105.6,0.5309,False,20705.0,196
"Weiss, Ryan",HOU,SI,-0.001626418719290575,67,99.4,0.7883,False,6663.0,67
"Weiss, Ryan",HOU,ST,0.007902610434833805,172,99.2,1.0279,False,17065.0,172
"Weissert, Greg",BOS,CH,-0.0012539213549574086,130,95.4,1.4107,False,12398.0,130
"Weissert, Greg",BOS,CU,0.004560799332631921,22,102.7,1.4665,False,2259.0,22
"Weissert, Greg",BOS,FF,-0.0031544174159610825,288,95.5,0.9773,False,27512.0,288
"Weissert, Greg",BOS,SI,0.0009309101333411685,346,104.1,0.7747,False,36032.0,346
"Weissert, Greg",BOS,SL,0.005847193271260893,81,100.1,1.3975,False,8112.0,81
"Weissert, Greg",BOS,ST,0.01328883535085967,124,113.0,1.1637,False,14012.0,124
"Wells, Tyler",BAL,CH,0.004275445184604482,189,106.0,0.6386,False,20035.0,189
"Wells, Tyler",BAL,CU,-0.0021465187060246724,39,88.4,0.9275,False,3446.0,39
"Wells, Tyler",BAL,FC,0.004036679297281173,218,114.0,0.6754,False,24855.0,218
"Wells, Tyler",BAL,FF,-0.0069612542827863395,234,88.2,0.5312,False,20643.0,234
"Wells, Tyler",BAL,SL,0.0068739329582268305,130,102.6,0.7586,False,13340.0,130
"Wells, Tyler",TBR,CH,0.007488397467253036,49,112.2,0.725,False,5496.0,49
"Wells, Tyler",TBR,CU,-0.00040787724356050603,8,92.1,0.9902,False,737.0,8
"Wells, Tyler",TBR,FC,0.0036684117096915637,98,112.9,0.794,False,11064.0,98
"Wells, Tyler",TBR,FF,-0.007344340780143873,68,87.4,0.5407,False,5946.0,68
"Wells, Tyler",TBR,SL,0.006907527494643416,35,102.8,0.875,False,3598.0,35
"Wesneski, Hayden",HOU,CH,0.0020266686548090097,103,101.7,0.919,False,10476.0,103
"Wesneski, Hayden",HOU,CU,0.00047174328938126564,2,94.0,1.4041,False,188.0,2
"Wesneski, Hayden",HOU,FC,-0.002048274174485949,136,95.5,0.8019,False,12986.0,136
"Wesneski, Hayden",HOU,FF,-0.010215555883077185,216,82.0,0.5733,False,17707.0,216
"Wesneski, Hayden",HOU,SI,-0.0005552520950376758,176,101.4,0.7718,False,17849.0,176
"Wesneski, Hayden",HOU,ST,0.010457434557830774,265,105.8,0.8549,False,28034.0,265
"Weston, Cameron",BAL,FS,-0.01953885890543461,2,59.0,3.2159,True,118.0,2
"Weston, Cameron",BAL,SI,-0.03224629483052662,7,43.3,2.0554,True,303.0,7
"Weston, Cameron",BAL,SL,-0.0111169945448637,2,59.5,2.2688,True,119.0,2
"Weston, Cameron",BAL,ST,-0.011846137698739767,6,49.0,2.3144,True,294.0,6
"Wheeler, Zack",PHI,CU,0.010029922478810646,215,114.2,0.6046,False,25684.0,225
"Wheeler, Zack",PHI,FC,-0.0021436743499649974,269,95.0,0.5659,False,26422.0,278
"Wheeler, Zack",PHI,FF,0.005657923701086734,910,112.4,0.437,False,105853.0,942
"Wheeler, Zack",PHI,FS,0.0008361291390721696,407,94.2,0.7921,False,40613.0,431
"Wheeler, Zack",PHI,SI,0.00484062329465395,399,111.3,0.4891,False,45854.0,412
"Wheeler, Zack",PHI,SL,0.006833475083112717,2,102.5,1.2658,False,205.0,2
"Wheeler, Zack",PHI,ST,0.009704832241798413,349,103.7,0.7249,False,37127.0,358
"Whisenhunt, Carson",SFG,CH,0.003066186459987134,216,103.7,0.95,False,22404.0,216
"Whisenhunt, Carson",SFG,CU,0.0017077873725221643,28,96.5,1.2894,False,2703.0,28
"Whisenhunt, Carson",SFG,FF,-0.0065144711787019265,214,89.1,0.5763,False,19062.0,214
"Whisenhunt, Carson",SFG,SI,-0.005798457613403523,58,91.8,0.8998,False,5322.0,58
"Whisenhunt, Carson",SFG,SL,0.0024433221270997044,101,92.0,0.8072,False,9290.0,101
"White, Josh",MIA,CU,0.0035489088506437836,10,100.5,1.6252,False,1005.0,10
"White, Josh",MIA,FF,-0.007978997005424886,22,86.3,0.7976,False,1899.0,22
"White, Josh",MIA,FS,0.008129352238029242,2,106.0,2.0831,True,212.0,2
"White, Josh",MIA,SL,0.0014637153750906389,9,89.6,1.1125,False,806.0,9
"Whitlock, Garrett",BOS,CH,0.0057454066612339,134,108.9,0.8125,False,14586.0,134
"Whitlock, Garrett",BOS,SI,-0.0047995805390253455,416,93.6,0.4804,False,38931.0,416
"Whitlock, Garrett",BOS,SL,0.006710628957080189,193,102.2,0.8106,False,19727.0,193
"Wicks, Jordan",CHC,CH,0.005254769060925087,51,107.9,0.5866,False,5502.0,51
"Wicks, Jordan",CHC,CU,-0.002063495441689156,8,88.5,1.1354,False,708.0,8
"Wicks, Jordan",CHC,FF,-0.004491787953842161,69,93.0,0.5064,False,6414.0,69
"Wicks, Jordan",CHC,SI,-0.004639463898881028,15,93.9,0.6793,False,1408.0,15
"Wicks, Jordan",CHC,SL,0.005138802148091297,36,98.5,0.8725,False,3545.0,36
"Wicks, Jordan",CHC,ST,0.008837791159749031,1,102.0,1.0441,False,102.0,1
"Wilcox, Cole",SEA,CH,0.004200034614768811,58,105.8,1.205,False,6135.0,58
"Wilcox, Cole",SEA,FF,-0.0031868273482075003,131,95.5,0.7759,False,12514.0,131
"Wilcox, Cole",SEA,SI,-0.0006148309151218954,82,101.3,1.0192,False,8310.0,82
"Wilcox, Cole",SEA,SL,0.009315596073728932,85,108.5,1.0847,False,9226.0,85
"Wilcox, Cole",SEA,ST,0.009319444302518881,132,102.8,1.2451,False,13574.0,132
"Wilkinson, Matt",SFG,CH,-0.010672014494622616,95,77.3,1.2865,False,7347.0,95
"Wilkinson, Matt",SFG,FC,-0.004649360226366021,23,87.6,1.317,False,2015.0,23
"Wilkinson, Matt",SFG,FF,-0.006530231472027504,238,89.0,0.936,False,21192.0,238
"Wilkinson, Matt",SFG,SL,0.00273635290905654,63,92.6,1.2852,False,5836.0,63
"Williams, Devin",NYM,CH,0.014480268797811512,349,125.7,0.6053,False,43861.0,349
"Williams, Devin",NYM,FC,0.002685934354667552,10,109.8,1.0359,False,1098.0,10
"Williams, Devin",NYM,FF,0.005103016786670196,400,111.4,0.4552,False,44547.0,400
"Williams, Gavin",CLE,CU,0.006606726733571258,669,107.0,0.5497,False,71593.0,669
"Williams, Gavin",CLE,FC,-0.000946908970264693,175,98.9,0.6123,False,17299.0,175
"Williams, Gavin",CLE,FF,0.0030045249525536403,812,107.4,0.4002,False,87174.0,812
"Williams, Gavin",CLE,SI,3.848829129741429e-05,475,102.5,0.4892,False,48687.0,475
"Williams, Gavin",CLE,ST,0.013071694553743095,860,112.4,0.5671,False,96690.0,860
"Williams, Trevor",TEX,FF,-0.003158638241050178,73,95.5,0.4503,False,6970.0,73
"Williams, Trevor",TEX,FS,-0.004231398560477828,32,85.3,0.7905,False,2730.0,32
"Williams, Trevor",TEX,SI,-0.005172527274407912,30,92.9,0.5547,False,2788.0,30
"Williams, Trevor",TEX,SL,-0.0026602721809467766,16,79.6,0.6556,False,1274.0,16
"Williams, Trevor",TEX,ST,0.00814342425236156,52,99.9,0.7399,False,5193.0,52
"Williams, Trevor",WSH,FF,-0.004304290240379628,129,93.3,0.4113,False,12042.0,129
"Williams, Trevor",WSH,FS,-0.005217097029176161,27,83.7,0.686,False,2259.0,27
"Williams, Trevor",WSH,SI,-0.008140408284061606,53,87.5,0.5133,False,4637.0,53
"Williams, Trevor",WSH,SL,-0.0009796887555721162,17,83.8,0.5258,False,1424.0,17
"Williams, Trevor",WSH,ST,0.00676804655479774,85,96.3,0.6209,False,8189.0,85
"Williamson, Brandon",CIN,CH,-0.0013936259408152448,178,95.1,0.5859,False,17978.0,189
"Williamson, Brandon",CIN,CU,-9.649513690924828e-05,72,92.4,1.0029,False,7390.0,80
"Williamson, Brandon",CIN,FC,-0.0019202965521839467,272,94.7,0.5593,False,28606.0,302
"Williamson, Brandon",CIN,FF,-0.009108397311923578,154,85.2,0.5046,False,14659.0,172
"Williamson, Brandon",CIN,SI,-0.015172846445624354,59,74.7,0.7982,False,4557.0,61
"Williamson, Brandon",CIN,ST,0.007826092599297377,96,99.2,0.7829,False,10213.0,103
"Wilson, Bryse",CHC,FC,-0.003048411042046999,35,92.5,0.5398,False,3237.0,35
"Wilson, Bryse",CHC,FF,-0.005309513302521271,43,91.3,0.4551,False,3925.0,43
"Wilson, Bryse",CHC,FS,-0.0026982445545543575,19,87.8,1.1133,False,1669.0,19
"Wilson, Bryse",CHC,SI,0.0006600189245427432,23,103.5,0.4331,False,2381.0,23
"Wilson, Bryse",CHC,ST,0.0030712659802072896,13,86.9,0.7927,False,1130.0,13
"Wilson, Bryse",MIL,FC,-0.0011868269899929411,151,98.1,0.5903,False,14814.0,151
"Wilson, Bryse",MIL,FF,-0.003698205889997793,53,94.5,0.5201,False,5008.0,53
"Wilson, Bryse",MIL,FS,-0.001749107391939712,24,89.5,1.1689,False,2148.0,24
"Wilson, Bryse",MIL,SI,-0.0033115432004158047,146,96.3,0.426,False,14064.0,146
"Wilson, Bryse",MIL,ST,0.0024061616842862513,22,85.1,0.843,False,1873.0,22
"Wilson, Bryse",PHI,FC,-0.0014133039803709835,8,97.5,0.5175,False,780.0,8
"Wilson, Bryse",PHI,FF,-0.0033529188949614763,2,95.5,0.4749,False,191.0,2
"Wilson, Bryse",PHI,FS,-0.0059238983085379004,4,82.2,1.0734,False,329.0,4
"Wilson, Bryse",PHI,SI,0.00283733175390146,11,107.7,0.4158,False,1185.0,11
"Wilson, Bryse",PHI,ST,0.0024104053736664355,4,85.2,0.798,False,341.0,4
"Winn, Cole",TEX,FC,-0.0021217366511074136,225,95.3,0.7843,False,21440.0,225
"Winn, Cole",TEX,FF,0.0009560314216624618,248,103.5,0.468,False,25659.0,248
"Winn, Cole",TEX,FS,0.0038373984905259594,113,98.9,0.7614,False,11180.0,113
"Winn, Cole",TEX,SI,0.0035924775085212396,14,109.0,0.6171,False,1526.0,14
"Winn, Cole",TEX,SL,0.006517006813941952,187,101.8,0.702,False,19035.0,187
"Winn, Keaton",SFG,FF,-0.004894483030777958,164,92.2,0.4382,False,15125.0,164
"Winn, Keaton",SFG,FS,0.011598074107923264,294,112.1,0.5212,False,32968.0,294
"Winn, Keaton",SFG,SI,0.0009830331353283407,138,104.2,0.5544,False,14380.0,138
"Winn, Keaton",SFG,SL,0.006204574166379946,48,101.0,0.6833,False,4849.0,48
"Winquest, Cade",STL,CH,-0.0004873378202319145,2,96.5,1.3478,False,193.0,2
"Winquest, Cade",STL,CU,5.689111955024288e-05,67,93.1,1.3896,False,6235.0,67
"Winquest, Cade",STL,FC,-0.0032157506584018633,68,92.0,1.3337,False,6253.0,68
"Winquest, Cade",STL,FF,8.263989169707243e-07,87,101.6,0.9933,False,8837.0,87
"Winquest, Cade",STL,SI,-0.0033744346721851755,21,96.2,1.2544,False,2020.0,21
"Wolfram, Grant",BAL,CU,0.004704302869425659,148,103.0,0.8219,False,15237.0,148
"Wolfram, Grant",BAL,FF,-0.005662559624479481,222,90.7,0.6388,False,20136.0,222
"Wolfram, Grant",BAL,SI,-0.0046316000683717514,350,94.0,0.5031,False,32883.0,350
"Wolfram, Grant",BAL,SL,0.006384943988865544,114,101.5,0.7834,False,11572.0,114
"Wolfram, Grant",BAL,ST,0.005403436531847927,67,92.9,1.087,False,6222.0,67
"Woo, Bryan",SEA,CH,-0.0002993590154431162,167,97.2,0.7498,False,16238.0,167
"Woo, Bryan",SEA,CU,0.0022366294265650562,73,97.7,1.0949,False,7134.0,73
"Woo, Bryan",SEA,FF,0.006173051669969642,1265,113.5,0.451,False,143521.0,1265
"Woo, Bryan",SEA,SI,0.002691044633118628,503,107.3,0.4671,False,53996.0,503
"Woo, Bryan",SEA,SL,0.004137066664352308,359,96.0,0.6707,False,34474.0,359
"Woo, Bryan",SEA,ST,0.01021681417063519,300,105.1,0.7308,False,31541.0,300
"Woodford, Jake",CHC,CU,0.0019265778828412294,3,97.0,1.4544,False,291.0,3
"Woodford, Jake",CHC,FC,0.000842210377763527,13,104.2,0.7801,False,1354.0,13
"Woodford, Jake",CHC,FF,0.0009048142121173442,5,103.6,0.5876,False,518.0,5
"Woodford, Jake",CHC,FS,-0.00453594747731196,7,84.9,1.0617,False,594.0,7
"Woodford, Jake",CHC,SI,-0.0012955735619470943,16,100.1,0.5521,False,1601.0,16
"Woodford, Jake",CHC,ST,0.007305031897535978,13,97.7,0.813,False,1270.0,13
"Woodford, Jake",MIL,FC,0.0007729060285479743,150,104.1,0.7549,False,15608.0,150
"Woodford, Jake",MIL,FF,-0.0004551423247903585,5,100.8,0.7664,False,504.0,5
"Woodford, Jake",MIL,FS,-0.002262673992711333,61,88.7,0.9811,False,5409.0,61
"Woodford, Jake",MIL,SI,-0.0022227963463514726,117,98.4,0.5699,False,11509.0,117
"Woodford, Jake",MIL,SL,0.004953712590837053,7,98.0,1.0492,False,686.0,7
"Woodford, Jake",MIL,ST,0.006597467560883767,60,95.9,0.7463,False,5755.0,60
"Woodford, Jake",TBR,FC,-0.004037288308609277,8,89.5,,False,716.0,8
"Woodford, Jake",TBR,FF,0.01263532042503357,1,126.0,,False,126.0,1
"Woodford, Jake",TBR,FS,0.0011915675640921108,6,94.5,,False,567.0,6
"Woodford, Jake",TBR,SI,0.0015331954115633077,12,105.2,,False,1263.0,12
"Woodford, Jake",TBR,ST,0.0014513349160552025,1,83.0,,False,83.0,1
"Woodruff, Brandon",MIL,CH,0.0006266870867009352,137,99.0,0.6535,False,13566.0,137
"Woodruff, Brandon",MIL,CU,-0.0017083829625984695,28,89.2,0.961,False,2498.0,28
"Woodruff, Brandon",MIL,FC,-0.004084522873555492,69,89.3,0.627,False,6161.0,69
"Woodruff, Brandon",MIL,FF,-0.003825261808420882,277,94.2,0.4332,False,26104.0,277
"Woodruff, Brandon",MIL,SI,-0.003487657130354205,123,96.0,0.4311,False,11810.0,123
"Woodruff, Brandon",MIL,ST,0.007137965457513928,5,97.4,1.0968,False,487.0,5
"Woods Richardson, Simeon",MIN,CU,-0.0017919088555076582,55,89.2,0.7198,False,4904.0,55
"Woods Richardson, Simeon",MIN,FF,-0.007416335564418195,376,87.4,0.5068,False,32864.0,376
"Woods Richardson, Simeon",MIN,FS,0.0028310410517025176,228,97.3,0.7905,False,22182.0,228
"Woods Richardson, Simeon",MIN,SL,0.001360369858097743,202,89.3,0.5937,False,18043.0,202
"Woods Richardson, Simeon",TOR,CU,-0.0006031136155734043,57,91.7,0.7754,False,5226.0,57
"Woods Richardson, Simeon",TOR,FF,-0.0082699063837376,130,85.7,0.4867,False,11145.0,130
"Woods Richardson, Simeon",TOR,FS,0.0011025112755182278,59,94.3,1.0408,False,5566.0,59
"Woods Richardson, Simeon",TOR,SL,0.0021459733690318426,54,91.3,0.5628,False,4929.0,54
"Wrobleski, Justin",LAD,CU,-0.00585930215515873,104,80.5,1.2898,False,8372.0,104
"Wrobleski, Justin",LAD,FC,-0.0004795413519281687,27,100.4,0.6391,False,2811.0,28
"Wrobleski, Justin",LAD,FF,-0.0008033574923225433,1038,100.0,0.4975,False,105422.0,1054
"Wrobleski, Justin",LAD,FS,-0.007818215518480463,107,79.2,1.1541,False,8477.0,107
"Wrobleski, Justin",LAD,SI,-0.007795198205886187,168,88.2,0.4982,False,15178.0,172
"Wrobleski, Justin",LAD,SL,0.0037722272364256546,600,95.2,0.6204,False,57601.0,605
"Wrobleski, Justin",LAD,ST,0.009150312885829022,66,102.5,1.2828,False,6865.0,67
"Yamamoto, Yoshinobu",LAD,CU,0.00282720134393407,360,99.0,0.5482,False,35633.0,360
"Yamamoto, Yoshinobu",LAD,FC,0.003408360939578995,414,112.1,0.6224,False,46394.0,414
"Yamamoto, Yoshinobu",LAD,FF,0.0009863418890400314,738,103.5,0.3785,False,76376.0,738
"Yamamoto, Yoshinobu",LAD,FS,0.015123116219726382,729,118.1,0.5669,False,86111.0,729
"Yamamoto, Yoshinobu",LAD,SI,0.003552858919853125,336,108.9,0.5376,False,36600.0,336
"Yamamoto, Yoshinobu",LAD,SL,0.00896283506658996,157,107.6,0.7698,False,16899.0,157
"Yan, Jefry",NYM,CH,0.005656234584947876,38,108.8,1.4219,False,4134.0,38
"Yan, Jefry",NYM,FF,0.008580533833216912,95,118.0,1.0853,False,11214.0,95
"Yan, Jefry",NYM,SI,0.00905423897745338,161,119.0,1.0835,False,19162.0,161
"Yan, Jefry",NYM,SL,0.010093100348245097,73,110.4,1.4137,False,8062.0,73
"Yarbrough, Ryan",NYY,CH,-0.00285138292939899,241,92.3,0.7824,False,22244.0,241
"Yarbrough, Ryan",NYY,FC,-0.003141832963973048,306,92.2,0.618,False,28206.0,306
"Yarbrough, Ryan",NYY,FF,-0.008623178476722664,158,85.1,0.5291,False,13439.0,158
"Yarbrough, Ryan",NYY,SI,-0.010179427806415583,146,83.7,0.9397,False,12222.0,146
"Yarbrough, Ryan",NYY,ST,0.014274280529934912,210,115.5,0.6392,False,24259.0,210
"Yates, Kirby",LAA,FF,0.0002901515884655294,304,102.2,0.56,False,31057.0,304
"Yates, Kirby",LAA,FS,0.0038562422577348306,161,99.0,0.6309,False,15941.0,161
"Yates, Kirby",LAA,ST,0.004028029606810638,7,89.4,1.3925,False,626.0,7
"Yates, Kirby",PIT,FF,-0.0005151970792128408,173,100.6,0.5126,False,17397.0,173
"Yates, Kirby",PIT,FS,0.0017864714377598527,75,95.5,0.627,False,7160.0,75
"Yates, Kirby",PIT,ST,0.0016138694093873103,6,83.2,1.3826,False,499.0,6
"Yean, Eddy",WSH,CH,-0.002622831954722642,50,92.7,1.1706,False,4635.0,50
"Yean, Eddy",WSH,FF,-0.009662865455645849,17,83.0,1.1223,False,1411.0,17
"Yean, Eddy",WSH,SI,0.000382484331913431,84,103.1,0.8216,False,8664.0,84
"Yean, Eddy",WSH,SL,0.004734867479248137,17,97.5,1.2242,False,1657.0,17
"Yesavage, Trey",TOR,FF,-0.004173720504921538,757,93.6,0.6373,False,70843.0,757
"Yesavage, Trey",TOR,FS,0.013633852670101716,470,115.6,0.8715,False,54329.0,470
"Yesavage, Trey",TOR,SL,0.013174161357654863,392,117.8,0.7224,False,46182.0,392
"Yoho, Craig",CLE,CH,0.00913791254559328,200,115.4,2.0211,True,23080.0,200
"Yoho, Craig",CLE,CU,0.0107049944344908,2,116.0,1.6293,False,232.0,2
"Yoho, Craig",CLE,FC,0.0013971801957442485,47,106.0,1.5046,False,4981.0,47
"Yoho, Craig",CLE,FF,0.0033223917859934522,44,108.0,1.1297,False,4751.0,44
"Yoho, Craig",CLE,SI,-0.0012619880832393062,33,100.1,1.0986,False,3303.0,33
"Yoho, Craig",CLE,ST,0.010350781492888927,1,105.0,1.9368,True,105.0,1
"Yoho, Craig",MIL,CH,0.007844362722244114,140,112.9,1.7319,False,15812.0,140
"Yoho, Craig",MIL,CU,0.01689484203234315,2,129.0,1.661,False,258.0,2
"Yoho, Craig",MIL,FC,0.0009527085012450698,32,104.6,1.4841,False,3347.0,32
"Yoho, Craig",MIL,FF,0.004463449026827635,57,110.2,1.1372,False,6280.0,57
"Yoho, Craig",MIL,SI,-0.0029751060114490842,77,96.9,1.1567,False,7462.0,77
"Young, Brandon",BAL,CU,-1.2968658810481233e-05,296,92.9,1.1002,False,27505.0,296
"Young, Brandon",BAL,FF,-0.001966237792345394,1016,97.8,0.553,False,99397.0,1016
"Young, Brandon",BAL,FS,0.0044042892735377025,477,99.9,1.1018,False,47665.0,477
"Young, Brandon",BAL,SI,-0.0032510321041460057,348,96.4,0.9305,False,33561.0,348
"Young, Brandon",BAL,SL,0.004333333273111065,393,96.5,0.9103,False,37930.0,393
"Young, Danny",ATL,CH,0.002157801044328759,3,102.0,1.3549,False,306.0,3
"Young, Danny",ATL,FF,-0.0016018007105837266,3,98.3,1.1765,False,295.0,3
"Young, Danny",ATL,SI,-0.0014690345488688195,128,99.7,0.7109,False,12759.0,128
"Young, Danny",ATL,ST,0.003991034312128402,131,89.2,0.8509,False,11689.0,131
"Zeferjahn, Ryan",CHC,FF,0.00550434433213153,104,112.2,0.6394,False,11667.0,104
"Zeferjahn, Ryan",CHC,SI,0.00807422804242304,49,117.2,0.9892,False,5745.0,49
"Zeferjahn, Ryan",CHC,SL,0.010008880810346454,20,110.2,0.8998,False,2203.0,20
"Zeferjahn, Ryan",CHC,ST,0.016440075088837217,147,121.0,0.8955,False,17783.0,147
"Zeferjahn, Ryan",LAA,CU,0.00688478717347607,26,107.7,1.1965,False,2800.0,26
"Zeferjahn, Ryan",LAA,FF,0.008361887833651112,310,117.7,0.563,False,36475.0,310
"Zeferjahn, Ryan",LAA,SI,0.005079392467597312,149,111.7,0.9577,False,16641.0,149
"Zeferjahn, Ryan",LAA,SL,0.008429210841478336,105,106.4,0.7675,False,11167.0,105
"Zeferjahn, Ryan",LAA,ST,0.015452214152040615,355,118.5,0.7413,False,42074.0,355
"Zerpa, Angel",MIL,FF,-0.007781983670693907,11,86.7,0.5284,False,954.0,11
"Zerpa, Angel",MIL,FS,-0.009851069655269384,12,75.7,1.0718,False,908.0,12
"Zerpa, Angel",MIL,SI,-0.003260087459558555,148,96.4,0.4718,False,14272.0,148
"Zerpa, Angel",MIL,SL,0.004955523237974073,45,98.0,0.7771,False,4408.0,45
"Zimmermann, Bruce",STL,CU,0.0001870624020941452,9,93.4,1.388,False,841.0,9
"Zimmermann, Bruce",STL,FC,-0.00705980828830174,7,80.1,1.1601,False,561.0,7
"Zimmermann, Bruce",STL,FF,-0.012034583504178695,7,78.4,1.1062,False,549.0,7
"Zimmermann, Bruce",STL,FS,-0.006531953621147709,11,81.4,0.9972,False,895.0,11
"Zimmermann, Bruce",STL,SI,-0.009411977954490188,24,85.1,0.9874,False,2043.0,24
"Zimmermann, Bruce",STL,SL,-0.001026434467868447,14,83.6,1.0325,False,1171.0,14
"Zuber, Tyler",MIA,CU,0.0038323619148947978,44,101.1,1.2837,False,4448.0,44
"Zuber, Tyler",MIA,FF,0.003978495978389464,274,109.2,0.6216,False,29926.0,274
"Zuber, Tyler",MIA,SI,0.0009457383370229253,82,104.1,0.944,False,8539.0,82
"Zuber, Tyler",MIA,SL,0.010884911871592825,120,112.3,0.9446,False,13481.0,120
"Zuber, Tyler",MIA,ST,0.01647405524540093,174,121.1,1.1582,False,21076.0,174
"Zuñiga, Guillo",NYM,CH,0.0002347153495065868,2,98.5,1.0636,False,197.0,2
"Zuñiga, Guillo",NYM,FF,0.00349741945475606,7,108.1,0.722,False,757.0,7
"Zuñiga, Guillo",NYM,SI,-0.0016876545967534184,5,99.4,0.9162,False,497.0,5
"Zuñiga, Guillo",NYM,ST,0.016857539536431432,4,122.0,1.0302,False,488.0,4
"deGrom, Jacob",TEX,CH,0.007248203940832352,373,111.7,0.6035,False,41670.0,373
"deGrom, Jacob",TEX,FF,0.007411992037319151,1159,115.8,0.3452,False,134228.0,1159
"deGrom, Jacob",TEX,SI,0.004630501119079001,84,110.9,0.8113,False,9319.0,84
"deGrom, Jacob",TEX,SL,0.013273522266262393,936,118.0,0.4288,False,110486.0,936
"deGrom, Jacob",TEX,ST,0.0032111116523609994,183,87.2,0.7957,False,15962.0,183
"Acton, Garrett",AAA,FC,100.27969478038412,15,100.3,1.424,False,1504.0,15
"Acton, Garrett",AAA,FF,109.34645183849658,21,109.3,0.9654,False,2296.0,21
"Acton, Garrett",AAA,FS,101.98528730919591,2,102.0,1.5075,False,204.0,2
"Acton, Garrett",AAA,ST,65.52984589802269,3,65.7,1.4014,False,197.0,3
"Adams, Mason",AAA,CH,85.14645957193815,1,85.0,1.5009,False,85.0,1
"Adams, Mason",AAA,CU,93.52468466597446,8,93.6,1.5602,False,749.0,8
"Adams, Mason",AAA,FF,91.61977316908204,11,91.6,1.2088,False,1008.0,11
"Adams, Mason",AAA,SI,96.3282392729374,22,96.2,1.0363,False,2117.0,22
"Adams, Mason",AAA,ST,95.28063393010133,24,95.2,1.7178,False,2286.0,24
"Alcala, Jorge",AAA,CH,107.12927189255949,2,107.5,1.3552,False,215.0,2
"Alcala, Jorge",AAA,FC,110.3871931449134,13,110.4,1.3243,False,1435.0,13
"Alcala, Jorge",AAA,FF,110.64581124546537,10,110.8,1.087,False,1108.0,10
"Alcala, Jorge",AAA,SI,108.47453944237473,11,108.5,0.9655,False,1194.0,11
"Alexander, Scott",AAA,CH,84.57800350492344,11,84.7,0.9076,False,932.0,11
"Alexander, Scott",AAA,SI,86.98470812052112,17,87.0,0.5482,False,1479.0,17
"Alexander, Scott",AAA,SL,94.53378948437448,5,94.6,1.1551,False,473.0,5
"Allard, Kolby",AAA,CH,90.9154554851106,21,90.9,0.7348,False,1909.0,21
"Allard, Kolby",AAA,CU,72.87657669458267,6,73.0,0.9004,False,438.0,6
"Allard, Kolby",AAA,FF,84.87547919344395,26,84.8,0.5512,False,2205.0,26
"Allard, Kolby",AAA,SI,77.42757336285692,4,77.2,0.8674,False,309.0,4
"Allard, Kolby",AAA,SL,78.98341053964428,27,79.0,0.7642,False,2132.0,27
"Altermatt, Nick",AAA,CH,92.05273615380793,6,91.8,1.4909,False,551.0,6
"Altermatt, Nick",AAA,FF,85.77213015766445,21,85.7,1.0191,False,1799.0,21
"Altermatt, Nick",AAA,SL,84.95852512144971,6,85.0,1.6687,False,510.0,6
"Alvarez, Andrew",ROC,CH,89.34338441346696,31,89.3,1.0909,False,2769.0,31
"Alvarez, Andrew",ROC,CU,106.69217611105748,122,106.7,0.9836,False,13012.0,122
"Alvarez, Andrew",ROC,FF,85.88214952499216,192,85.9,0.8865,False,16488.0,192
"Alvarez, Andrew",ROC,SI,83.5521519047052,67,83.6,1.0199,False,5599.0,67
"Alvarez, Andrew",ROC,SL,92.73201147806829,166,92.7,0.8902,False,15395.0,166
"Anderson, Jack",AAA,FC,68.5957518050633,16,68.7,1.6821,False,1099.0,16
"Anderson, Jack",AAA,FF,74.70379008308107,83,74.7,1.0363,False,6199.0,83
"Anderson, Jack",AAA,FS,99.95535289454541,35,99.8,2.5018,True,3494.0,35
"Anderson, Jack",AAA,SL,94.53920932525864,29,94.6,1.2819,False,2743.0,29
"Anderson, Jack",AAA,ST,94.40141629870352,40,94.3,1.7111,False,3772.0,40
"Andrews, Tanner",AAA,FF,81.04986692148758,14,81.1,0.7891,False,1135.0,14
"Andrews, Tanner",AAA,FS,97.6153868387296,19,97.6,1.2683,False,1854.0,19
"Andrews, Tanner",AAA,SI,101.8286129938356,2,101.5,0.9631,False,203.0,2
"Andrews, Tanner",AAA,SL,94.8878515566054,25,94.9,1.0391,False,2373.0,25
"Backhus, Kyle",AAA,CH,92.01821477475897,11,91.9,1.713,False,1011.0,11
"Backhus, Kyle",AAA,SI,92.27331764062403,19,92.3,0.7517,False,1754.0,19
"Backhus, Kyle",AAA,ST,85.57008948141579,12,85.7,1.0841,False,1028.0,12
"Banks, Tanner",AAA,FF,95.0842188200157,4,95.2,0.6243,False,381.0,4
"Banks, Tanner",AAA,SI,111.88132717973683,1,112.0,0.7347,False,112.0,1
"Banks, Tanner",AAA,SL,87.60787978148079,2,87.5,0.5273,False,175.0,2
"Banks, Tanner",AAA,ST,91.06720848046177,6,91.2,0.7243,False,547.0,6
"Barbosa, Gabriel",AAA,CH,77.77552091379927,1,78.0,1.4188,False,78.0,1
"Barbosa, Gabriel",AAA,FF,76.30960544818927,4,76.2,1.1936,False,305.0,4
"Barbosa, Gabriel",AAA,SI,106.45875600294727,13,106.4,0.876,False,1383.0,13
"Barbosa, Gabriel",AAA,SL,84.05930494975071,18,84.1,1.2637,False,1513.0,18
"Barbosa, Gabriel",AAA,ST,90.50273418029293,11,90.6,1.6054,False,997.0,11
"Barlow, Scott",AAA,CU,104.08709008060949,1,104.0,1.4385,False,104.0,1
"Barlow, Scott",AAA,SI,99.9606456366686,2,100.0,1.0027,False,200.0,2
"Barlow, Scott",AAA,ST,97.49067714899762,2,97.5,1.2503,False,195.0,2
"Bastardo, Angel",AAA,CH,116.13356046545795,47,116.1,1.0694,False,5457.0,47
"Bastardo, Angel",AAA,CU,87.97263075448093,6,88.0,1.2525,False,528.0,6
"Bastardo, Angel",AAA,FC,111.08968674635993,26,111.1,1.017,False,2888.0,26
"Bastardo, Angel",AAA,FF,102.81906322642737,84,102.8,0.6236,False,8637.0,84
"Bastardo, Angel",AAA,SL,89.32229857327384,2,89.5,1.1987,False,179.0,2
"Baumann, Mike",AAA,FC,92.69442703744885,9,92.8,0.9069,False,835.0,9
"Baumann, Mike",AAA,FF,90.54185041932617,10,90.5,0.5676,False,905.0,10
"Baumann, Mike",AAA,SL,99.13434674037296,8,99.2,0.9574,False,794.0,8
"Bechtold, Andrew",AAA,FF,98.21603769747803,20,98.1,0.574,False,1962.0,20
"Bechtold, Andrew",AAA,SL,96.46001579062812,34,96.4,0.8711,False,3279.0,34
"Beck, Brendan",AAA,CU,85.89830256117412,64,85.9,1.3881,False,5499.0,64
"Beck, Brendan",AAA,FC,86.64647757138734,14,86.7,1.1694,False,1214.0,14
"Beck, Brendan",AAA,FF,90.62450437322657,156,90.6,0.7099,False,14139.0,156
"Beck, Brendan",AAA,FS,101.71653033976821,39,101.7,1.5485,False,3968.0,39
"Beck, Brendan",AAA,SI,88.923004730239,31,88.9,0.9384,False,2756.0,31
"Beck, Brendan",AAA,SL,89.34475816630706,193,89.3,1.1998,False,17241.0,193
"Beeter, Clayton",ROC,FF,99.1323410801742,69,99.1,0.5742,False,6840.0,69
"Beeter, Clayton",ROC,SL,112.471470937775,46,112.4,0.8275,False,5170.0,46
"Bello, Brayan",AAA,CH,96.47458024651468,9,96.4,0.7009,False,868.0,9
"Bello, Brayan",AAA,CU,103.68883532706874,9,103.9,1.022,False,935.0,9
"Bello, Brayan",AAA,FF,78.50635539896705,4,78.5,0.5846,False,314.0,4
"Bello, Brayan",AAA,SI,107.44817083809397,34,107.4,0.518,False,3653.0,34
"Bello, Brayan",AAA,SL,88.13005953904718,17,88.1,0.8459,False,1497.0,17
"Bello, Brayan",AAA,ST,90.91174974043321,3,91.0,0.7951,False,273.0,3
"Bennett, Jake",AAA,CH,92.64421882373229,14,92.6,1.8053,True,1297.0,14
"Bennett, Jake",AAA,CU,100.28061145358814,9,100.2,1.5819,False,902.0,9
"Bennett, Jake",AAA,FF,93.404032713127,11,93.5,1.291,False,1028.0,11
"Bennett, Jake",AAA,SI,100.18828408126117,25,100.2,1.1022,False,2504.0,25
"Bennett, Jake",AAA,SL,95.9946728560183,1,96.0,1.2553,False,96.0,1
"Bennett, Jake",AAA,ST,97.29529570702084,13,97.2,1.4568,False,1263.0,13
"Berrios, Osvaldo",AAA,CU,92.34224655310481,7,92.3,1.1336,False,646.0,7
"Berrios, Osvaldo",AAA,FF,94.50537397573896,31,94.5,0.7155,False,2930.0,31
"Berrios, Osvaldo",AAA,FS,94.57735096284036,20,94.6,1.3089,False,1892.0,20
"Berrios, Osvaldo",AAA,ST,91.70029356034009,37,91.7,1.1822,False,3393.0,37
"Bird, Jake",AAA,CU,107.35632163922348,2,107.5,1.4462,False,215.0,2
"Bird, Jake",AAA,FF,108.73437745753368,1,109.0,0.9977,False,109.0,1
"Bird, Jake",AAA,ST,113.58194864636688,8,113.8,1.6439,False,910.0,8
"Bird, Jake",ROC,CH,86.91040187589542,10,87.0,1.542,False,870.0,10
"Bird, Jake",ROC,FF,92.90067204268829,38,92.9,1.1568,False,3530.0,38
"Bird, Jake",ROC,SI,90.25933326129008,31,90.2,1.1952,False,2796.0,31
"Bird, Jake",ROC,ST,107.48631517794647,73,107.5,1.6227,False,7845.0,73
"Blalock, Bradley",AAA,CU,103.23402117164669,5,103.0,1.1132,False,515.0,5
"Blalock, Bradley",AAA,FC,97.91031435099532,10,98.0,1.1809,False,980.0,10
"Blalock, Bradley",AAA,FF,95.31748212204562,45,95.4,0.5837,False,4291.0,45
"Blalock, Bradley",AAA,FS,101.28099416715051,15,101.3,1.3591,False,1519.0,15
"Blalock, Bradley",AAA,SI,86.47305088381476,14,86.6,0.9756,False,1212.0,14
"Blalock, Bradley",AAA,SL,111.34350258370192,33,111.4,0.9519,False,3675.0,33
"Blalock, Bradley",AAA,ST,97.4511323387444,9,97.7,1.2531,False,879.0,9
"Bolden, Caleb",AAA,FF,102.89987252991754,14,102.9,1.4858,False,1441.0,14
"Bolden, Caleb",AAA,SI,101.76181175539872,23,101.7,1.2459,False,2340.0,23
"Bolden, Caleb",AAA,ST,107.132941693682,10,107.1,1.4659,False,1071.0,10
"Bosacker, Ethan",AAA,CH,83.5560850203078,3,83.7,0.9511,False,251.0,3
"Bosacker, Ethan",AAA,CU,93.47899919717409,2,93.0,1.2952,False,186.0,2
"Bosacker, Ethan",AAA,FC,79.41162759538037,2,79.5,0.9859,False,159.0,2
"Bosacker, Ethan",AAA,FF,85.82436662303124,8,85.9,0.637,False,687.0,8
"Bosacker, Ethan",AAA,FS,106.77216257807171,1,107.0,1.3083,False,107.0,1
"Bosacker, Ethan",AAA,SI,85.4281915830896,3,85.7,0.888,False,257.0,3
"Bosacker, Ethan",AAA,SL,91.14929011581711,5,91.0,1.0691,False,455.0,5
"Braun, Lucas",AAA,CH,98.06575752906785,9,98.0,1.1709,False,882.0,9
"Braun, Lucas",AAA,CU,92.7298253848497,10,92.6,1.552,False,926.0,10
"Braun, Lucas",AAA,FC,104.27709813425732,9,104.2,1.1311,False,938.0,9
"Braun, Lucas",AAA,FF,95.17250849340479,18,95.2,1.2128,False,1714.0,18
"Braun, Lucas",AAA,SI,97.88911454243029,23,98.0,0.9399,False,2253.0,23
"Braun, Lucas",AAA,SL,90.6437744900619,17,90.6,1.3256,False,1540.0,17
"Brian, Will",AAA,CU,96.06416926096237,4,96.0,1.2384,False,384.0,4
"Brian, Will",AAA,FC,91.87042387335435,3,92.0,1.2245,False,276.0,3
"Brian, Will",AAA,FF,80.3277029542155,13,80.3,0.9006,False,1044.0,13
"Brian, Will",AAA,ST,100.30590823199779,4,100.2,1.4105,False,401.0,4
"Brieske, Beau",AAA,CH,102.5399412999203,8,102.6,0.8443,False,821.0,8
"Brieske, Beau",AAA,FF,94.89370405193367,14,94.9,0.6113,False,1329.0,14
"Brieske, Beau",AAA,SI,104.19798079230436,8,104.4,0.689,False,835.0,8
"Brieske, Beau",AAA,SL,99.59770669175681,9,99.7,0.9843,False,897.0,9
"Burgos, Raymond",AAA,CH,87.61029374540439,23,87.6,1.4588,False,2014.0,23
"Burgos, Raymond",AAA,FC,92.12511013200267,41,92.2,1.5825,False,3780.0,41
"Burgos, Raymond",AAA,FF,80.40256078643627,31,80.4,1.3807,False,2493.0,31
"Burgos, Raymond",AAA,SI,82.55860610453787,81,82.5,1.1752,False,6686.0,81
"Burgos, Raymond",AAA,ST,82.31806936914532,43,82.4,1.6489,False,3542.0,43
"Cabrera, Génesis",AAA,CH,95.45872186788915,9,95.3,1.271,False,858.0,9
"Cabrera, Génesis",AAA,FC,88.61111949337305,3,88.7,1.1028,False,266.0,3
"Cabrera, Génesis",AAA,SI,88.78567400294324,26,88.8,0.8191,False,2309.0,26
"Cabrera, Génesis",AAA,ST,81.33164366212335,14,81.3,1.4146,False,1138.0,14
"Cabrera, Jean",AAA,CH,92.21519529943933,11,92.2,1.3737,False,1014.0,11
"Cabrera, Jean",AAA,SI,90.67352670591079,24,90.7,1.1713,False,2176.0,24
"Cabrera, Jean",AAA,SL,83.58942936170557,5,83.6,1.6291,False,418.0,5
"Cabrera, Jean",AAA,ST,92.79900889500583,12,92.7,1.6216,False,1112.0,12
"Cannon, Jonathan",AAA,CH,96.21225564779947,32,96.2,0.6489,False,3080.0,32
"Cannon, Jonathan",AAA,FC,110.25357144966812,28,110.3,0.5273,False,3088.0,28
"Cannon, Jonathan",AAA,FF,104.42362538845445,59,104.4,0.5167,False,6162.0,59
"Cannon, Jonathan",AAA,SI,102.91294000745624,76,102.9,0.4933,False,7824.0,76
"Cannon, Jonathan",AAA,SL,96.30085166282954,3,96.3,1.1317,False,289.0,3
"Cannon, Jonathan",AAA,ST,103.55708322069431,51,103.6,0.5801,False,5282.0,51
"Carr, Kyle",AAA,CU,86.17735568014709,1,86.0,1.2889,False,86.0,1
"Carr, Kyle",AAA,FC,76.22206364224907,6,76.3,1.0243,False,458.0,6
"Carr, Kyle",AAA,FF,81.3217418070164,18,81.2,0.8586,False,1462.0,18
"Carr, Kyle",AAA,SI,90.65826385948128,7,90.4,1.2122,False,633.0,7
"Carr, Kyle",AAA,ST,94.89794976773995,14,94.9,1.393,False,1328.0,14
"Carrillo, Alex",AAA,FF,126.20876603702978,20,126.3,0.9369,False,2526.0,20
"Carrillo, Alex",AAA,FS,111.87149840598507,12,111.8,1.338,False,1341.0,12
"Carrillo, Alex",AAA,SI,109.12184259380753,12,109.1,1.3698,False,1309.0,12
"Carrillo, Alex",AAA,SL,111.5116319384985,21,111.4,1.1743,False,2340.0,21
"Castro, Kervin",AAA,CU,100.38284021758611,1,100.0,1.3186,False,100.0,1
"Castro, Kervin",AAA,FC,107.39105891717281,26,107.4,1.2435,False,2792.0,26
"Castro, Kervin",AAA,FF,104.23374429147275,21,104.2,0.6634,False,2189.0,21
"Castro, Kervin",AAA,SI,100.35268023418139,12,100.2,1.2016,False,1203.0,12
"Castro, Kervin",AAA,ST,111.39019654944883,9,111.3,1.4072,False,1002.0,9
"Cebert, Jack",ROC,CH,83.96987817552711,11,84.1,1.073,False,925.0,11
"Cebert, Jack",ROC,CU,93.78013517021509,50,93.7,1.1437,False,4686.0,50
"Cebert, Jack",ROC,FC,94.0694589186654,58,94.1,0.9217,False,5455.0,58
"Cebert, Jack",ROC,FF,95.31773405421282,94,95.3,0.6545,False,8959.0,94
"Cebert, Jack",ROC,SI,89.49477796289962,47,89.6,0.7975,False,4209.0,47
"Cebert, Jack",ROC,ST,108.5372673654927,87,108.5,1.1594,False,9443.0,87
"Cellucci, Brendan",AAA,FF,100.62331641894794,33,100.6,0.6919,False,3320.0,33
"Cellucci, Brendan",AAA,SI,91.60583615121269,20,91.6,0.8695,False,1833.0,20
"Cellucci, Brendan",AAA,SL,90.79169276082152,23,90.7,0.968,False,2086.0,23
"Cellucci, Brendan",AAA,ST,103.34706398096566,39,103.3,1.0648,False,4029.0,39
"Champlain, Chandler",ROC,CH,107.74091564618874,286,107.8,1.3628,False,30822.0,286
"Champlain, Chandler",ROC,CU,98.28427944278353,248,98.3,1.4872,False,24377.0,248
"Champlain, Chandler",ROC,FC,96.21602977258257,457,96.2,0.9326,False,43963.0,457
"Champlain, Chandler",ROC,FF,75.60038245036785,564,75.6,0.7709,False,42643.0,564
"Champlain, Chandler",ROC,SI,87.97604934628696,145,88.0,0.9995,False,12756.0,145
"Champlain, Chandler",ROC,SL,99.38944989512642,160,99.4,1.074,False,15899.0,160
"Chivilli, Angel",AAA,CH,98.76285558894348,32,98.7,0.6128,False,3159.0,32
"Chivilli, Angel",AAA,FC,110.63029640450856,24,110.8,0.9005,False,2658.0,24
"Chivilli, Angel",AAA,FF,97.90350818487937,11,98.0,0.6942,False,1078.0,11
"Cijntje, Jurrangelo",AAA,CH,97.35284638611132,13,97.4,1.1533,False,1266.0,13
"Cijntje, Jurrangelo",AAA,FF,103.65424051217853,30,103.6,0.6555,False,3108.0,30
"Cijntje, Jurrangelo",AAA,SI,103.95326464839009,14,103.9,0.8112,False,1455.0,14
"Cijntje, Jurrangelo",AAA,SL,108.55403995407966,29,108.6,1.2775,False,3148.0,29
"Coffey, Adisyn",AAA,CH,115.82724464134755,11,115.8,1.5397,False,1274.0,11
"Coffey, Adisyn",AAA,FF,90.67968692799273,38,90.7,0.6696,False,3447.0,38
"Coffey, Adisyn",AAA,SL,108.36877091998572,38,108.4,1.1323,False,4119.0,38
"Coffey, Adisyn",AAA,ST,98.90639517845707,1,99.0,1.4641,False,99.0,1
"Coffey, Isaac",AAA,CH,101.05726881451115,12,101.1,1.9619,True,1213.0,12
"Coffey, Isaac",AAA,CU,102.29411656837894,2,102.5,1.6821,False,205.0,2
"Coffey, Isaac",AAA,FC,92.02830165852197,22,92.0,1.805,True,2024.0,22
"Coffey, Isaac",AAA,FF,104.34231662074187,18,104.3,1.2193,False,1878.0,18
"Coffey, Isaac",AAA,ST,99.30785733612412,7,99.6,2.082,True,697.0,7
"Cohen, Harrison",AAA,CH,92.19372275401922,14,92.1,1.3065,False,1290.0,14
"Cohen, Harrison",AAA,FC,97.42570484103574,51,97.4,1.3433,False,4967.0,51
"Cohen, Harrison",AAA,FF,91.65965423089793,14,91.6,0.9924,False,1283.0,14
"Coleman, Carson",AAA,CU,101.82986506552544,19,101.7,1.7746,False,1933.0,19
"Coleman, Carson",AAA,FF,106.58593716932357,48,106.6,0.8738,False,5118.0,48
"Coleman, Carson",AAA,SI,105.01570329318527,86,105.0,0.8469,False,9033.0,86
"Coleman, Dylan",AAA,FF,106.64409635345437,12,106.6,0.6677,False,1279.0,12
"Coleman, Dylan",AAA,SL,100.02002529635159,1,100.0,0.9373,False,100.0,1
"Coleman, Dylan",AAA,ST,116.97469718536581,2,117.0,0.8483,False,234.0,2
"Coleman, Javen",AAA,FF,92.42305507989575,37,92.4,0.7524,False,3418.0,37
"Coleman, Javen",AAA,FS,99.5088867062736,15,99.5,1.4557,False,1493.0,15
"Coleman, Javen",AAA,SL,89.16106903930086,18,89.2,1.0539,False,1606.0,18
"Conley, Bryce",AAA,CH,84.56320640233912,2,84.5,1.3469,False,169.0,2
"Conley, Bryce",AAA,CU,89.75462982484767,16,89.8,1.444,False,1436.0,16
"Conley, Bryce",AAA,FC,105.01737799936099,23,105.0,1.053,False,2415.0,23
"Conley, Bryce",AAA,FF,90.32230407974643,18,90.3,0.8367,False,1626.0,18
"Conley, Bryce",AAA,ST,90.24818000121786,12,90.3,1.3236,False,1084.0,12
"Cornelio, Riley",ROC,FC,91.75283599969863,35,91.7,0.9883,False,3210.0,35
"Cornelio, Riley",ROC,FF,107.84600961940102,508,107.8,0.5691,False,54779.0,508
"Cornelio, Riley",ROC,FS,95.03426443537948,82,95.1,1.1961,False,7796.0,82
"Cornelio, Riley",ROC,SL,97.2049173548874,514,97.2,1.0506,False,49965.0,514
"Cornielle, Alexander",AAA,CU,89.98833573473792,7,90.1,1.0956,False,631.0,7
"Cornielle, Alexander",AAA,FC,103.22743232293527,17,103.2,1.2723,False,1755.0,17
"Cornielle, Alexander",AAA,FF,92.77726121893012,77,92.8,0.7928,False,7145.0,77
"Cornielle, Alexander",AAA,SI,85.10396446693633,59,85.1,1.0009,False,5018.0,59
"Cornielle, Alexander",AAA,ST,100.98161216399636,64,101.0,1.262,False,6462.0,64
"Cosgrove, Tom",ROC,FF,85.36416306400604,8,85.2,1.0895,False,682.0,8
"Cosgrove, Tom",ROC,SI,62.83363971068007,3,63.0,1.33,False,189.0,3
"Cosgrove, Tom",ROC,ST,89.42412919058114,12,89.5,1.2524,False,1074.0,12
"Coulombe, Danny",AAA,CU,117.85098374080602,2,118.0,1.0033,False,236.0,2
"Coulombe, Danny",AAA,FF,83.57025293154727,1,84.0,1.0513,False,84.0,1
"Coulombe, Danny",AAA,SI,89.02155149420857,3,89.0,0.9647,False,267.0,3
"Coulombe, Danny",AAA,SL,102.29413571193942,8,102.2,0.896,False,818.0,8
"Coulombe, Danny",AAA,ST,95.76949686929211,4,95.8,1.1879,False,383.0,4
"Cranz, Robert",ROC,FF,102.72706834307375,130,102.7,0.8411,False,13352.0,130
"Cranz, Robert",ROC,FS,98.63935276208075,13,98.5,1.4229,False,1281.0,13
"Cranz, Robert",ROC,SL,101.99489129608905,84,102.0,1.1219,False,8566.0,84
"Cranz, Robert",ROC,ST,97.73402613713839,46,97.7,1.1331,False,4492.0,46
"Cruz, Yovanny",AAA,FF,122.13876377497078,27,122.1,1.1289,False,3298.0,27
"Cruz, Yovanny",AAA,FS,125.87106018904274,2,126.0,1.4988,False,252.0,2
"Cruz, Yovanny",AAA,SL,126.23245644703796,25,126.2,1.1898,False,3156.0,25
"Cruz, Yovanny",ROC,FF,100.06501597028868,34,100.1,0.9323,False,3403.0,34
"Cruz, Yovanny",ROC,FS,108.1789871299891,17,108.2,1.5114,False,1840.0,17
"Cruz, Yovanny",ROC,SI,111.07531230949584,16,111.1,1.0634,False,1777.0,16
"Cruz, Yovanny",ROC,SL,117.19452519311841,57,117.2,1.0048,False,6683.0,57
"Curry, Xzavion",AAA,CU,82.91123832677134,32,82.8,0.9604,False,2651.0,32
"Curry, Xzavion",AAA,FF,80.17910089470658,71,80.2,0.6426,False,5692.0,71
"Curry, Xzavion",AAA,FS,89.99868449983815,12,89.9,1.1787,False,1079.0,12
"Curry, Xzavion",AAA,SI,87.30518589627178,9,87.2,1.0184,False,785.0,9
"Curry, Xzavion",AAA,SL,86.76329579684379,83,86.8,0.753,False,7203.0,83
"Cusick, Ryan",AAA,CU,88.29588180178379,11,88.3,1.2261,False,971.0,11
"Cusick, Ryan",AAA,FF,98.6638540911916,65,98.6,0.7454,False,6412.0,65
"Cusick, Ryan",AAA,SI,90.412286999442,55,90.5,1.0494,False,4978.0,55
"Cusick, Ryan",AAA,SL,96.85339592222907,45,96.9,1.1307,False,4359.0,45
"Cusick, Ryan",AAA,ST,105.77469379856437,73,105.8,1.196,False,7724.0,73
"Dallas, Chad",AAA,CH,83.3836835234161,2,83.5,1.2763,False,167.0,2
"Dallas, Chad",AAA,CU,102.62224514109927,29,102.7,1.3028,False,2977.0,29
"Dallas, Chad",AAA,FC,91.01884047427208,39,91.0,1.3592,False,3550.0,39
"Dallas, Chad",AAA,FF,94.64956365408948,25,94.6,0.9233,False,2364.0,25
"Dallas, Chad",AAA,SI,94.89096153205828,11,94.8,1.0581,False,1043.0,11
"Dallas, Chad",AAA,ST,106.26253716206544,55,106.3,1.0266,False,5845.0,55
"Davidson, Tucker",AAA,CU,86.95814553514941,4,87.0,0.9671,False,348.0,4
"Davidson, Tucker",AAA,FF,83.40978516412707,132,83.4,0.6681,False,11012.0,132
"Davidson, Tucker",AAA,FS,98.26365204871658,51,98.3,1.4991,False,5011.0,51
"Davidson, Tucker",AAA,SI,84.62728044346862,33,84.6,1.0464,False,2792.0,33
"Davidson, Tucker",AAA,SL,92.43082968020552,46,92.5,0.7903,False,4254.0,46
"Davidson, Tucker",AAA,ST,86.09418846850386,36,86.2,1.3117,False,3102.0,36
"Davis, Tyler",AAA,CH,105.58303523828695,7,105.6,1.2566,False,739.0,7
"Davis, Tyler",AAA,FF,110.42584602258236,55,110.4,0.6261,False,6072.0,55
"Davis, Tyler",AAA,SL,103.96929556950305,29,104.0,0.8588,False,3015.0,29
"Davitt, Duncan",AAA,CH,111.10545424713823,2,111.0,1.9364,True,222.0,2
"Davitt, Duncan",AAA,CU,111.16078932754789,3,111.3,1.3001,False,334.0,3
"Davitt, Duncan",AAA,FF,115.28062782775633,16,115.2,0.7648,False,1843.0,16
"Davitt, Duncan",AAA,SI,108.84664240150096,15,109.0,0.9618,False,1635.0,15
"Davitt, Duncan",AAA,SL,97.1125579044322,10,97.1,1.3348,False,971.0,10
"Davitt, Duncan",AAA,ST,101.07976230705816,13,101.1,1.4091,False,1314.0,13
"De los Santos, Yerry",AAA,FF,95.93523392459045,9,96.0,1.146,False,864.0,9
"De los Santos, Yerry",AAA,FS,95.02491176876613,32,95.0,1.3239,False,3040.0,32
"De los Santos, Yerry",AAA,SI,103.35321970290606,85,103.4,0.7703,False,8789.0,85
"De los Santos, Yerry",AAA,SL,101.00263269654405,15,100.9,1.1418,False,1514.0,15
"Duarte, Daniel",AAA,CH,90.50757466160002,3,90.3,0.9163,False,271.0,3
"Duarte, Daniel",AAA,FC,105.54283354089799,11,105.6,0.9925,False,1162.0,11
"Duarte, Daniel",AAA,FF,91.20576435227507,15,91.2,0.6921,False,1368.0,15
"Duarte, Daniel",AAA,SI,96.08697973438126,12,96.1,1.0258,False,1153.0,12
"Duarte, Daniel",AAA,ST,114.76717723789947,11,114.6,1.0542,False,1261.0,11
"Dubin, Shawn",AAA,CH,111.83396529522533,19,111.9,0.6516,False,2126.0,19
"Dubin, Shawn",AAA,CU,94.45635705094703,7,94.3,0.7017,False,660.0,7
"Dubin, Shawn",AAA,FF,91.78133502456548,18,91.8,0.5507,False,1653.0,18
"Dubin, Shawn",AAA,SI,89.8608327703016,14,89.7,0.7074,False,1256.0,14
"Dubin, Shawn",AAA,ST,104.18757720371839,18,104.2,0.7791,False,1876.0,18
"Duran, Carlos",AAA,FF,102.46098030371374,10,102.5,0.9209,False,1025.0,10
"Duran, Carlos",AAA,SI,98.05160606955138,2,98.0,1.0652,False,196.0,2
"Duran, Carlos",AAA,ST,93.58741604306198,3,93.3,1.3541,False,280.0,3
"Early, Connelly",ROC,CH,101.77864014336434,11,101.9,1.2293,False,1121.0,11
"Early, Connelly",ROC,CU,94.01174423552798,9,94.1,1.1144,False,847.0,9
"Early, Connelly",ROC,FC,102.25442224464554,9,102.3,1.082,False,921.0,9
"Early, Connelly",ROC,FF,97.92342488165268,25,98.0,0.6182,False,2450.0,25
"Early, Connelly",ROC,SI,89.51229965207168,17,89.6,0.8557,False,1523.0,17
"Early, Connelly",ROC,ST,95.08071583073368,4,95.0,1.1343,False,380.0,4
"Edwards Jr., Carl",AAA,CH,64.37823978513086,1,64.0,1.374,False,64.0,1
"Edwards Jr., Carl",AAA,CU,93.87892226844083,11,93.9,0.8141,False,1033.0,11
"Edwards Jr., Carl",AAA,FC,76.51864259292604,12,76.6,1.424,False,919.0,12
"Edwards Jr., Carl",AAA,FF,100.96443241949473,21,101.0,0.4952,False,2120.0,21
"Edwards Jr., Carl",AAA,SI,93.60059461041408,2,93.5,1.2446,False,187.0,2
"Edwards Jr., Carl",AAA,SL,96.6290770087009,6,96.7,1.3876,False,580.0,6
"Effross, Scott",AAA,CH,102.2886675284154,5,102.4,1.24,False,512.0,5
"Effross, Scott",AAA,SI,106.13059688671369,25,106.2,0.7297,False,2654.0,25
"Effross, Scott",AAA,ST,83.70316559363731,12,83.6,0.8614,False,1003.0,12
"Ekness, Josh",AAA,FF,120.87613968380431,17,120.9,0.8945,False,2056.0,17
"Ekness, Josh",AAA,SI,103.22301965106317,5,103.4,1.6187,False,517.0,5
"Ekness, Josh",AAA,SL,106.56870265591789,3,106.7,1.2323,False,320.0,3
"Ekness, Josh",AAA,ST,116.75325831395104,12,116.8,1.6652,False,1401.0,12
"Erceg, Lucas",AAA,CH,97.8163735249739,8,97.8,0.9329,False,782.0,8
"Erceg, Lucas",AAA,FC,102.46533491129667,2,102.5,1.0569,False,205.0,2
"Erceg, Lucas",AAA,FF,84.74579938407085,4,84.8,0.7705,False,339.0,4
"Erceg, Lucas",AAA,SI,104.91319849368641,12,105.1,0.7377,False,1261.0,12
"Erceg, Lucas",AAA,SL,95.28633020602658,10,95.3,1.0746,False,953.0,10
"Estrada, Lazaro",AAA,CU,96.54275263990657,22,96.5,1.1731,False,2123.0,22
"Estrada, Lazaro",AAA,FC,91.01940017841105,33,91.1,1.101,False,3005.0,33
"Estrada, Lazaro",AAA,FF,94.22620385662543,58,94.3,0.7311,False,5468.0,58
"Estrada, Lazaro",AAA,FS,90.73655978919845,4,90.5,1.4938,False,362.0,4
"Estrada, Lazaro",AAA,SL,94.60618080408565,23,94.5,1.0995,False,2174.0,23
"Fellows, Drake",AAA,CH,80.62705768461,23,80.7,1.3018,False,1855.0,23
"Fellows, Drake",AAA,FF,66.12921459788835,3,66.3,1.3415,False,199.0,3
"Fellows, Drake",AAA,SI,80.55772904327215,103,80.6,1.203,False,8301.0,103
"Fellows, Drake",AAA,SL,86.42464112565831,75,86.4,1.4851,False,6480.0,75
"Fernandez, Ryan",AAA,CH,108.93153664221059,2,109.0,,False,218.0,2
"Fernandez, Ryan",AAA,FF,92.99011702840698,5,93.2,,False,466.0,5
"Fernandez, Ryan",AAA,SL,101.7665659561608,10,101.8,,False,1018.0,10
"Fernández, Julian",AAA,FF,101.14603781183078,95,101.1,0.6543,False,9606.0,95
"Fernández, Julian",AAA,FS,102.38904597262727,55,102.4,1.2845,False,5633.0,55
"File, Dylan",AAA,CH,95.10585985651441,4,95.0,1.1072,False,380.0,4
"File, Dylan",AAA,CU,91.91441090601174,13,91.8,1.2517,False,1194.0,13
"File, Dylan",AAA,FF,97.42831528625717,27,97.4,0.5685,False,2631.0,27
"File, Dylan",AAA,SI,88.3445764921451,12,88.4,0.745,False,1061.0,12
"File, Dylan",AAA,SL,91.79740828713653,18,91.8,1.0532,False,1652.0,18
"Fleming, Josh",AAA,CH,89.47070758416768,33,89.4,0.9174,False,2949.0,33
"Fleming, Josh",AAA,FC,85.45069759706428,12,85.5,0.7312,False,1026.0,12
"Fleming, Josh",AAA,SI,84.12399309863783,20,84.1,0.6043,False,1682.0,20
"Fleming, Josh",AAA,ST,88.78159754263173,13,88.6,2.2539,True,1152.0,13
"Franklin, Zach",AAA,FF,97.97306615525113,43,98.0,0.6147,False,4214.0,43
"Franklin, Zach",AAA,FS,103.32915097662824,9,103.3,1.2698,False,930.0,9
"Franklin, Zach",AAA,ST,105.04614797258351,36,105.0,1.1022,False,3781.0,36
"Fulton, Dax",AAA,CH,82.80647848371339,2,83.0,1.7445,False,166.0,2
"Fulton, Dax",AAA,FF,93.84922987537574,7,93.7,1.184,False,656.0,7
"Fulton, Dax",AAA,SL,86.84496976930255,4,87.0,1.3843,False,348.0,4
"Fulton, Dax",AAA,ST,66.52408294408254,12,66.6,1.6796,False,799.0,12
"Gallagher, Pat",AAA,CH,100.13608306469648,39,100.1,1.0249,False,3905.0,39
"Gallagher, Pat",AAA,CU,92.64740347335723,19,92.6,1.1163,False,1760.0,19
"Gallagher, Pat",AAA,FC,66.90641994711602,1,67.0,1.4797,False,67.0,1
"Gallagher, Pat",AAA,FF,92.7494502801726,43,92.7,0.7593,False,3987.0,43
"Gallagher, Pat",AAA,SI,90.58782664699756,9,90.4,0.8264,False,814.0,9
"Gallardo, Richard",AAA,CH,90.62192077239025,10,90.6,0.9161,False,906.0,10
"Gallardo, Richard",AAA,CU,84.82264193895459,21,84.9,1.0641,False,1782.0,21
"Gallardo, Richard",AAA,FC,93.21184663623539,51,93.3,0.9351,False,4756.0,51
"Gallardo, Richard",AAA,FF,88.13221521237558,42,88.2,0.6789,False,3703.0,42
"Gallardo, Richard",AAA,SI,94.91472689659803,39,94.9,0.8226,False,3703.0,39
"Gallardo, Richard",AAA,ST,80.80707773340443,43,80.8,1.2141,False,3476.0,43
"Gamboa, Alec",AAA,CU,88.15480357803919,11,88.3,1.3773,False,971.0,11
"Gamboa, Alec",AAA,FF,92.5900926582018,70,92.6,0.8239,False,6484.0,70
"Gamboa, Alec",AAA,FS,101.69977354139898,16,101.6,1.4493,False,1626.0,16
"Gamboa, Alec",AAA,SI,91.55809201939093,30,91.5,1.1046,False,2746.0,30
"Gamboa, Alec",AAA,SL,95.80234807732211,46,95.8,1.0143,False,4406.0,46
"Garcia, Saul",AAA,CH,103.78993391086374,6,103.8,1.1444,False,623.0,6
"Garcia, Saul",AAA,FC,116.36016471806124,8,116.4,1.1968,False,931.0,8
"Garcia, Saul",AAA,FF,97.67518430011056,7,97.7,0.6742,False,684.0,7
"Gardner, Sam",AAA,CU,99.46020961817348,28,99.5,1.5609,False,2785.0,28
"Gardner, Sam",AAA,FC,108.8574076767957,15,108.8,1.2539,False,1632.0,15
"Gardner, Sam",AAA,FF,89.05823289576821,78,89.0,0.8831,False,6944.0,78
"Gardner, Sam",AAA,SL,96.41608835540006,38,96.4,1.2052,False,3665.0,38
"Garrett, Braxton",AAA,CH,94.67121439852073,20,94.6,0.8875,False,1893.0,20
"Garrett, Braxton",AAA,FF,79.41696721574708,18,79.4,0.792,False,1430.0,18
"Garrett, Braxton",AAA,SI,82.90949128961336,12,82.8,0.7714,False,994.0,12
"Garrett, Braxton",AAA,SL,85.64089274922478,20,85.8,1.0149,False,1715.0,20
"Garrett, Braxton",AAA,ST,82.93157590411019,16,82.9,1.1564,False,1326.0,16
"Gates, Evan",AAA,FF,85.491502625986,17,85.5,0.8866,False,1454.0,17
"Gates, Evan",AAA,SL,101.17487934769882,11,101.2,1.4735,False,1113.0,11
"Gerber, Joey",AAA,CH,81.43151373040014,4,81.5,1.1579,False,326.0,4
"Gerber, Joey",AAA,FC,103.3247363855653,24,103.4,1.0295,False,2482.0,24
"Gerber, Joey",AAA,FF,107.80052146624593,35,107.8,0.6731,False,3773.0,35
"Gerber, Joey",AAA,SL,95.48810354786329,10,95.5,1.0464,False,955.0,10
"Gervase, Paul",AAA,FC,96.28368142119288,2,96.5,,False,193.0,2
"Gervase, Paul",AAA,FF,115.65577250666577,6,115.7,,False,694.0,6
"Gervase, Paul",AAA,SL,93.95605396014739,11,94.1,,False,1035.0,11
"Gibson, Cade",AAA,CH,81.91770216950432,7,81.9,1.5302,False,573.0,7
"Gibson, Cade",AAA,CU,76.50991994171281,10,76.5,1.6506,False,765.0,10
"Gibson, Cade",AAA,FF,72.05049492594696,5,72.2,0.9619,False,361.0,5
"Gibson, Cade",AAA,SI,78.7153534501383,4,78.8,1.3594,False,315.0,4
"Gibson, Cade",AAA,SL,80.83513474092457,6,80.8,1.2464,False,485.0,6
"Gibson, Cade",AAA,ST,54.307425031147986,2,54.0,1.6811,False,108.0,2
"Gil, Luis",AAA,CH,103.28974441314368,13,103.3,1.5166,False,1343.0,13
"Gil, Luis",AAA,FF,110.14842976446417,27,110.1,1.0328,False,2974.0,27
"Gil, Luis",AAA,SI,110.89779473117397,29,110.9,1.1451,False,3215.0,29
"Gil, Luis",AAA,SL,110.44542462848335,20,110.4,1.7701,False,2209.0,20
"Gilbert, Tyler",AAA,FC,108.50823972252942,2,108.5,0.8779,False,217.0,2
"Gilbert, Tyler",AAA,FF,116.10267186096462,1,116.0,1.1146,False,116.0,1
"Gilbert, Tyler",AAA,FS,76.05248824924588,6,76.2,0.9664,False,457.0,6
"Gilbert, Tyler",AAA,SI,90.05103258102024,13,90.0,0.9728,False,1170.0,13
"Gilbert, Tyler",AAA,ST,87.62189749961729,4,87.8,1.2514,False,351.0,4
"Gill Hill, Gary",AAA,CH,91.8172849665444,2,92.0,1.1927,False,184.0,2
"Gill Hill, Gary",AAA,FF,106.26601252012934,11,106.3,0.9031,False,1169.0,11
"Gill Hill, Gary",AAA,SI,98.93474572670466,31,98.8,0.8543,False,3064.0,31
"Gill Hill, Gary",AAA,SL,99.7008715117475,27,99.7,1.2078,False,2691.0,27
"Gill Hill, Gary",AAA,ST,100.2647821346523,14,100.3,1.2335,False,1404.0,14
"Gillispie, Connor",AAA,CH,103.1127441089917,4,103.0,1.1496,False,412.0,4
"Gillispie, Connor",AAA,FC,101.70854001306813,14,101.6,1.1119,False,1423.0,14
"Gillispie, Connor",AAA,FF,102.43288132500338,17,102.4,0.9631,False,1741.0,17
"Gillispie, Connor",AAA,SI,100.30343648663596,17,100.4,0.8506,False,1707.0,17
"Gillispie, Connor",AAA,ST,90.94360389972698,15,91.0,1.1887,False,1365.0,15
"Gipson-Long, Sawyer",AAA,CH,97.24893637858935,4,97.2,1.4057,False,389.0,4
"Gipson-Long, Sawyer",AAA,FC,101.83756500523766,9,101.8,1.4521,False,916.0,9
"Gipson-Long, Sawyer",AAA,FF,101.08843747102242,22,101.1,1.3117,False,2224.0,22
"Gipson-Long, Sawyer",AAA,SI,105.28521300785997,23,105.3,1.0395,False,2422.0,23
"Gipson-Long, Sawyer",AAA,SL,96.54725635471922,23,96.6,1.5369,False,2221.0,23
"Glassey, Joe",ROC,FC,108.61735191490172,4,108.8,1.311,False,435.0,4
"Glassey, Joe",ROC,FF,98.60779279107692,79,98.6,0.6466,False,7789.0,79
"Glassey, Joe",ROC,FS,96.31063901036137,50,96.3,1.2454,False,4815.0,50
"Glassey, Joe",ROC,SL,96.77148869019635,10,96.7,1.2175,False,967.0,10
"Glassey, Joe",ROC,ST,123.4824837626987,1,123.0,1.195,False,123.0,1
"Go, Woo-Suk",AAA,CU,93.07762730056294,9,93.1,1.1007,False,838.0,9
"Go, Woo-Suk",AAA,FC,97.05645953499123,15,97.1,1.0326,False,1456.0,15
"Go, Woo-Suk",AAA,FF,101.90662562289923,32,101.9,0.7196,False,3260.0,32
"Go, Woo-Suk",AAA,FS,96.53944342542344,1,97.0,1.4327,False,97.0,1
"Gose, Anthony",AAA,CH,93.46021905876256,11,93.4,1.7164,False,1027.0,11
"Gose, Anthony",AAA,FF,110.6919181800123,38,110.7,0.9099,False,4206.0,38
"Gose, Anthony",AAA,SL,101.5687526833412,6,101.7,1.2819,False,610.0,6
"Gott, Trevor",AAA,CH,86.30604197817266,26,86.2,0.9934,False,2242.0,26
"Gott, Trevor",AAA,CU,93.83033159191439,27,93.8,1.718,False,2533.0,27
"Gott, Trevor",AAA,FC,109.74338351719344,247,109.7,0.6032,False,27105.0,247
"Gott, Trevor",AAA,FF,102.76525171432328,109,102.8,0.6003,False,11202.0,109
"Gott, Trevor",AAA,SI,107.43225946572977,168,107.4,0.5027,False,18049.0,168
"Grable, Ben",ROC,FF,107.49973274992676,120,107.5,0.8087,False,12901.0,120
"Grable, Ben",ROC,FS,86.32152115205314,6,86.3,1.4041,False,518.0,6
"Grable, Ben",ROC,SL,94.33939936875397,51,94.4,1.0627,False,4812.0,51
"Granillo, Andre",AAA,CH,91.79285132502007,30,91.8,1.0971,False,2755.0,30
"Granillo, Andre",AAA,FC,91.04750134490835,6,91.2,1.1013,False,547.0,6
"Granillo, Andre",AAA,FF,84.84433542616351,132,84.9,0.6758,False,11204.0,132
"Granillo, Andre",AAA,SI,93.47874274175504,60,93.6,0.9643,False,5613.0,60
"Granillo, Andre",AAA,SL,86.63464809863832,318,86.6,1.0376,False,27549.0,318
"Gray, Josiah",ROC,CU,87.58995910194561,11,87.7,0.8011,False,965.0,11
"Gray, Josiah",ROC,FC,97.11558971044406,15,97.1,0.9422,False,1457.0,15
"Gray, Josiah",ROC,FF,81.4047754553638,8,81.4,0.7626,False,651.0,8
"Guerra, Daniel",AAA,CH,115.58294341687574,16,115.5,1.2281,False,1848.0,16
"Guerra, Daniel",AAA,FC,115.83923599358755,37,115.8,1.4099,False,4286.0,37
"Guerra, Daniel",AAA,FF,104.50726621216185,49,104.5,0.8929,False,5120.0,49
"Guerra, Javy",AAA,FF,102.26512473329623,35,102.3,0.6573,False,3582.0,35
"Guerra, Javy",AAA,SL,96.28451051602963,8,96.2,0.9204,False,770.0,8
"Guerra, Javy",AAA,ST,98.78852839471597,3,99.0,1.1379,False,297.0,3
"Guerrero, Tyron",AAA,FF,111.52790827407316,7,111.6,1.0392,False,781.0,7
"Guerrero, Tyron",AAA,FS,113.9479934305817,4,113.8,1.8305,True,455.0,4
"Guerrero, Tyron",AAA,SI,117.71409566117138,60,117.7,1.1066,False,7063.0,60
"Guerrero, Tyron",AAA,SL,109.99685030633862,10,110.1,1.2797,False,1101.0,10
"Guzman, Carlos",AAA,CH,111.76820499669813,2,111.5,1.3563,False,223.0,2
"Guzman, Carlos",AAA,FF,101.38773179084752,6,101.5,0.6453,False,609.0,6
"Guzman, Carlos",AAA,SI,99.85542193577022,1,100.0,0.973,False,100.0,1
"Guzman, Carlos",AAA,SL,90.35184747411202,20,90.4,0.9467,False,1808.0,20
"Gómez, Ofreidy",AAA,FF,92.6082079668326,23,92.5,0.9981,False,2127.0,23
"Gómez, Ofreidy",AAA,FS,107.03043430675956,12,107.2,1.5844,False,1286.0,12
"Gómez, Ofreidy",AAA,SI,103.11345511224746,27,103.1,0.8632,False,2784.0,27
"Gómez, Ofreidy",AAA,SL,101.86979346114201,10,101.9,1.2382,False,1019.0,10
"Hahn, Jesse",AAA,CU,107.33460826349122,1,107.0,2.9154,True,107.0,1
"Hahn, Jesse",AAA,SI,109.0590924886901,27,109.0,0.9927,False,2942.0,27
"Hahn, Jesse",AAA,ST,108.26562168011331,29,108.3,1.5869,False,3141.0,29
"Hales, Skylar",AAA,CU,96.42774672862456,1,96.0,1.3221,False,96.0,1
"Hales, Skylar",AAA,FF,107.24174933288164,12,107.3,0.8855,False,1288.0,12
"Hales, Skylar",AAA,SI,76.53557532787447,4,76.5,1.0802,False,306.0,4
"Hales, Skylar",AAA,SL,84.19277087942987,10,84.2,1.2493,False,842.0,10
"Halvorsen, Seth",AAA,FF,120.92438840071121,6,120.8,,False,725.0,6
"Halvorsen, Seth",AAA,FS,102.09703125417313,1,102.0,,False,102.0,1
"Halvorsen, Seth",AAA,SI,141.39094376875312,6,141.2,,False,847.0,6
"Halvorsen, Seth",AAA,SL,129.2073129114042,11,129.2,,False,1421.0,11
"Hamel, Dom",AAA,CH,96.03515817658437,9,95.9,0.96,False,863.0,9
"Hamel, Dom",AAA,CU,100.48125330491433,16,100.4,1.3221,False,1607.0,16
"Hamel, Dom",AAA,FC,102.50022573063703,62,102.5,0.9859,False,6357.0,62
"Hamel, Dom",AAA,FF,93.85679347003278,68,93.9,0.583,False,6385.0,68
"Hamel, Dom",AAA,FS,93.81436120293351,11,93.8,1.1521,False,1032.0,11
"Hamel, Dom",AAA,SI,90.02344106052796,39,90.0,0.7981,False,3509.0,39
"Hamel, Dom",AAA,SL,92.26343511945407,11,92.3,1.0354,False,1015.0,11
"Hamel, Dom",AAA,ST,94.79230304554176,8,94.8,1.1368,False,758.0,8
"Hammer, Dan",AAA,CH,116.02616853135203,6,116.2,1.0968,False,697.0,6
"Hammer, Dan",AAA,FC,101.5095848672713,44,101.5,0.927,False,4465.0,44
"Hammer, Dan",AAA,FF,112.72814492428058,56,112.7,0.7155,False,6312.0,56
"Hammer, Dan",AAA,ST,101.0491966886184,27,101.1,1.177,False,2729.0,27
"Hanifee, Brenan",AAA,CH,102.46995527778485,7,102.6,1.2336,False,718.0,7
"Hanifee, Brenan",AAA,FF,82.44892608094149,3,82.7,0.6478,False,248.0,3
"Hanifee, Brenan",AAA,SI,100.94982748463968,18,101.0,0.4277,False,1818.0,18
"Hanifee, Brenan",AAA,SL,99.91409840240404,8,99.9,0.6022,False,799.0,8
"Hanner, Bradley",AAA,FC,102.49859854937645,13,102.5,1.1745,False,1333.0,13
"Hanner, Bradley",AAA,FF,110.20590806084931,65,110.2,0.7739,False,7165.0,65
"Hanner, Bradley",AAA,SI,92.50708182954307,35,92.5,1.0402,False,3236.0,35
"Hanner, Bradley",AAA,ST,112.03043714125043,39,112.1,1.6956,False,4370.0,39
"Hansen, Pete",AAA,CU,77.7831251183223,2,77.5,,False,155.0,2
"Hansen, Pete",AAA,FF,85.3804760476771,6,85.5,,False,513.0,6
"Hansen, Pete",AAA,ST,79.20872683152113,6,79.3,,False,476.0,6
"Harper, Daniel",AAA,CH,100.10426171174348,4,100.0,1.2747,False,400.0,4
"Harper, Daniel",AAA,FC,115.45840676427225,2,115.5,1.1226,False,231.0,2
"Harper, Daniel",AAA,FF,98.6479625454877,8,98.5,0.7842,False,788.0,8
"Harrison, Devereaux",AAA,CU,92.13671613113917,17,92.2,1.5653,False,1567.0,17
"Harrison, Devereaux",AAA,FC,85.21172780368032,14,85.3,1.2813,False,1194.0,14
"Harrison, Devereaux",AAA,FF,94.98264063406988,65,95.0,0.854,False,6173.0,65
"Harrison, Devereaux",AAA,SL,84.69583624808038,2,84.5,1.1038,False,169.0,2
"Harrison, Devereaux",AAA,ST,104.48727143795054,66,104.5,1.4818,False,6894.0,66
"Hendry, Brian",AAA,CH,104.67933617021494,3,104.7,1.1631,False,314.0,3
"Hendry, Brian",AAA,FF,84.83912915604009,11,84.8,0.7002,False,933.0,11
"Hendry, Brian",AAA,SL,92.5868922145705,13,92.5,1.0115,False,1202.0,13
"Henry, Cole",ROC,FC,87.8579069008232,42,87.9,1.152,False,3693.0,42
"Henry, Cole",ROC,FF,101.84240011552698,158,101.8,0.5694,False,16091.0,158
"Henry, Cole",ROC,SI,97.5229009011232,44,97.6,0.8319,False,4294.0,44
"Henry, Cole",ROC,ST,91.75731546384807,154,91.7,0.9634,False,14128.0,154
"Herget, Kevin",AAA,CH,106.12190660427565,19,106.1,0.9284,False,2016.0,19
"Herget, Kevin",AAA,FC,86.87067341740129,19,86.8,1.0398,False,1650.0,19
"Herget, Kevin",AAA,FF,82.11328781382292,25,82.1,0.7461,False,2052.0,25
"Hernández, Jonathan",AAA,CH,94.47650641405339,3,94.3,1.4746,False,283.0,3
"Hernández, Jonathan",AAA,SI,106.35548441117322,29,106.4,0.7904,False,3086.0,29
"Hernández, Jonathan",AAA,SL,99.36740395172157,47,99.4,1.1532,False,4670.0,47
"Herz, DJ",ROC,CH,101.04688105935433,63,101.0,0.6317,False,6366.0,63
"Herz, DJ",ROC,FC,90.98217674303058,38,91.0,1.0874,False,3459.0,38
"Herz, DJ",ROC,FF,95.62002712745652,104,95.7,0.4356,False,9949.0,104
"Herz, DJ",ROC,SL,89.18996728856801,7,89.3,0.7326,False,625.0,7
"Hoffman, Nolan",AAA,CH,98.8806005088764,11,98.9,1.8887,True,1088.0,11
"Hoffman, Nolan",AAA,CU,123.67827448619482,10,123.7,2.021,True,1237.0,10
"Hoffman, Nolan",AAA,FC,101.45161558298678,27,101.6,1.7404,False,2742.0,27
"Hoffman, Nolan",AAA,FF,108.77779115281528,23,108.8,1.6249,False,2503.0,23
"Hoffman, Nolan",AAA,SI,107.8192941120684,66,107.9,1.2878,False,7119.0,66
"Hoffman, Nolan",AAA,ST,98.26967969696314,56,98.3,1.6794,False,5505.0,56
"Holman, Grant",AAA,FF,89.57715600931556,12,89.6,0.5214,False,1075.0,12
"Holman, Grant",AAA,FS,107.32747665503938,8,107.1,0.715,False,857.0,8
"Holman, Grant",AAA,SL,88.57800858112103,5,88.8,1.1245,False,444.0,5
"Hurt, Kyle",AAA,CH,120.99670450400754,3,121.0,,False,363.0,3
"Hurt, Kyle",AAA,FF,101.49527718047871,6,101.7,,False,610.0,6
"Hurt, Kyle",AAA,SL,113.78881903544574,3,113.7,,False,341.0,3
"Iriarte, Jairo",AAA,CH,97.1417374877797,10,97.1,1.488,False,971.0,10
"Iriarte, Jairo",AAA,FC,94.44477118086448,11,94.4,1.4375,False,1038.0,11
"Iriarte, Jairo",AAA,FF,107.14615663422923,16,107.1,0.9727,False,1714.0,16
"Iriarte, Jairo",AAA,SI,99.2732559658545,66,99.3,1.0415,False,6553.0,66
"Iriarte, Jairo",AAA,SL,98.0587905517284,5,98.2,1.5633,False,491.0,5
"Jackson, Luke",AAA,CH,135.06303631219154,1,135.0,1.5769,False,135.0,1
"Jackson, Luke",AAA,CU,92.177762431452,3,92.0,0.7392,False,276.0,3
"Jackson, Luke",AAA,FF,93.54606259493613,6,93.3,0.5268,False,560.0,6
"Jackson, Luke",AAA,SI,91.87484014754081,1,92.0,0.8891,False,92.0,1
"Jackson, Luke",AAA,SL,107.84271465248189,19,107.8,0.5856,False,2048.0,19
"Jacques, Joe",AAA,FC,87.71074602696478,7,87.9,1.6111,False,615.0,7
"Jacques, Joe",AAA,FF,94.20927412174422,6,94.3,1.37,False,566.0,6
"Jacques, Joe",AAA,SI,96.23145366992128,33,96.2,0.7837,False,3175.0,33
"Jacques, Joe",AAA,ST,91.77836186799301,19,91.8,1.7459,False,1744.0,19
"Johnson, Seth",AAA,CU,107.12429461391588,9,107.1,1.5395,False,964.0,9
"Johnson, Seth",AAA,FF,112.84697567104703,47,112.8,0.6931,False,5302.0,47
"Johnson, Seth",AAA,FS,137.43022198036292,2,137.5,1.1245,False,275.0,2
"Johnson, Seth",AAA,SI,111.58973102611951,16,111.6,0.8391,False,1786.0,16
"Johnson, Seth",AAA,SL,109.15675410049272,45,109.2,0.9603,False,4916.0,45
"Jones, Stephen",AAA,FF,101.3423339517283,4,101.2,1.0084,False,405.0,4
"Jones, Stephen",AAA,SI,106.14387491005277,6,106.2,0.7384,False,637.0,6
"Jones, Stephen",AAA,SL,99.69964445157723,9,99.7,0.998,False,897.0,9
"Jones, Stephen",AAA,ST,103.74991434916117,4,103.8,1.2358,False,415.0,4
"Juenger, Hayden",AAA,CH,97.18526564207681,5,97.2,1.186,False,486.0,5
"Juenger, Hayden",AAA,FC,103.06230998951197,23,103.1,1.1188,False,2371.0,23
"Juenger, Hayden",AAA,FF,95.42294991553192,15,95.5,0.7138,False,1432.0,15
"Juenger, Hayden",AAA,SI,89.31950996926068,4,89.5,1.1723,False,358.0,4
"Kahnle, Tommy",AAA,CH,95.9636549744224,33,95.9,0.6335,False,3166.0,33
"Kahnle, Tommy",AAA,FF,94.29288513367531,11,94.4,0.5297,False,1038.0,11
"Kahnle, Tommy",AAA,SL,101.54667813290992,3,101.3,1.581,False,304.0,3
"Kean, Chris",AAA,FC,82.72407708843427,6,82.8,1.3231,False,497.0,6
"Kean, Chris",AAA,FF,96.01733595136747,31,95.9,0.8959,False,2974.0,31
"Kean, Chris",AAA,FS,93.70803891591837,20,93.8,1.5235,False,1875.0,20
"Kean, Chris",AAA,SI,92.17491130154208,2,92.0,1.546,False,184.0,2
"Kean, Chris",AAA,SL,90.46119679718272,1,90.0,1.4076,False,90.0,1
"Kean, Chris",AAA,ST,101.39919057110644,37,101.4,1.6106,False,3753.0,37
"Keller, Brad",AAA,CU,112.7910803974188,1,113.0,1.1987,False,113.0,1
"Keller, Brad",AAA,FF,103.70060391827221,9,103.7,1.2009,False,933.0,9
"Keller, Brad",AAA,FS,110.38836773278469,1,110.0,1.5396,False,110.0,1
"Keller, Brad",AAA,SI,105.50757592864237,13,105.5,0.9634,False,1371.0,13
"Keller, Brad",AAA,ST,131.2715252987443,4,131.2,1.287,False,525.0,4
"Keller, Brian",AAA,FC,98.96868513185046,27,98.9,0.9513,False,2670.0,27
"Keller, Brian",AAA,FF,89.25520802166373,46,89.2,0.6206,False,4105.0,46
"Keller, Brian",AAA,SI,89.30581903588578,11,89.3,0.8957,False,982.0,11
"Keller, Brian",AAA,ST,107.08332887240084,21,107.0,1.0708,False,2246.0,21
"Keller, Kyle",AAA,CH,113.83329188289562,4,114.0,1.0567,False,456.0,4
"Keller, Kyle",AAA,CU,91.98866762518124,1,92.0,1.0483,False,92.0,1
"Keller, Kyle",AAA,FC,107.87795785214355,33,107.9,0.903,False,3560.0,33
"Keller, Kyle",AAA,FF,105.98614890627785,39,105.9,0.6171,False,4132.0,39
"Keller, Kyle",AAA,ST,107.81436171247037,14,107.8,1.1477,False,1509.0,14
"Kelley, Jared",AAA,FF,98.8559310725949,19,98.9,0.8257,False,1879.0,19
"Kelley, Jared",AAA,SI,105.99116893468664,17,106.2,0.9873,False,1805.0,17
"Kelley, Jared",AAA,SL,100.7585249183837,21,100.8,1.2151,False,2116.0,21
"Kelly, Zack",AAA,CH,103.80255716234352,1,104.0,1.3195,False,104.0,1
"Kelly, Zack",AAA,FC,120.57928668083332,8,120.5,1.0282,False,964.0,8
"Kelly, Zack",AAA,FF,103.44271212604443,8,103.4,0.9508,False,827.0,8
"Kelly, Zack",AAA,SI,110.25373605321516,9,110.3,1.0442,False,993.0,9
"Kelly, Zack",AAA,ST,110.52940461865683,6,110.5,0.8545,False,663.0,6
"Kempner, William",AAA,FC,80.48733216337904,1,80.0,1.6062,False,80.0,1
"Kempner, William",AAA,FF,120.14893940190449,15,120.1,1.2396,False,1801.0,15
"Kempner, William",AAA,ST,95.7262816852383,10,95.7,2.1119,True,957.0,10
"Kent, Jackson",ROC,CH,92.43580381916566,242,92.4,1.0179,False,22370.0,242
"Kent, Jackson",ROC,CU,92.24073861359525,95,92.3,1.0589,False,8765.0,95
"Kent, Jackson",ROC,FF,95.5758213451683,385,95.6,0.6443,False,36802.0,385
"Kent, Jackson",ROC,SL,90.80909414717317,280,90.8,0.9993,False,25433.0,280
"Kent, Zak",ROC,CU,96.88935767679814,143,96.9,1.0121,False,13854.0,143
"Kent, Zak",ROC,FF,96.14062997671603,312,96.1,0.9098,False,29998.0,312
"Kent, Zak",ROC,SI,89.944591346688,58,90.0,1.1317,False,5219.0,58
"Kent, Zak",ROC,SL,96.84788482938016,266,96.8,0.9524,False,25760.0,266
"King, Chuck",AAA,FF,95.17630387989557,66,95.2,0.983,False,6280.0,66
"King, Chuck",AAA,FS,94.72217559623377,58,94.7,1.6223,False,5494.0,58
"King, Chuck",AAA,SI,96.81027195295786,60,96.8,1.1376,False,5809.0,60
"King, Chuck",AAA,SL,94.40564810596041,53,94.4,1.4657,False,5003.0,53
"King, Chuck",AAA,ST,109.96071476274508,32,110.0,1.3614,False,3521.0,32
"King, Justin",AAA,CH,97.95579499463763,14,98.0,1.1242,False,1372.0,14
"King, Justin",AAA,FF,97.29755639919952,19,97.3,0.6924,False,1849.0,19
"King, Justin",AAA,SL,96.31678142096604,10,96.3,1.0384,False,963.0,10
"Klein, John",AAA,CH,108.29506333872251,22,108.2,1.1153,False,2381.0,22
"Klein, John",AAA,CU,95.0656044934599,19,95.1,1.2774,False,1806.0,19
"Klein, John",AAA,FF,92.5931119311068,72,92.6,0.739,False,6664.0,72
"Klein, John",AAA,SL,96.56522561190444,30,96.5,0.9916,False,2896.0,30
"Klein, John",AAA,ST,121.9045890382446,1,122.0,1.5833,False,122.0,1
"Kloffenstein, Adam",AAA,CH,91.09017529418273,18,91.1,1.3866,False,1639.0,18
"Kloffenstein, Adam",AAA,CU,101.93284399123273,6,101.8,1.462,False,611.0,6
"Kloffenstein, Adam",AAA,FC,98.14831571038376,3,98.3,1.2274,False,295.0,3
"Kloffenstein, Adam",AAA,FF,92.57562602563989,20,92.6,1.0858,False,1852.0,20
"Kloffenstein, Adam",AAA,SI,99.70186593498718,140,99.7,0.9168,False,13954.0,140
"Kloffenstein, Adam",AAA,ST,96.49868529386193,94,96.5,1.2948,False,9073.0,94
"Kranick, Max",ROC,CU,92.18306310919112,36,92.2,0.9008,False,3319.0,36
"Kranick, Max",ROC,FF,102.59526255377651,95,102.6,0.4975,False,9747.0,95
"Kranick, Max",ROC,SL,93.65029782150259,66,93.7,0.6514,False,6182.0,66
"Kranick, Max",ROC,ST,112.99902410648622,12,113.2,1.0823,False,1358.0,12
"Krook, Matt",ROC,CH,79.94464199642118,4,80.0,1.9889,True,320.0,4
"Krook, Matt",ROC,FC,83.78597425046608,24,83.8,1.4769,False,2012.0,24
"Krook, Matt",ROC,SI,89.332801348014,153,89.3,1.2427,False,13660.0,153
"Krook, Matt",ROC,ST,88.52139394741948,170,88.5,1.6162,False,15041.0,170
"La Sorsa, Joe",AAA,CH,81.58794810163958,2,81.5,2.4571,True,163.0,2
"La Sorsa, Joe",AAA,SI,90.4111557500667,5,90.4,0.7197,False,452.0,5
"La Sorsa, Joe",AAA,ST,88.39709107668267,9,88.4,1.4302,False,796.0,9
"Lagrange, Carlos",AAA,CH,121.09320029054001,15,121.1,1.0692,False,1816.0,15
"Lagrange, Carlos",AAA,FF,117.43472247543502,46,117.5,0.7788,False,5404.0,46
"Lagrange, Carlos",AAA,SI,107.59431454525621,15,107.7,1.0155,False,1615.0,15
"Lagrange, Carlos",AAA,SL,113.62866714934782,30,113.6,1.3777,False,3408.0,30
"Lagrange, Carlos",AAA,ST,110.24370860948001,43,110.3,1.3416,False,4741.0,43
"Lambert, Ryan",AAA,FF,113.18519556613387,43,113.2,0.8153,False,4868.0,43
"Lambert, Ryan",AAA,SL,111.07026146227525,15,111.2,1.1372,False,1668.0,15
"Lara, Andry",ROC,FF,83.81084071449922,427,83.8,0.6964,False,35796.0,427
"Lara, Andry",ROC,FS,88.60850912701167,410,88.6,1.1758,False,36332.0,410
"Lara, Andry",ROC,SI,92.22091925293782,360,92.3,0.8762,False,33216.0,360
"Lara, Andry",ROC,SL,93.09678569775129,644,93.1,1.0256,False,59964.0,644
"Larkin, Conor",AAA,CH,84.40449933394441,2,84.0,1.2013,False,168.0,2
"Larkin, Conor",AAA,FC,104.96670803923905,2,105.0,1.2577,False,210.0,2
"Larkin, Conor",AAA,FF,105.54080719403312,14,105.6,0.7675,False,1479.0,14
"Larkin, Conor",AAA,SI,99.5397906573048,6,99.7,1.0252,False,598.0,6
"Larkin, Conor",AAA,ST,103.18491020150798,17,103.1,1.5324,False,1752.0,17
"Lavender, Nate",AAA,CH,103.16294023521078,18,103.2,1.4365,False,1858.0,18
"Lavender, Nate",AAA,FC,87.28883515884571,14,87.4,1.1356,False,1224.0,14
"Lavender, Nate",AAA,FF,96.29934941941207,58,96.3,0.7501,False,5587.0,58
"Lavender, Nate",AAA,SL,82.71762371848821,19,82.6,1.0856,False,1570.0,19
"Lavender, Nate",AAA,ST,94.89474387419264,2,95.0,1.32,False,190.0,2
"Lawrence, Justin",ROC,FF,116.32244560850104,24,116.3,1.2875,False,2791.0,24
"Lawrence, Justin",ROC,SI,101.23791149258807,186,101.3,0.5899,False,18835.0,186
"Lawrence, Justin",ROC,ST,99.00352167627914,191,99.0,0.7676,False,18911.0,191
"Lazar, Max",AAA,CU,98.57406627145762,21,98.5,0.9008,False,2069.0,21
"Lazar, Max",AAA,FF,91.84925325535986,63,91.9,0.6556,False,5789.0,63
"Lazar, Max",AAA,FS,110.60088043623617,13,110.7,1.2353,False,1439.0,13
"Lazar, Max",AAA,SL,91.2075712072097,39,91.2,0.8705,False,3555.0,39
"Lee, Chase",AAA,CH,92.61353016744387,7,92.7,1.0348,False,649.0,7
"Lee, Chase",AAA,FF,95.75578043138086,22,95.8,1.7381,False,2107.0,22
"Lee, Chase",AAA,SI,95.20884907517761,43,95.2,0.6336,False,4094.0,43
"Lee, Chase",AAA,ST,98.4459308932578,52,98.5,0.8864,False,5123.0,52
"Little, Brendon",AAA,CU,115.7471644157755,12,115.8,1.3944,False,1390.0,12
"Little, Brendon",AAA,FF,96.83371909038806,10,96.7,0.9444,False,967.0,10
"Little, Brendon",AAA,SI,93.91100797973502,10,93.8,1.2977,False,938.0,10
"Little, Brendon",AAA,SL,109.59365979262721,12,109.8,1.1071,False,1318.0,12
"Little, Jack",AAA,FF,100.61605586811426,25,100.6,0.7471,False,2515.0,25
"Little, Jack",AAA,FS,82.39609425446707,8,82.5,1.4562,False,660.0,8
"Little, Jack",AAA,SL,91.00666515976334,10,91.0,1.0459,False,910.0,10
"Little, Luke",AAA,FF,111.07968711359977,22,111.0,1.0714,False,2441.0,22
"Little, Luke",AAA,SI,90.88229048652278,12,90.9,1.3989,False,1091.0,12
"Little, Luke",AAA,ST,90.45409240873484,35,90.5,1.1995,False,3167.0,35
"Lord, Brad",ROC,CH,86.5235460319796,1,87.0,1.5726,False,87.0,1
"Lord, Brad",ROC,FF,105.95670766909927,4,105.8,1.0305,False,423.0,4
"Lord, Brad",ROC,SI,104.77976164138799,5,104.8,1.0953,False,524.0,5
"Lord, Brad",ROC,SL,120.20173542671476,1,120.0,1.0903,False,120.0,1
"Lord, Brad",ROC,ST,107.13848370507506,1,107.0,1.7786,False,107.0,1
"Love, Austin",AAA,CH,79.6063650817913,1,80.0,1.1784,False,80.0,1
"Love, Austin",AAA,FC,109.04499433130762,11,109.0,1.0618,False,1199.0,11
"Love, Austin",AAA,FF,104.00973692105705,9,104.1,0.6079,False,937.0,9
"Love, Austin",AAA,SI,122.25637445074334,7,122.0,0.7909,False,854.0,7
"Love, Austin",AAA,ST,108.95531097502703,5,109.0,1.2489,False,545.0,5
"Lovelady, Richard",ROC,FF,85.13041586990379,7,84.9,0.7964,False,594.0,7
"Lovelady, Richard",ROC,SI,88.31841998792912,4,88.2,1.0698,False,353.0,4
"Lovelady, Richard",ROC,ST,89.42187223571737,22,89.4,1.5645,False,1966.0,22
"Lyon, Isaac",ROC,CH,94.35063058272243,76,94.4,1.6925,False,7173.0,76
"Lyon, Isaac",ROC,FC,104.06839242540079,107,104.1,1.3512,False,11135.0,107
"Lyon, Isaac",ROC,SI,96.94748527320534,61,97.0,1.0796,False,5916.0,61
"Lyon, Isaac",ROC,ST,92.58963928869449,73,92.6,1.8082,True,6763.0,73
"MacGregor, Travis",AAA,FC,117.85016928969539,7,117.7,1.5164,False,824.0,7
"MacGregor, Travis",AAA,FF,112.13945778539647,11,112.1,1.0124,False,1233.0,11
"MacGregor, Travis",AAA,SI,107.53465919203386,4,107.5,1.2957,False,430.0,4
"MacGregor, Travis",AAA,ST,111.77208181862808,4,111.5,1.579,False,446.0,4
"Macko, Adam",AAA,CH,102.92761728059983,5,102.8,1.1805,False,514.0,5
"Macko, Adam",AAA,CU,98.75777830210528,3,99.0,1.3099,False,297.0,3
"Macko, Adam",AAA,FF,89.37840674177733,30,89.3,0.637,False,2680.0,30
"Macko, Adam",AAA,SL,93.30059715540314,20,93.2,1.0707,False,1864.0,20
"Madden, Ty",AAA,CU,88.08498473543781,2,88.5,1.3264,False,177.0,2
"Madden, Ty",AAA,FC,108.69006473326644,4,108.5,1.124,False,434.0,4
"Madden, Ty",AAA,FF,95.30181576394213,18,95.3,0.7616,False,1715.0,18
"Madden, Ty",AAA,FS,87.8416354770431,4,87.8,0.9807,False,351.0,4
"Madden, Ty",AAA,SI,77.63594047702792,9,77.6,1.0393,False,698.0,9
"Madden, Ty",AAA,SL,90.52901349583844,15,90.5,1.1553,False,1358.0,15
"Mantiply, Joe",AAA,CH,94.85264041305692,18,94.9,0.76,False,1709.0,18
"Mantiply, Joe",AAA,SI,96.6579471865321,21,96.6,0.5086,False,2029.0,21
"Mantiply, Joe",AAA,SL,87.45040051922686,15,87.5,0.7286,False,1313.0,15
"Marozas, Austin",AAA,CH,92.21841626647412,8,92.4,1.2118,False,739.0,8
"Marozas, Austin",AAA,FF,83.57613696789515,8,83.5,1.2642,False,668.0,8
"Marozas, Austin",AAA,SI,92.68930270837494,19,92.7,0.964,False,1761.0,19
"Marozas, Austin",AAA,ST,83.28141087281158,22,83.3,1.3666,False,1833.0,22
"Martinez, Seth",AAA,CH,99.25772512652303,14,99.3,1.2151,False,1390.0,14
"Martinez, Seth",AAA,FC,88.03673136267156,25,88.0,1.3152,False,2199.0,25
"Martinez, Seth",AAA,FF,102.20518079130575,72,102.2,0.6986,False,7358.0,72
"Martinez, Seth",AAA,SI,104.00118122438676,70,104.0,0.739,False,7277.0,70
"Martinez, Seth",AAA,ST,106.45268343834124,60,106.5,0.7997,False,6390.0,60
"Mattison, Tyler",AAA,CH,108.47384276575008,4,108.5,1.6688,False,434.0,4
"Mattison, Tyler",AAA,CU,84.9472836468538,16,84.9,1.7849,False,1358.0,16
"Mattison, Tyler",AAA,FF,98.28167967142552,33,98.2,1.2698,False,3240.0,33
"Mattison, Tyler",AAA,SL,96.54308806628437,5,96.4,1.577,False,482.0,5
"McCambley, Zach",AAA,FC,77.61197508341068,3,77.7,1.3264,False,233.0,3
"McCambley, Zach",AAA,FF,98.86670282558693,4,98.8,0.9687,False,395.0,4
"McCambley, Zach",AAA,SI,86.7226742520906,1,87.0,1.6044,False,87.0,1
"McCambley, Zach",AAA,SL,111.95483100878846,5,112.0,1.3641,False,560.0,5
"McCambley, Zach",AAA,ST,86.02857132477003,8,85.9,1.4488,False,687.0,8
"McDermott, Chayce",AAA,FC,108.15490040253668,14,108.2,0.9054,False,1515.0,14
"McDermott, Chayce",AAA,FF,109.1528156646282,16,109.2,0.6796,False,1747.0,16
"McDermott, Chayce",AAA,FS,99.4978792586883,2,99.5,1.2364,False,199.0,2
"McDermott, Chayce",AAA,SL,98.0764818049066,14,98.0,1.106,False,1372.0,14
"McDougal, Tanner",AAA,CU,127.99918501371329,1,128.0,1.4352,False,128.0,1
"McDougal, Tanner",AAA,FF,95.1346766157298,15,95.1,0.9616,False,1426.0,15
"McDougal, Tanner",AAA,SL,115.95639536346299,9,116.0,1.4043,False,1044.0,9
"McGarry, Griff",AAA,FF,114.00811003293204,18,114.0,0.9273,False,2052.0,18
"McGarry, Griff",AAA,SL,102.25932230071282,4,102.2,1.2733,False,409.0,4
"McGarry, Griff",AAA,ST,101.59233683558043,20,101.6,1.2435,False,2032.0,20
"McGee, Easton",AAA,CH,87.03669931956391,1,87.0,1.2203,False,87.0,1
"McGee, Easton",AAA,CU,94.8764615436152,6,95.0,1.0587,False,570.0,6
"McGee, Easton",AAA,FC,85.11159317643138,7,85.0,1.1051,False,595.0,7
"McGee, Easton",AAA,FF,96.20834030215377,13,96.2,0.7075,False,1251.0,13
"McGee, Easton",AAA,SI,80.45903450149385,20,80.5,0.736,False,1610.0,20
"McGee, Easton",AAA,ST,88.66243519100064,19,88.6,1.243,False,1684.0,19
"McMillon, John",AAA,FF,106.43912126827335,6,106.5,0.6912,False,639.0,6
"McMillon, John",AAA,SL,104.62300227887319,8,104.8,0.8914,False,838.0,8
"McWilliams, Sam",AAA,FC,122.01381631444205,21,122.0,0.9626,False,2561.0,21
"McWilliams, Sam",AAA,FF,109.84442706335263,15,109.8,0.7209,False,1647.0,15
"McWilliams, Sam",AAA,SI,114.11968867291715,12,114.2,1.0084,False,1370.0,12
"McWilliams, Sam",AAA,SL,116.15846083125031,13,116.0,0.9843,False,1508.0,13
"Mejia, Erick",ROC,CH,98.35001050176622,28,98.3,1.1916,False,2753.0,28
"Mejia, Erick",ROC,FF,109.62473107330004,79,109.6,0.9032,False,8661.0,79
"Mejia, Erick",ROC,SL,108.1841580499644,39,108.2,1.2316,False,4221.0,39
"Mercado, Michael",AAA,CU,99.3588480226175,4,99.2,0.9688,False,397.0,4
"Mercado, Michael",AAA,FC,106.91772469297305,76,106.9,0.853,False,8126.0,76
"Mercado, Michael",AAA,FF,100.7550616271019,50,100.8,0.5411,False,5039.0,50
"Mercado, Michael",AAA,FS,97.78509433332091,10,97.8,0.9597,False,978.0,10
"Mercado, Michael",AAA,SI,87.57123102179197,12,87.6,0.8211,False,1051.0,12
"Merda, Hayden",AAA,FF,98.09509448829932,11,98.1,0.6531,False,1079.0,11
"Merda, Hayden",AAA,SL,101.66787999442978,22,101.6,1.1254,False,2235.0,22
"Messinger, Zach",AAA,CH,107.07976630578783,15,106.9,1.1574,False,1604.0,15
"Messinger, Zach",AAA,FC,106.94454890378,54,107.0,1.0876,False,5777.0,54
"Messinger, Zach",AAA,FF,93.5278625731769,24,93.6,0.8077,False,2246.0,24
"Messinger, Zach",AAA,SI,104.697383776852,57,104.7,0.7863,False,5970.0,57
"Messinger, Zach",AAA,ST,98.63998406232156,31,98.7,1.2661,False,3059.0,31
"Metoyer, Brian",AAA,FF,115.00627658256394,16,115.0,1.3588,False,1840.0,16
"Metoyer, Brian",AAA,SI,98.23720106817194,2,98.5,1.4583,False,197.0,2
"Metoyer, Brian",AAA,SL,103.58080306681308,16,103.6,1.9217,True,1658.0,16
"Metoyer, Brian",AAA,ST,100.12757784077228,8,100.1,1.834,True,801.0,8
"Milbrandt, Karson",AAA,CU,95.36903967615474,7,95.4,1.1738,False,668.0,7
"Milbrandt, Karson",AAA,FC,89.9194725787317,19,89.9,0.9545,False,1709.0,19
"Milbrandt, Karson",AAA,FF,94.48857478491414,33,94.5,0.6917,False,3120.0,33
"Milbrandt, Karson",AAA,ST,91.49810902849033,12,91.4,1.1432,False,1097.0,12
"Molina, Mason",AAA,CH,111.80394148471007,18,111.8,1.4688,False,2013.0,18
"Molina, Mason",AAA,CU,94.78488075049047,6,94.7,1.2158,False,568.0,6
"Molina, Mason",AAA,FF,102.41035400178855,30,102.4,0.6719,False,3071.0,30
"Molina, Mason",AAA,SI,82.09668297579927,4,82.0,1.1435,False,328.0,4
"Molina, Mason",AAA,SL,93.2015392741469,12,93.2,0.9634,False,1118.0,12
"Molina, Mason",AAA,ST,104.78883312856017,7,104.9,1.1964,False,734.0,7
"Montero, Rafael",AAA,FF,98.39020691591183,27,98.4,0.5313,False,2657.0,27
"Montero, Rafael",AAA,FS,98.50837840078702,33,98.5,0.605,False,3249.0,33
"Montero, Rafael",AAA,SI,105.43288840840597,18,105.3,0.6476,False,1896.0,18
"Montero, Rafael",AAA,SL,93.29414679869578,10,93.3,0.928,False,933.0,10
"Montes de Oca, Bryce",AAA,FC,101.93410253718514,18,102.1,1.2542,False,1837.0,18
"Montes de Oca, Bryce",AAA,FF,84.62910867667102,1,85.0,1.1101,False,85.0,1
"Montes de Oca, Bryce",AAA,SI,88.70985801941968,11,88.6,1.5535,False,975.0,11
"Montes de Oca, Bryce",AAA,SL,91.44790710634784,21,91.4,1.646,False,1919.0,21
"Monteverde, Patrick",AAA,CH,91.53730701476695,7,91.6,1.554,False,641.0,7
"Monteverde, Patrick",AAA,FC,93.69487480663975,3,93.7,0.9222,False,281.0,3
"Monteverde, Patrick",AAA,FF,77.71869530246342,4,77.8,0.7231,False,311.0,4
"Monteverde, Patrick",AAA,ST,75.3157804370717,6,75.5,1.0698,False,453.0,6
"Moore, Matt",AAA,CH,110.03082880872225,5,110.2,0.5468,False,551.0,5
"Moore, Matt",AAA,CU,87.56230371750054,13,87.5,0.8592,False,1137.0,13
"Moore, Matt",AAA,FF,93.39771076613087,22,93.4,0.4328,False,2054.0,22
"Morgan, Eli",AAA,CH,90.33695277776411,23,90.4,0.9682,False,2079.0,23
"Morgan, Eli",AAA,FF,93.75069603793419,7,93.6,0.7078,False,655.0,7
"Morgan, Eli",AAA,SI,76.75198629575507,2,77.0,1.0602,False,154.0,2
"Morgan, Eli",AAA,SL,107.69829669129247,6,107.5,1.07,False,645.0,6
"Mullins, Hayden",AAA,CH,83.70282800153893,2,83.5,1.1983,False,167.0,2
"Mullins, Hayden",AAA,FC,91.77962640640906,4,91.8,1.0446,False,367.0,4
"Mullins, Hayden",AAA,FF,89.03218370369903,32,89.0,0.7723,False,2848.0,32
"Mullins, Hayden",AAA,SL,81.26918230214297,27,81.3,1.1157,False,2196.0,27
"Mullins, Hayden",AAA,ST,86.99984295343855,6,87.0,1.3101,False,522.0,6
"Murphy, Shane",AAA,CH,78.19329124410321,23,78.2,1.0985,False,1799.0,23
"Murphy, Shane",AAA,CU,88.27229673639155,4,88.5,1.2792,False,354.0,4
"Murphy, Shane",AAA,FC,92.32487704475618,17,92.4,1.0337,False,1571.0,17
"Murphy, Shane",AAA,FF,87.94816334277266,24,88.0,0.7143,False,2112.0,24
"Murphy, Shane",AAA,SI,73.08637487808487,18,73.2,1.0095,False,1318.0,18
"Murphy, Shane",AAA,ST,89.95086135062495,10,90.0,1.4423,False,900.0,10
"Myers, Tobias",AAA,CU,94.38346814816683,2,94.5,1.1163,False,189.0,2
"Myers, Tobias",AAA,FC,67.85213061138606,13,67.9,0.7527,False,883.0,13
"Myers, Tobias",AAA,FF,92.44848198516804,72,92.4,0.4699,False,6655.0,72
"Myers, Tobias",AAA,FS,103.83682600919826,25,103.8,1.105,False,2595.0,25
"Myers, Tobias",AAA,SL,82.46486125410026,13,82.5,0.7349,False,1073.0,13
"Neunborn, Mitch",AAA,FF,85.25813918136434,21,85.3,0.709,False,1791.0,21
"Neunborn, Mitch",AAA,FS,80.15120920056344,2,80.0,1.7268,False,160.0,2
"Neunborn, Mitch",AAA,SL,86.85196054475526,5,86.8,1.0934,False,434.0,5
"Nicolas, Kyle",ROC,CU,118.90459671129149,133,118.9,1.0029,False,15810.0,133
"Nicolas, Kyle",ROC,FF,110.48770431738241,270,110.5,0.5681,False,29836.0,270
"Nicolas, Kyle",ROC,SI,124.86278751256162,9,124.9,0.8976,False,1124.0,9
"Nicolas, Kyle",ROC,SL,120.19548019717662,198,120.2,0.7585,False,23795.0,198
"Nicolas, Kyle",ROC,ST,126.65329447552978,19,126.7,1.6375,False,2408.0,19
"Núñez, Dedniel",AAA,FF,108.26291835709557,11,108.3,0.6109,False,1191.0,11
"Núñez, Dedniel",AAA,SI,87.92491061156196,1,88.0,1.0462,False,88.0,1
"Núñez, Dedniel",AAA,SL,102.77749422743982,12,102.8,0.8545,False,1233.0,12
"Ogasawara, Shinnosuke",AAA,CH,97.83508981550378,51,97.9,0.9546,False,4991.0,51
"Ogasawara, Shinnosuke",AAA,CU,98.27963150459729,37,98.4,1.0032,False,3639.0,37
"Ogasawara, Shinnosuke",AAA,FC,84.36268845907978,34,84.4,1.0577,False,2871.0,34
"Ogasawara, Shinnosuke",AAA,FF,87.03392505554194,72,87.0,0.7131,False,6265.0,72
"Ogasawara, Shinnosuke",AAA,SI,81.82247732675768,4,81.8,1.1426,False,327.0,4
"Ogasawara, Shinnosuke",AAA,SL,83.62776385840264,16,83.6,0.9527,False,1338.0,16
"Olds, Wyatt",AAA,CH,108.59601362312493,3,108.7,1.3125,False,326.0,3
"Olds, Wyatt",AAA,CU,125.29465650231278,46,125.3,1.3749,False,5762.0,46
"Olds, Wyatt",AAA,FC,118.38525203611984,29,118.4,1.1139,False,3434.0,29
"Olds, Wyatt",AAA,FF,112.6192077171528,82,112.6,0.6123,False,9235.0,82
"Painter, Andrew",AAA,CU,91.04583156861122,2,91.0,1.4301,False,182.0,2
"Painter, Andrew",AAA,FF,109.00923754008404,37,109.0,0.7671,False,4033.0,37
"Painter, Andrew",AAA,FS,93.53851604290352,5,93.8,1.3857,False,469.0,5
"Painter, Andrew",AAA,SI,102.31253585089371,9,102.2,0.9001,False,920.0,9
"Painter, Andrew",AAA,SL,106.65337836539732,6,106.8,1.1353,False,641.0,6
"Painter, Andrew",AAA,ST,102.42443795771342,10,102.4,1.2429,False,1024.0,10
"Pallette, Peyton",AAA,CH,87.17655050628693,1,87.0,1.3869,False,87.0,1
"Pallette, Peyton",AAA,CU,105.3267257883875,20,105.3,1.4826,False,2106.0,20
"Pallette, Peyton",AAA,FF,104.20646227381432,56,104.2,0.8692,False,5835.0,56
"Pallette, Peyton",AAA,SL,103.56716204345962,16,103.6,1.1729,False,1658.0,16
"Palmquist, Carson",ROC,CH,81.97282718067633,1,82.0,1.8803,True,82.0,1
"Palmquist, Carson",ROC,FC,104.4576195780687,52,104.5,1.8047,True,5432.0,52
"Palmquist, Carson",ROC,FF,104.6405058084881,61,104.7,1.441,False,6386.0,61
"Palmquist, Carson",ROC,SI,98.15012919049265,79,98.2,1.3656,False,7756.0,79
"Palmquist, Carson",ROC,ST,95.53281465818026,67,95.5,1.8444,True,6400.0,67
"Parker, Mitchell",ROC,CU,94.17998801849443,26,94.2,1.3053,False,2450.0,26
"Parker, Mitchell",ROC,FF,85.51458667632457,104,85.5,0.5037,False,8891.0,104
"Parker, Mitchell",ROC,FS,94.05673121145077,13,94.1,0.9904,False,1223.0,13
"Parker, Mitchell",ROC,SL,89.79304335879391,87,89.8,0.8427,False,7813.0,87
"Patteson, Hunter",AAA,CH,78.68650224360144,23,78.7,1.3192,False,1809.0,23
"Patteson, Hunter",AAA,FC,88.35825656591918,11,88.4,1.3712,False,972.0,11
"Patteson, Hunter",AAA,FF,83.27063115024862,36,83.2,0.9317,False,2997.0,36
"Patteson, Hunter",AAA,SL,88.7256477152404,10,88.7,1.4967,False,887.0,10
"Peek, Zach",AAA,CH,111.36919621557419,2,111.5,1.1794,False,223.0,2
"Peek, Zach",AAA,CU,93.1603248356435,12,93.0,1.7297,False,1116.0,12
"Peek, Zach",AAA,FF,98.93747970103752,36,98.9,0.6903,False,3561.0,36
"Peek, Zach",AAA,SI,94.53296856014828,2,94.5,0.8871,False,189.0,2
"Peek, Zach",AAA,SL,101.41099130043969,36,101.3,1.1724,False,3648.0,36
"Penrod, Zach",AAA,CH,87.97964045250335,138,88.0,1.0433,False,12141.0,138
"Penrod, Zach",AAA,FC,96.37417706452483,299,96.4,0.993,False,28810.0,299
"Penrod, Zach",AAA,FF,101.13468101409028,332,101.1,0.6439,False,33567.0,332
"Peoples, Ben",AAA,CH,91.25054195048372,1,91.0,1.3972,False,91.0,1
"Peoples, Ben",AAA,FF,102.35766486555349,25,102.4,0.8776,False,2559.0,25
"Peoples, Ben",AAA,SL,101.75572638791506,12,101.8,1.0873,False,1221.0,12
"Perales, Luis",ROC,FC,104.89106803053963,415,104.9,1.1946,False,43533.0,415
"Perales, Luis",ROC,FF,106.54540754146599,558,106.6,0.7703,False,59456.0,558
"Perales, Luis",ROC,FS,113.31767328201698,442,113.3,1.2142,False,50088.0,442
"Perales, Luis",ROC,SL,108.62055599545948,211,108.6,1.1566,False,22922.0,211
"Philip, Beau",AAA,CH,105.01791360914913,1,105.0,1.1902,False,105.0,1
"Philip, Beau",AAA,FC,112.24308455904094,3,112.3,1.363,False,337.0,3
"Philip, Beau",AAA,FF,104.16049083128803,5,104.2,0.8763,False,521.0,5
"Philip, Beau",AAA,SI,102.67582738777912,2,102.5,1.2921,False,205.0,2
"Pilkington, Konnor",AAA,CH,89.81777426564427,50,89.8,1.0894,False,4491.0,50
"Pilkington, Konnor",AAA,FF,97.4369966440967,66,97.4,0.746,False,6430.0,66
"Pilkington, Konnor",AAA,SI,84.07959139754362,46,84.1,1.1354,False,3870.0,46
"Pilkington, Konnor",AAA,SL,95.38771446012514,24,95.3,0.8657,False,2288.0,24
"Pintaro, Jonathan",AAA,CH,113.39602517424254,8,113.2,1.2796,False,906.0,8
"Pintaro, Jonathan",AAA,FC,134.78837007492507,40,134.8,1.6245,False,5392.0,40
"Pintaro, Jonathan",AAA,FF,145.35829988246473,16,145.4,1.4203,False,2326.0,16
"Pintaro, Jonathan",AAA,SI,113.69755753003002,20,113.6,1.0166,False,2273.0,20
"Pintaro, Jonathan",AAA,ST,93.9549334113817,7,93.9,1.6014,False,657.0,7
"Plassmeyer, Michael",AAA,CH,93.82049454199046,10,93.8,1.5198,False,938.0,10
"Plassmeyer, Michael",AAA,FC,98.12629900309827,11,98.3,1.5742,False,1081.0,11
"Plassmeyer, Michael",AAA,FF,90.02402224240323,4,90.2,1.0853,False,361.0,4
"Plassmeyer, Michael",AAA,SI,77.37971674984925,2,77.5,1.2974,False,155.0,2
"Plassmeyer, Michael",AAA,ST,86.37064528004605,15,86.4,1.7026,False,1296.0,15
"Plymell, Chase",AAA,FF,78.46272996706905,4,78.2,0.9566,False,313.0,4
"Plymell, Chase",AAA,SI,92.0303972863134,5,92.0,0.8599,False,460.0,5
"Plymell, Chase",AAA,SL,86.87436889463159,15,86.8,1.1541,False,1302.0,15
"Pop, Zach",AAA,FC,108.30117634431053,5,108.4,1.0724,False,542.0,5
"Pop, Zach",AAA,FF,88.38617053860754,12,88.4,0.8134,False,1061.0,12
"Pop, Zach",AAA,SI,111.44143622619615,35,111.5,0.5792,False,3901.0,35
"Pop, Zach",AAA,SL,109.32010119619993,7,109.6,1.1199,False,767.0,7
"Poulin, PJ",ROC,CH,85.59846707353849,17,85.6,1.3227,False,1455.0,17
"Poulin, PJ",ROC,FF,91.328518103972,21,91.3,1.0895,False,1918.0,21
"Poulin, PJ",ROC,SI,90.80605052263904,35,90.8,1.1365,False,3178.0,35
"Poulin, PJ",ROC,ST,84.37718788557486,27,84.4,1.6429,False,2278.0,27
"Powell, Holden",ROC,CH,103.51371798254608,3,103.7,1.3968,False,311.0,3
"Powell, Holden",ROC,FC,104.19665820524813,38,104.1,1.2451,False,3957.0,38
"Powell, Holden",ROC,FF,86.42223020265712,30,86.5,0.8571,False,2595.0,30
"Powell, Holden",ROC,SI,109.75710488994878,24,109.8,1.0102,False,2636.0,24
"Powell, Holden",ROC,SL,99.79837587634474,47,99.8,1.2055,False,4690.0,47
"Pushard, Matt",AAA,CH,107.52928944207082,1,108.0,1.1472,False,108.0,1
"Pushard, Matt",AAA,FF,92.88411654928885,8,92.8,0.7721,False,742.0,8
"Pushard, Matt",AAA,FS,98.05225369961066,2,98.0,1.2807,False,196.0,2
"Pushard, Matt",AAA,SL,93.5344679106188,10,93.6,0.9306,False,936.0,10
"Pushard, Matt",AAA,ST,84.14871928107063,7,84.0,1.1717,False,588.0,7
"Pérez, Cionel",AAA,CU,94.10635929169574,3,94.0,1.1312,False,282.0,3
"Pérez, Cionel",AAA,FF,89.25239691372413,19,89.3,0.7834,False,1697.0,19
"Pérez, Cionel",AAA,SI,102.18028580576106,6,102.2,0.8549,False,613.0,6
"Pérez, Cionel",AAA,ST,90.65806131531873,13,90.6,1.0749,False,1178.0,13
"Rainey, Tanner",AAA,CU,105.39455617382139,7,105.1,0.9126,False,736.0,7
"Rainey, Tanner",AAA,FF,109.63120289726427,31,109.6,0.5301,False,3398.0,31
"Rainey, Tanner",AAA,FS,92.91485239634763,1,93.0,1.3152,False,93.0,1
"Rainey, Tanner",AAA,SL,109.80001923658278,14,109.9,0.7124,False,1539.0,14
"Ralston, Jack",AAA,FF,91.28893142968178,21,91.3,1.0875,False,1918.0,21
"Ralston, Jack",AAA,FS,95.84540635140868,27,95.9,2.3361,True,2588.0,27
"Ralston, Jack",AAA,SL,115.39916030925008,17,115.4,1.4638,False,1962.0,17
"Ramsey, Ryan",AAA,CH,97.16919233587905,25,97.2,1.6154,False,2429.0,25
"Ramsey, Ryan",AAA,CU,96.2450019531591,7,96.4,1.8732,True,675.0,7
"Ramsey, Ryan",AAA,FC,93.26613895773211,22,93.4,1.7191,False,2054.0,22
"Ramsey, Ryan",AAA,FF,79.78271865694562,24,79.8,1.4702,False,1915.0,24
"Ramsey, Ryan",AAA,SL,85.88661733881806,12,86.0,1.4921,False,1032.0,12
"Rangel, Alan",AAA,CH,109.83256548497421,59,109.8,0.9116,False,6476.0,59
"Rangel, Alan",AAA,CU,97.72671880655152,30,97.7,1.652,False,2931.0,30
"Rangel, Alan",AAA,FF,91.62335764677098,100,91.6,0.8269,False,9162.0,100
"Rangel, Alan",AAA,SL,99.86793143531462,40,99.9,0.8956,False,3995.0,40
"Reyzelman, Eric",AAA,FF,107.23492767489489,58,107.2,0.7818,False,6216.0,58
"Reyzelman, Eric",AAA,ST,106.26904715019666,31,106.2,1.6819,False,3293.0,31
"Ribalta, Orlando",ROC,CH,97.61044313018766,27,97.5,0.7695,False,2633.0,27
"Ribalta, Orlando",ROC,FF,101.79198207263823,42,101.7,0.5467,False,4273.0,42
"Ribalta, Orlando",ROC,SI,95.55319575423255,21,95.6,0.7356,False,2008.0,21
"Ribalta, Orlando",ROC,SL,98.46957211464812,39,98.5,0.8266,False,3843.0,39
"Richards, Trevor",AAA,CH,114.9766437430261,12,114.9,0.7265,False,1379.0,12
"Richards, Trevor",AAA,FF,90.88667884572104,31,90.9,0.4241,False,2817.0,31
"Rincon, Hancel",AAA,CH,107.94582139800102,16,107.9,1.1243,False,1727.0,16
"Rincon, Hancel",AAA,FF,96.27742678243573,23,96.3,0.5625,False,2214.0,23
"Rincon, Hancel",AAA,SL,92.43018938144166,17,92.5,1.0193,False,1572.0,17
"Rivas, Xavier",AAA,FF,88.7241479434299,26,88.8,0.7048,False,2309.0,26
"Rivas, Xavier",AAA,FS,100.94503706073971,20,100.9,1.74,False,2018.0,20
"Rivas, Xavier",AAA,SL,82.00093295964953,33,82.0,1.4098,False,2705.0,33
"Rivera, Eduardo",AAA,FF,97.87864116516975,71,97.9,0.6849,False,6949.0,71
"Rivera, Eduardo",AAA,FS,98.6332477080106,44,98.6,1.209,False,4338.0,44
"Rivera, Eduardo",AAA,SI,74.2353603958236,5,74.2,0.9841,False,371.0,5
"Rivera, Eduardo",AAA,SL,90.92333570431946,71,90.9,1.0136,False,6456.0,71
"Rock, Joe",AAA,CH,85.73382210058473,5,86.0,1.1866,False,430.0,5
"Rock, Joe",AAA,FF,97.33955379815166,35,97.3,0.8234,False,3407.0,35
"Rock, Joe",AAA,SI,91.02657093897368,13,91.0,1.0037,False,1183.0,13
"Rock, Joe",AAA,SL,93.98571235830478,29,94.1,1.2222,False,2729.0,29
"Rodríguez, Elmer",AAA,CU,96.10689405035315,58,96.1,1.3442,False,5573.0,58
"Rodríguez, Elmer",AAA,FC,96.90344267768586,4,97.0,1.3481,False,388.0,4
"Rodríguez, Elmer",AAA,FF,85.77461348079416,27,85.8,1.0214,False,2317.0,27
"Rodríguez, Elmer",AAA,FS,82.20146716565905,43,82.2,1.3816,False,3533.0,43
"Rodríguez, Elmer",AAA,SI,100.74755128441558,127,100.7,0.8549,False,12795.0,127
"Rodríguez, Elmer",AAA,ST,97.9054397802586,69,97.9,1.2639,False,6754.0,69
"Rodríguez, José",AAA,FF,102.97636636164093,6,102.8,1.0742,False,617.0,6
"Rodríguez, José",AAA,FS,106.81883282762821,6,106.8,1.6874,False,641.0,6
"Rodríguez, José",AAA,SI,108.76695304139459,8,108.8,1.1253,False,870.0,8
"Rodríguez, José",AAA,SL,107.1908934299048,8,107.2,1.3799,False,858.0,8
"Rodríguez, Yariel",AAA,FF,103.36717952395678,4,103.2,0.5843,False,413.0,4
"Rodríguez, Yariel",AAA,FS,104.67683274034728,3,104.7,0.8916,False,314.0,3
"Rodríguez, Yariel",AAA,SL,103.83496361168191,6,103.7,0.6827,False,622.0,6
"Rodón, Carlos",AAA,CH,102.6999538001596,9,102.7,0.5979,False,924.0,9
"Rodón, Carlos",AAA,CU,90.17492251083434,1,90.0,0.9382,False,90.0,1
"Rodón, Carlos",AAA,FF,94.77823952278236,23,94.7,0.3793,False,2179.0,23
"Rodón, Carlos",AAA,SI,90.52827778737506,5,90.6,0.5249,False,453.0,5
"Rodón, Carlos",AAA,SL,87.59942439594695,10,87.7,0.6389,False,877.0,10
"Rogers, Grant",AAA,CU,93.23051924846335,33,93.3,1.4571,False,3079.0,33
"Rogers, Grant",AAA,FC,80.83798030423267,85,80.8,1.4856,False,6872.0,85
"Rogers, Grant",AAA,FF,58.917744845417076,25,59.0,1.4542,False,1476.0,25
"Rogers, Grant",AAA,FS,78.55295919294902,21,78.5,1.2364,False,1649.0,21
"Rogers, Grant",AAA,SI,78.6830296302541,138,78.6,1.1434,False,10853.0,138
"Rogers, Grant",AAA,SL,88.46857197226208,9,88.6,1.4205,False,797.0,9
"Rogers, Grant",AAA,ST,87.30338917473195,82,87.3,1.4064,False,7162.0,82
"Rojas, Yondrei",AAA,CH,93.524405719626,5,93.6,1.0921,False,468.0,5
"Rojas, Yondrei",AAA,FC,98.17784410255274,7,98.1,1.3691,False,687.0,7
"Rojas, Yondrei",AAA,FF,94.42630581965312,18,94.5,0.8546,False,1701.0,18
"Rojas, Yondrei",AAA,SI,110.76240132780845,8,110.9,0.9213,False,887.0,8
"Rojas, Yondrei",AAA,SL,100.62581733450935,15,100.6,1.3209,False,1509.0,15
"Rosario, Jerming",AAA,FF,101.93771347351009,1,102.0,,False,102.0,1
"Rosario, Jerming",AAA,SI,115.30619703118612,4,115.5,,False,462.0,4
"Rosario, Jerming",AAA,SL,111.7813126316287,4,111.8,,False,447.0,4
"Ross, Dylan",AAA,CU,103.7815467732269,5,103.8,1.2988,False,519.0,5
"Ross, Dylan",AAA,FF,98.14953345965856,53,98.1,0.7738,False,5199.0,53
"Ross, Dylan",AAA,FS,110.1720450346539,54,110.1,1.7242,False,5948.0,54
"Ross, Dylan",AAA,SI,120.45957141619671,1,120.0,1.2566,False,120.0,1
"Ross, Dylan",AAA,SL,106.74861367864769,69,106.7,1.1983,False,7365.0,69
"Rutledge, Jackson",AAA,FC,107.26306006399145,42,107.3,1.083,False,4507.0,42
"Rutledge, Jackson",AAA,FF,90.01201198715569,88,90.1,0.584,False,7927.0,88
"Rutledge, Jackson",AAA,FS,106.64363278241717,58,106.6,1.0723,False,6184.0,58
"Rutledge, Jackson",AAA,SI,92.53773784033683,28,92.5,0.7954,False,2590.0,28
"Rutledge, Jackson",AAA,SL,100.63104956870708,20,100.7,1.0459,False,2014.0,20
"Samaniego, Tyler",AAA,CH,95.84933268703573,6,95.8,1.1118,False,575.0,6
"Samaniego, Tyler",AAA,FC,77.05839075512851,10,76.9,1.1536,False,769.0,10
"Samaniego, Tyler",AAA,FF,97.51700454643438,29,97.4,0.76,False,2826.0,29
"Samaniego, Tyler",AAA,SI,88.7101988447824,21,88.8,0.8808,False,1864.0,21
"Samaniego, Tyler",AAA,ST,88.51136937584789,13,88.5,1.1738,False,1150.0,13
"Sandlin, David",AAA,CU,97.5121958263828,5,97.4,1.0878,False,487.0,5
"Sandlin, David",AAA,FC,104.77453094218853,16,104.8,0.9623,False,1676.0,16
"Sandlin, David",AAA,FF,109.00417528444697,16,109.0,0.6229,False,1744.0,16
"Sandlin, David",AAA,FS,85.01441816489113,4,84.8,1.1151,False,339.0,4
"Sandlin, David",AAA,SI,99.42959359403578,12,99.4,0.7906,False,1193.0,12
"Sandlin, David",AAA,ST,103.33567651019774,16,103.2,1.0309,False,1652.0,16
"Sandlin, Nick",AAA,FF,110.71470808540867,13,110.8,0.4792,False,1440.0,13
"Sandlin, Nick",AAA,FS,102.2015858215298,12,102.2,0.7696,False,1227.0,12
"Sandlin, Nick",AAA,SI,99.51802062101278,5,99.4,0.6637,False,497.0,5
"Sandlin, Nick",AAA,ST,113.84740901529581,21,113.8,0.8649,False,2389.0,21
"Sandoval, Patrick",AAA,CH,106.11097641244771,10,106.2,0.7151,False,1062.0,10
"Sandoval, Patrick",AAA,CU,86.321186021779,4,86.5,1.0273,False,346.0,4
"Sandoval, Patrick",AAA,FF,83.86737696161742,7,84.1,0.5471,False,589.0,7
"Sandoval, Patrick",AAA,SI,90.89671813171712,3,91.0,0.7372,False,273.0,3
"Sandoval, Patrick",AAA,SL,100.63739872242606,6,100.7,0.8531,False,604.0,6
"Sandoval, Patrick",AAA,ST,99.3290167013882,3,99.3,1.3086,False,298.0,3
"Sansone, Michael",AAA,CH,100.1413536068343,82,100.1,1.4699,False,8208.0,82
"Sansone, Michael",AAA,CU,78.93225404850271,14,78.9,1.4284,False,1105.0,14
"Sansone, Michael",AAA,FC,84.34169483029994,76,84.3,1.3209,False,6410.0,76
"Sansone, Michael",AAA,FF,78.56599954344608,83,78.6,1.1624,False,6520.0,83
"Sansone, Michael",AAA,ST,81.488760160064,14,81.6,1.6873,False,1143.0,14
"Santana, Sandro",AAA,FC,115.7315434699264,3,115.7,,False,347.0,3
"Santana, Sandro",AAA,FF,105.84041860743243,21,105.7,1.2643,False,2220.0,21
"Santana, Sandro",AAA,SI,98.35341013851279,6,98.5,1.596,False,591.0,6
"Santana, Sandro",AAA,ST,104.23908391770188,18,104.2,,False,1875.0,18
"Santucci, Jonathan",AAA,CH,93.97243914763465,12,93.9,1.1975,False,1127.0,12
"Santucci, Jonathan",AAA,CU,108.1306965553895,28,108.1,1.7178,False,3027.0,28
"Santucci, Jonathan",AAA,FF,100.08716032024236,70,100.0,0.7391,False,7002.0,70
"Santucci, Jonathan",AAA,SL,99.94267413836832,59,99.9,1.0277,False,5896.0,59
"Scherzer, Max",AAA,CH,94.91987337491638,9,94.9,0.4538,False,854.0,9
"Scherzer, Max",AAA,CU,91.83928876240759,5,91.8,0.7153,False,459.0,5
"Scherzer, Max",AAA,FC,98.87838257560469,3,99.0,0.6453,False,297.0,3
"Scherzer, Max",AAA,FF,100.88986668051143,28,100.9,0.3623,False,2825.0,28
"Scherzer, Max",AAA,SL,97.85447236513133,11,97.9,0.498,False,1077.0,11
"Schoenle, Garrett",AAA,CH,88.89194363805755,18,88.9,1.0761,False,1600.0,18
"Schoenle, Garrett",AAA,FF,94.1589295745624,27,94.1,0.678,False,2541.0,27
"Schoenle, Garrett",AAA,SI,92.96943785790243,14,93.0,0.8768,False,1302.0,14
"Schoenle, Garrett",AAA,SL,85.33450528400294,3,85.3,0.9842,False,256.0,3
"Schoenle, Garrett",AAA,ST,90.94617806078585,10,91.0,1.1615,False,910.0,10
"Schultz, Andrew",AAA,CH,141.36422261254438,6,141.3,1.6548,False,848.0,6
"Schultz, Andrew",AAA,FF,128.8879152854676,15,128.9,1.2239,False,1934.0,15
"Schultz, Andrew",AAA,ST,116.8533927879886,13,116.9,1.7,False,1520.0,13
"Schultz, Noah",AAA,CH,92.49689590967705,17,92.4,1.1336,True,1571.0,17
"Schultz, Noah",AAA,CU,85.28942714888998,6,85.3,1.4282,True,512.0,6
"Schultz, Noah",AAA,FC,113.53176996588574,25,113.5,1.2614,True,2838.0,25
"Schultz, Noah",AAA,FF,79.29920873008778,15,79.3,1.1015,True,1189.0,15
"Schultz, Noah",AAA,SI,87.82675359836868,44,87.8,0.9665,True,3862.0,44
"Schultz, Noah",AAA,ST,77.79482690774381,15,77.9,1.3189,True,1168.0,15
"Schultz, Paxton",ROC,CH,90.78593783989902,48,90.8,1.1691,False,4356.0,48
"Schultz, Paxton",ROC,FC,94.92177005198903,234,94.9,0.7706,False,22209.0,234
"Schultz, Paxton",ROC,FF,91.92723155485204,167,91.9,0.5312,False,15353.0,167
"Schultz, Paxton",ROC,SL,91.71914449096096,27,91.7,0.9872,False,2477.0,27
"Schultz, Paxton",ROC,ST,105.22333579796936,62,105.2,1.3927,False,6523.0,62
"Schweitzer, Tyler",AAA,CH,99.97275552398165,10,100.0,1.1608,False,1000.0,10
"Schweitzer, Tyler",AAA,CU,87.1267685260768,4,87.2,1.179,False,349.0,4
"Schweitzer, Tyler",AAA,FF,95.68740447237994,27,95.7,0.6209,False,2583.0,27
"Schweitzer, Tyler",AAA,SL,89.65714600252416,15,89.6,0.8814,False,1344.0,15
"Schweitzer, Tyler",AAA,ST,104.54487183944514,1,105.0,1.0819,False,105.0,1
"Sears, Ben",AAA,CH,82.4492624638705,4,82.2,1.3875,False,329.0,4
"Sears, Ben",AAA,FC,93.02480555184772,4,93.0,1.3569,False,372.0,4
"Sears, Ben",AAA,FF,80.65992145331279,12,80.7,1.0363,False,968.0,12
"Sears, Ben",AAA,SI,104.59729341336634,13,104.8,0.9772,False,1362.0,13
"Sears, Ben",AAA,ST,95.11765296933216,19,95.2,1.4923,False,1809.0,19
"Seelinger, Matt",AAA,CU,96.34358273766577,46,96.4,2.4444,True,4433.0,46
"Seelinger, Matt",AAA,FC,85.29996731394218,47,85.3,1.3317,False,4007.0,47
"Seelinger, Matt",AAA,FF,93.05695328609278,72,93.1,0.8476,False,6700.0,72
"Senga, Kodai",AAA,FC,93.99139423593779,15,94.1,0.6767,False,1412.0,15
"Senga, Kodai",AAA,FF,97.44895720226573,38,97.4,0.5299,False,3703.0,38
"Senga, Kodai",AAA,FS,97.18453959440525,15,97.1,0.9352,False,1456.0,15
"Senga, Kodai",AAA,SI,78.35047559330904,3,78.3,0.9047,False,235.0,3
"Senga, Kodai",AAA,SL,96.69999824643553,1,97.0,0.7134,False,97.0,1
"Senga, Kodai",AAA,ST,81.75715878955484,8,81.8,0.987,False,654.0,8
"Severino, Anderson",AAA,CU,89.49818074081846,3,89.7,1.0296,False,269.0,3
"Severino, Anderson",AAA,FF,96.8357263752045,31,96.8,0.6603,False,3001.0,31
"Severino, Anderson",AAA,SL,97.98201242945677,13,98.0,0.9955,False,1274.0,13
"Sheehan, Emmet",AAA,CH,102.49135358492269,13,102.5,,False,1333.0,13
"Sheehan, Emmet",AAA,CU,102.94889684384228,16,103.1,,False,1649.0,16
"Sheehan, Emmet",AAA,FF,109.05061798439593,36,108.9,,False,3922.0,36
"Sheehan, Emmet",AAA,SL,90.40465284563201,25,90.3,,False,2258.0,25
"Shugart, Chase",AAA,CH,83.97806338816625,1,84.0,1.1876,False,84.0,1
"Shugart, Chase",AAA,FC,110.03513907700312,10,110.1,1.0482,False,1101.0,10
"Shugart, Chase",AAA,FF,108.51272827721337,5,108.6,0.8592,False,543.0,5
"Shugart, Chase",AAA,SI,114.76119807896097,8,114.8,0.8223,False,918.0,8
"Shugart, Chase",AAA,ST,103.66711905692277,8,103.6,1.049,False,829.0,8
"Shuman, Seth",AAA,CH,88.94468962724832,32,88.9,1.2101,False,2844.0,32
"Shuman, Seth",AAA,FF,95.19145297521824,139,95.2,0.7335,False,13234.0,139
"Shuman, Seth",AAA,SI,91.88643880305999,84,91.9,0.9565,False,7719.0,84
"Shuman, Seth",AAA,SL,96.86814867365024,164,96.9,1.1509,False,15884.0,164
"Shuman, Seth",AAA,ST,95.67137310794804,96,95.6,1.2017,False,9182.0,96
"Shuster, Jared",AAA,CH,95.21160543646081,4,95.2,,False,381.0,4
"Shuster, Jared",AAA,FC,69.51200802408955,4,69.5,,False,278.0,4
"Shuster, Jared",AAA,FF,97.01820802475673,3,96.7,,False,290.0,3
"Shuster, Jared",AAA,SL,88.03072036090836,2,88.0,,False,176.0,2
"Simon, Ben",AAA,FC,118.15075526628443,5,118.4,1.0324,False,592.0,5
"Simon, Ben",AAA,FF,104.58751272996903,43,104.6,0.7969,False,4497.0,43
"Simon, Ben",AAA,FS,95.52337366708164,10,95.4,1.084,False,954.0,10
"Simon, Ben",AAA,SI,97.0940891386857,3,97.0,0.9392,False,291.0,3
"Simon, Ben",AAA,SL,103.39953804869978,40,103.4,1.0411,False,4137.0,40
"Simon, Ben",AAA,ST,100.19598093121785,5,100.2,1.1823,False,501.0,5
"Simpson, Jared",ROC,FF,99.89563842298043,143,99.9,0.6478,False,14286.0,143
"Simpson, Jared",ROC,FS,94.20990408326827,96,94.2,1.165,False,9041.0,96
"Simpson, Jared",ROC,SI,96.51843575249235,73,96.5,0.8408,False,7048.0,73
"Simpson, Jared",ROC,SL,92.00691396061352,32,92.0,1.1672,False,2945.0,32
"Sims, Lucas",AAA,CU,92.13578639637237,4,92.2,1.3376,False,369.0,4
"Sims, Lucas",AAA,FF,87.63541174912166,12,87.7,1.0616,False,1052.0,12
"Sims, Lucas",AAA,ST,98.1281095322068,8,98.1,1.1016,False,785.0,8
"Sinclair, Jack",ROC,CH,100.63182694539819,67,100.6,1.3222,False,6740.0,67
"Sinclair, Jack",ROC,FC,113.02285870900452,213,113.0,1.2469,False,24078.0,213
"Sinclair, Jack",ROC,FF,104.717137539352,268,104.7,0.9073,False,28063.0,268
"Sinclair, Jack",ROC,SI,106.01683068115224,177,106.0,1.1348,False,18761.0,177
"Sinclair, Jack",ROC,ST,111.72265920115159,324,111.7,1.346,False,36191.0,324
"Smith, Shane",AAA,CH,97.88426947676763,11,97.9,1.3009,False,1077.0,11
"Smith, Shane",AAA,CU,93.65140707079435,16,93.8,1.2709,False,1501.0,16
"Smith, Shane",AAA,FF,92.91781441156988,31,92.9,0.7522,False,2880.0,31
"Smith, Shane",AAA,SI,101.59740021277516,13,101.6,1.0386,False,1321.0,13
"Smith, Shane",AAA,SL,97.27084604763725,4,97.2,1.2064,False,389.0,4
"Snead, Kirby",AAA,CH,93.78086139380738,23,93.8,1.3449,False,2157.0,23
"Snead, Kirby",AAA,FC,91.20318041543938,10,91.1,1.4513,False,911.0,10
"Snead, Kirby",AAA,FF,91.34239529776359,32,91.3,1.0189,False,2921.0,32
"Snead, Kirby",AAA,SI,76.90651948162703,24,76.8,1.1515,False,1844.0,24
"Snead, Kirby",AAA,SL,91.07693331752347,12,91.1,1.3859,False,1093.0,12
"Snelling, Robby",AAA,CH,80.76294709393467,10,80.8,1.5989,False,808.0,10
"Snelling, Robby",AAA,CU,83.28783268549836,17,83.3,1.4761,False,1416.0,17
"Snelling, Robby",AAA,FF,95.2605538347307,36,95.2,0.9627,False,3429.0,36
"Snelling, Robby",AAA,SL,78.361394952337,3,78.3,1.3367,False,235.0,3
"Song, Noah",AAA,CH,101.42622053068595,37,101.4,1.1357,False,3753.0,37
"Song, Noah",AAA,CU,89.0143125599966,4,89.0,1.0299,False,356.0,4
"Song, Noah",AAA,FF,88.65357958119415,40,88.7,0.6904,False,3548.0,40
"Song, Noah",AAA,SI,94.61324223078071,34,94.6,0.9551,False,3216.0,34
"Song, Noah",AAA,SL,91.38207482540082,76,91.4,1.0838,False,6947.0,76
"Stanifer, Gage",AAA,CH,101.37485515375447,3,101.7,1.0209,False,305.0,3
"Stanifer, Gage",AAA,CU,107.38536900154668,12,107.4,1.1094,False,1289.0,12
"Stanifer, Gage",AAA,FF,100.94154590633897,11,101.0,0.562,False,1111.0,11
"Stanifer, Gage",AAA,SL,96.30630010833703,8,96.4,1.0605,False,771.0,8
"Stephan, Josh",AAA,CH,91.98878056443338,9,92.0,1.2341,False,828.0,9
"Stephan, Josh",AAA,CU,93.84747024593949,28,93.9,1.3467,False,2628.0,28
"Stephan, Josh",AAA,FC,108.76997904345136,28,108.8,0.8923,False,3046.0,28
"Stephan, Josh",AAA,FF,92.56906651367221,22,92.5,0.8868,False,2034.0,22
"Stephan, Josh",AAA,SI,91.26245704255672,27,91.3,0.7748,False,2465.0,27
"Stephan, Josh",AAA,ST,102.7108547592783,49,102.8,1.1603,False,5035.0,49
"Stoudt, Levi",AAA,FF,102.11864823083114,11,102.0,0.5871,False,1122.0,11
"Stoudt, Levi",AAA,SL,106.14837987746004,22,106.1,1.0627,False,2334.0,22
"Stoudt, Levi",AAA,ST,108.3205995688814,56,108.3,1.2135,False,6065.0,56
"Stubbs, C.J.",AAA,CH,77.87355805720776,1,78.0,2.3362,True,78.0,1
"Stubbs, C.J.",AAA,CU,91.65148191485363,1,92.0,1.7749,False,92.0,1
"Stubbs, C.J.",AAA,FF,76.41105869282872,19,76.5,0.9575,False,1454.0,19
"Stubbs, C.J.",AAA,SL,77.15964079099497,5,77.2,1.3955,False,386.0,5
"Susana, Jarlin",ROC,FF,113.65506640571584,43,113.6,1.0315,False,4885.0,43
"Susana, Jarlin",ROC,SI,150.62411699981354,13,150.6,1.1785,False,1958.0,13
"Susana, Jarlin",ROC,SL,116.07306045228964,37,116.1,1.5516,False,4295.0,37
"Svanson, Matt",AAA,FC,113.9268141983504,2,114.0,,False,228.0,2
"Svanson, Matt",AAA,SI,106.54205704490599,26,106.5,0.4846,False,2769.0,26
"Svanson, Matt",AAA,ST,112.58962263572862,24,112.6,0.854,False,2703.0,24
"Sweet, Devin",AAA,CH,105.98662237807117,70,106.0,1.3722,False,7421.0,70
"Sweet, Devin",AAA,FC,86.89182641729919,22,86.9,1.033,False,1912.0,22
"Sweet, Devin",AAA,FF,87.59981601963169,80,87.6,0.6727,False,7008.0,80
"Sweet, Devin",AAA,FS,91.50967826498496,1,92.0,1.8796,True,92.0,1
"Sweet, Devin",AAA,SL,101.09529949831416,26,101.2,1.3383,False,2630.0,26
"Taillon, Jameson",AAA,CH,104.79740032941872,9,104.9,1.1868,False,944.0,9
"Taillon, Jameson",AAA,CU,92.84814389354403,5,92.8,0.7443,False,464.0,5
"Taillon, Jameson",AAA,FC,95.17060721119027,8,95.2,0.6226,False,762.0,8
"Taillon, Jameson",AAA,FF,94.80265444252541,6,94.8,0.5112,False,569.0,6
"Taillon, Jameson",AAA,SI,85.89080173300877,4,85.8,0.6777,False,343.0,4
"Taillon, Jameson",AAA,SL,89.26767085219412,3,89.7,0.9419,False,269.0,3
"Taillon, Jameson",AAA,ST,99.33887171603344,13,99.3,0.7651,False,1291.0,13
"Thornton, Zac",AAA,CH,89.4203449550292,9,89.6,1.1237,False,806.0,9
"Thornton, Zac",AAA,CU,86.45225064313026,3,86.3,1.2138,False,259.0,3
"Thornton, Zac",AAA,FC,94.84253941202088,32,94.9,1.0483,False,3036.0,32
"Thornton, Zac",AAA,FF,83.3146295140214,68,83.3,0.7293,False,5665.0,68
"Thornton, Zac",AAA,SI,80.26215304663648,9,80.4,1.0433,False,724.0,9
"Thornton, Zac",AAA,SL,82.9659930984065,29,83.0,1.0322,False,2406.0,29
"Thornton, Zac",AAA,ST,78.35638791346865,20,78.3,1.2855,False,1566.0,20
"Thorpe, Drew",AAA,CH,105.56378582742751,29,105.5,0.687,False,3059.0,29
"Thorpe, Drew",AAA,FC,80.80911218875181,6,80.8,0.9375,False,485.0,6
"Thorpe, Drew",AAA,FF,87.30883365951496,22,87.3,0.5297,False,1920.0,22
"Thorpe, Drew",AAA,SI,90.49508155417188,14,90.5,1.08,False,1267.0,14
"Thorpe, Drew",AAA,SL,85.72212408410097,5,85.8,0.764,False,429.0,5
"Tiedemann, Ricky",AAA,CH,99.21614734522767,9,99.2,1.4357,False,893.0,9
"Tiedemann, Ricky",AAA,FC,90.91848649953263,4,91.0,1.1701,False,364.0,4
"Tiedemann, Ricky",AAA,FF,100.965052639335,12,101.1,0.7716,False,1213.0,12
"Tiedemann, Ricky",AAA,ST,102.65955856694768,10,102.6,1.7167,False,1026.0,10
"Tolman, Erik",ROC,CH,114.8045723012266,144,114.8,1.2054,False,16533.0,144
"Tolman, Erik",ROC,FF,102.97006112564442,313,103.0,0.6642,False,32227.0,313
"Tolman, Erik",ROC,SL,100.24013496797396,123,100.3,0.9037,False,12336.0,123
"Tong, Jonah",AAA,CH,112.26373432198677,48,112.2,1.1615,False,5388.0,48
"Tong, Jonah",AAA,CU,83.24394115183857,22,83.2,1.5342,False,1830.0,22
"Tong, Jonah",AAA,FC,95.28010953496167,20,95.3,1.4183,False,1906.0,20
"Tong, Jonah",AAA,FF,108.57108912788141,86,108.5,0.8622,False,9334.0,86
"Tong, Jonah",AAA,SL,97.04707649100915,7,97.3,1.3155,False,681.0,7
"Topa, Justin",AAA,CH,124.35138024188622,2,124.5,0.8952,False,249.0,2
"Topa, Justin",AAA,FC,105.55757179869565,2,105.5,0.5831,False,211.0,2
"Topa, Justin",AAA,SI,108.97698330653017,17,109.1,0.4577,False,1854.0,17
"Topa, Justin",AAA,ST,109.19185172198448,16,109.2,0.7863,False,1747.0,16
"Trivino III, Lou",AAA,CH,93.71677491642315,5,93.6,0.7078,False,468.0,5
"Trivino III, Lou",AAA,FC,101.09812795640157,25,101.2,0.8191,False,2530.0,25
"Trivino III, Lou",AAA,FF,100.38094520935842,21,100.4,0.8829,False,2108.0,21
"Trivino III, Lou",AAA,SI,101.56406732259818,27,101.5,0.8751,False,2741.0,27
"Trivino III, Lou",AAA,ST,106.96745979241616,20,107.0,0.8105,False,2140.0,20
"Turner, Matt",AAA,FC,92.53399100029694,40,92.6,1.5928,False,3703.0,40
"Turner, Matt",AAA,SI,95.63445030745086,32,95.6,1.1172,False,3058.0,32
"Turner, Matt",AAA,SL,96.55893763894821,15,96.5,1.7919,False,1447.0,15
"Turner, Matt",AAA,ST,94.33087198367738,22,94.2,1.572,False,2073.0,22
"Uberstine, Tyler",AAA,CH,100.60025361556465,5,100.6,1.4021,False,503.0,5
"Uberstine, Tyler",AAA,FC,105.79318397122667,12,105.8,1.3263,False,1269.0,12
"Uberstine, Tyler",AAA,FF,111.23193123467009,19,111.2,0.8366,False,2113.0,19
"Uberstine, Tyler",AAA,SI,97.97221124199439,10,98.0,1.1283,False,980.0,10
"Uberstine, Tyler",AAA,ST,110.98182392594282,12,111.0,1.6587,False,1332.0,12
"Van Eyk, CJ",AAA,CH,98.74882899270801,13,98.8,1.3181,False,1285.0,13
"Van Eyk, CJ",AAA,CU,96.11644276480814,24,96.2,1.4916,False,2309.0,24
"Van Eyk, CJ",AAA,FC,102.84790867549142,57,102.8,1.0009,False,5860.0,57
"Van Eyk, CJ",AAA,FF,95.72814885978936,22,95.7,0.9433,False,2106.0,22
"Van Eyk, CJ",AAA,SI,97.5446601259268,28,97.5,0.907,False,2731.0,28
"Van Eyk, CJ",AAA,ST,94.03823154183492,14,94.1,1.2963,False,1318.0,14
"Van Scoyoc, Connor",AAA,CH,99.13778743059247,15,99.2,1.4041,False,1488.0,15
"Van Scoyoc, Connor",AAA,FC,93.88925865967155,34,93.9,1.2503,False,3192.0,34
"Van Scoyoc, Connor",AAA,FF,90.03229783175132,10,90.0,1.1914,False,900.0,10
"Van Scoyoc, Connor",AAA,SI,93.09006897652239,85,93.1,0.9786,False,7912.0,85
"Van Scoyoc, Connor",AAA,ST,95.54213148862412,42,95.5,1.422,False,4013.0,42
"Vanasco, Ricky",AAA,CU,91.7881902907345,9,91.8,1.1772,False,826.0,9
"Vanasco, Ricky",AAA,FF,95.00371242256477,19,95.1,0.5568,False,1806.0,19
"Vanasco, Ricky",AAA,FS,92.91317335261722,3,93.0,1.5008,False,279.0,3
"Varland, Gus",ROC,CH,89.29273869119238,7,89.3,1.0915,False,625.0,7
"Varland, Gus",ROC,FF,105.35416840329425,312,105.3,0.5418,False,32867.0,312
"Varland, Gus",ROC,SL,102.60903750373862,189,102.6,0.9082,False,19392.0,189
"Velasquez, Vince",AAA,CH,83.19467681634791,18,83.3,0.7971,False,1499.0,18
"Velasquez, Vince",AAA,CU,91.44586741445971,19,91.4,0.9754,False,1737.0,19
"Velasquez, Vince",AAA,FC,108.23806597627151,19,108.2,1.0141,False,2056.0,19
"Velasquez, Vince",AAA,FF,99.27734243065501,73,99.3,0.5722,False,7248.0,73
"Velasquez, Vince",AAA,SI,91.84146078190987,10,91.8,0.8039,False,918.0,10
"Velasquez, Vince",AAA,SL,92.79048585479396,33,92.8,0.8556,False,3061.0,33
"Vinyard, Mason",AAA,CH,100.25384976482005,1,100.0,2.1937,True,100.0,1
"Vinyard, Mason",AAA,FC,94.35247689619402,2,94.5,1.9397,True,189.0,2
"Vinyard, Mason",AAA,FF,87.45352253681143,6,87.5,1.6634,False,525.0,6
"Vinyard, Mason",AAA,SI,100.04819751372999,27,100.0,1.3676,False,2701.0,27
"Vinyard, Mason",AAA,ST,99.50810173143701,20,99.6,1.7435,False,1992.0,20
"Voth, Austin",AAA,CU,96.64086830427215,11,96.6,0.7988,False,1063.0,11
"Voth, Austin",AAA,FC,96.60608420454348,14,96.6,0.5895,False,1353.0,14
"Voth, Austin",AAA,FF,90.23691381606713,10,90.3,0.4745,False,903.0,10
"Voth, Austin",AAA,FS,90.37100103587497,5,90.4,1.0212,False,452.0,5
"Voth, Austin",AAA,SI,94.31479240810776,2,94.0,0.838,False,188.0,2
"Voth, Austin",AAA,ST,99.7771921892354,9,99.9,0.6987,False,899.0,9
"Walkinshaw, Jake",AAA,CH,100.27984924105924,3,100.3,1.1341,False,301.0,3
"Walkinshaw, Jake",AAA,FF,95.13338671301906,9,95.1,1.0687,False,856.0,9
"Walkinshaw, Jake",AAA,SI,113.36848666759481,3,113.7,1.2651,False,341.0,3
"Walkinshaw, Jake",AAA,SL,112.03095704454142,18,112.1,1.0123,False,2017.0,18
"Walkinshaw, Jake",AAA,ST,98.03769353334718,12,98.0,1.3727,False,1176.0,12
"Walling, Andrew",AAA,FC,90.25116874296165,16,90.3,1.1462,False,1445.0,16
"Walling, Andrew",AAA,FF,87.72728233512898,7,87.9,0.9353,False,615.0,7
"Walling, Andrew",AAA,SI,94.04577287926142,4,94.0,1.1116,False,376.0,4
"Walling, Andrew",AAA,SL,104.68453291917119,19,104.6,1.7112,False,1988.0,19
"Watson, Danny",AAA,CU,100.54050390737069,13,100.5,2.052,True,1307.0,13
"Watson, Danny",AAA,FF,114.76451555169119,22,114.8,1.5343,False,2526.0,22
"Watson, Danny",AAA,SI,96.7301285119681,43,96.8,1.2612,False,4161.0,43
"Watson, Danny",AAA,SL,92.79198052034515,25,92.8,1.9301,True,2320.0,25
"Watson, Danny",AAA,ST,88.8439753163019,28,88.9,2.0239,True,2488.0,28
"Watson, Troy",AAA,CH,106.03003588323584,9,106.1,1.0638,False,955.0,9
"Watson, Troy",AAA,FF,91.84839399090349,39,91.9,0.6436,False,3583.0,39
"Watson, Troy",AAA,SI,90.31311450244388,26,90.3,0.9046,False,2349.0,26
"Watson, Troy",AAA,SL,96.40671921594779,33,96.4,0.9074,False,3180.0,33
"Watson, Troy",AAA,ST,101.4790588803576,15,101.7,1.0341,False,1525.0,15
"Way, Beck",AAA,FC,108.91146387979872,1,109.0,1.3359,False,109.0,1
"Way, Beck",AAA,FF,109.26797185790325,1,109.0,1.3259,False,109.0,1
"Way, Beck",AAA,SI,112.43512563888395,2,112.5,1.1375,False,225.0,2
"Way, Beck",AAA,ST,115.04133463722867,3,115.0,1.2446,False,345.0,3
"Webb, Jacob",AAA,CH,91.91483706510705,8,92.0,1.0926,False,736.0,8
"Webb, Jacob",AAA,FF,94.95491992310765,53,94.9,0.6664,False,5030.0,53
"Webb, Jacob",AAA,SL,88.53882191578343,7,88.4,1.1395,False,619.0,7
"Webb, Jacob",AAA,ST,91.96853616233437,25,91.9,1.4513,False,2298.0,25
"Weisenburger, Jack",AAA,CH,99.50106140420368,7,99.6,0.9533,False,697.0,7
"Weisenburger, Jack",AAA,CU,96.06183245539209,28,96.0,1.1413,False,2688.0,28
"Weisenburger, Jack",AAA,FC,95.41542271393152,42,95.5,0.9051,False,4009.0,42
"Weisenburger, Jack",AAA,FF,91.76768686785248,85,91.8,0.6063,False,7801.0,85
"Weisenburger, Jack",AAA,FS,99.15203067636789,13,99.1,0.9436,False,1288.0,13
"Weisenburger, Jack",AAA,SI,110.91436483736193,63,110.9,0.7598,False,6984.0,63
"Weisenburger, Jack",AAA,SL,83.9353177289272,5,84.0,1.0853,False,420.0,5
"Weisenburger, Jack",AAA,ST,106.30757286203304,67,106.3,1.0127,False,7125.0,67
"Wenninger, Jack",AAA,CU,97.89254409391155,32,97.8,1.409,False,3131.0,32
"Wenninger, Jack",AAA,FF,91.80933564297021,90,91.8,0.6026,False,8266.0,90
"Wenninger, Jack",AAA,FS,106.34141778602184,62,106.4,1.1251,False,6594.0,62
"Wenninger, Jack",AAA,SI,89.00167305493862,67,89.0,0.7892,False,5963.0,67
"Wenninger, Jack",AAA,SL,96.71966069386761,89,96.7,0.96,False,8608.0,89
"Weston, Cameron",AAA,CH,105.85929678696363,1,106.0,2.3949,True,106.0,1
"Weston, Cameron",AAA,FS,66.30704251005403,4,66.0,3.1987,True,264.0,4
"Weston, Cameron",AAA,SI,68.25389622235086,5,68.2,2.0833,True,341.0,5
"Weston, Cameron",AAA,ST,99.1041886340144,10,99.0,2.3714,True,990.0,10
"Wheeler, Zack",AAA,CU,109.66795669387,3,109.7,0.9327,False,329.0,3
"Wheeler, Zack",AAA,FC,90.85088415652585,3,90.7,0.7808,False,272.0,3
"Wheeler, Zack",AAA,FF,106.13612666352951,21,106.1,0.53,False,2229.0,21
"Wheeler, Zack",AAA,FS,100.75602178998984,7,100.7,1.0113,False,705.0,7
"Wheeler, Zack",AAA,SI,97.27766581142153,13,97.3,0.5573,False,1265.0,13
"Wheeler, Zack",AAA,ST,101.06049278871649,14,100.9,0.8851,False,1413.0,14
"White, Brandon",AAA,CH,111.17719665409552,4,111.0,1.6617,False,444.0,4
"White, Brandon",AAA,FF,116.05635789254207,8,116.2,1.1107,False,930.0,8
"White, Brandon",AAA,SI,109.85141456399575,16,109.8,1.1886,False,1757.0,16
"White, Brandon",AAA,SL,108.51871467976041,6,108.7,1.4107,False,652.0,6
"White, Josh",AAA,CU,107.91329321942301,15,107.8,1.85,True,1617.0,15
"White, Josh",AAA,FF,88.09316695249159,23,88.0,0.8549,False,2025.0,23
"White, Josh",AAA,FS,80.64719946211719,1,81.0,2.0151,True,81.0,1
"White, Josh",AAA,SL,92.56507434504844,19,92.7,1.0945,False,1762.0,19
"Williams, Henry",AAA,CH,88.74818404322109,10,88.9,0.9409,False,889.0,10
"Williams, Henry",AAA,CU,91.19518224805641,23,91.3,1.0527,False,2100.0,23
"Williams, Henry",AAA,FC,100.2776097663442,17,100.3,0.9231,False,1705.0,17
"Williams, Henry",AAA,FF,98.7245049521382,33,98.8,0.6543,False,3259.0,33
"Williams, Henry",AAA,SI,84.34646367404984,10,84.3,0.7219,False,843.0,10
"Williams, Trevor",AAA,FF,89.04264115497776,39,89.1,0.4699,False,3474.0,39
"Williams, Trevor",AAA,FS,78.01335938776752,14,77.9,0.5895,False,1090.0,14
"Williams, Trevor",AAA,SI,91.34860820047884,7,91.1,0.5143,False,638.0,7
"Williams, Trevor",AAA,SL,81.4830044096746,8,81.8,0.5413,False,654.0,8
"Williams, Trevor",AAA,ST,94.95469501139837,34,94.9,0.5743,False,3226.0,34
"Willingham, Amos",AAA,FF,93.31489447224725,17,93.4,0.5892,False,1588.0,17
"Willingham, Amos",AAA,SL,93.9137621004224,12,94.0,1.0344,False,1128.0,12
"Willingham, Amos",AAA,ST,87.42543596875527,11,87.5,1.2055,False,962.0,11
"Wilson, Bryse",AAA,FC,95.91921690800659,56,95.9,1.0904,False,5371.0,56
"Wilson, Bryse",AAA,FF,92.21380194749415,55,92.2,0.6407,False,5072.0,55
"Wilson, Bryse",AAA,FS,92.82686900715643,25,92.9,1.0964,False,2323.0,25
"Wilson, Bryse",AAA,SI,100.64955735442824,52,100.6,0.7782,False,5232.0,52
"Wilson, Bryse",AAA,SL,78.87388202038974,2,79.0,1.2397,False,158.0,2
"Wilson, Bryse",AAA,ST,90.25084858007308,15,90.2,1.1715,False,1353.0,15
"Winckowski, Josh",AAA,CU,94.37099744833057,10,94.4,1.4752,False,944.0,10
"Winckowski, Josh",AAA,FC,64.43151181392308,11,64.6,1.5203,False,711.0,11
"Winckowski, Josh",AAA,FF,83.21542366594556,15,83.3,0.8031,False,1249.0,15
"Winckowski, Josh",AAA,SI,100.57958702656768,26,100.6,0.8157,False,2615.0,26
"Winckowski, Josh",AAA,SL,91.48787457938718,21,91.4,1.2084,False,1920.0,21
"Woods Richardson, Simeon",AAA,CU,89.06495816000607,6,89.3,0.9193,False,536.0,6
"Woods Richardson, Simeon",AAA,FF,82.36060908728557,64,82.3,0.6218,False,5270.0,64
"Woods Richardson, Simeon",AAA,FS,89.85816694789479,12,90.0,1.1337,False,1080.0,12
"Woods Richardson, Simeon",AAA,SL,91.88811930830985,45,91.8,0.8991,False,4133.0,45
"Woods, Jaden",AAA,CH,84.25079055646766,6,84.3,1.38,False,506.0,6
"Woods, Jaden",AAA,FF,105.84027748332868,29,105.9,0.691,False,3070.0,29
"Woods, Jaden",AAA,SI,93.5321439193241,1,94.0,1.1414,False,94.0,1
"Woods, Jaden",AAA,SL,95.55499913185997,8,95.6,1.0517,False,765.0,8
"Yan, Jefry",AAA,CH,112.3071086487191,1,112.0,1.7174,False,112.0,1
"Yan, Jefry",AAA,FF,126.42961390700424,2,126.0,1.2289,False,252.0,2
"Yan, Jefry",AAA,SI,135.16722198087007,9,135.1,1.2947,False,1216.0,9
"Yan, Jefry",AAA,SL,101.18668093075526,11,101.1,1.5508,False,1112.0,11
"Yean, Eddy",ROC,CH,94.76860901792004,221,94.8,1.0819,False,20950.0,221
"Yean, Eddy",ROC,FF,89.96246718509808,112,89.9,0.8613,False,10073.0,112
"Yean, Eddy",ROC,SI,102.52372010206135,537,102.5,0.7457,False,55057.0,537
"Yean, Eddy",ROC,SL,100.16071056529549,141,100.1,1.1236,False,14121.0,141
"Yesavage, Trey",AAA,FF,96.54737643738012,56,96.6,0.692,False,5409.0,56
"Yesavage, Trey",AAA,FS,110.92802644036027,24,110.9,0.8611,False,2662.0,24
"Yesavage, Trey",AAA,SL,110.60573070712535,25,110.7,0.8912,False,2767.0,25
"Young, Alex",AAA,CH,84.00037868235559,63,84.1,0.7134,False,5296.0,63
"Young, Alex",AAA,FF,85.4202988295818,12,85.6,0.8837,False,1027.0,12
"Young, Alex",AAA,SI,87.44329239494955,44,87.5,0.6704,False,3848.0,44
"Young, Alex",AAA,SL,75.88600961026476,5,75.8,1.552,False,379.0,5
"Young, Alex",AAA,ST,85.47586103718294,25,85.5,0.9052,False,2138.0,25
"Young, Luke",ROC,CH,110.11266428123702,91,110.1,1.2248,False,10023.0,91
"Young, Luke",ROC,FC,105.28386554288291,132,105.3,1.0772,False,13896.0,132
"Young, Luke",ROC,FF,97.81649609264808,205,97.8,0.7904,False,20053.0,205
"Young, Luke",ROC,ST,84.94076478450006,47,84.9,1.2053,False,3992.0,47
"Zuber, Tyler",AAA,CH,104.09913988469992,2,104.0,1.5222,False,208.0,2
"Zuber, Tyler",AAA,FF,104.34290040433504,15,104.5,0.8938,False,1567.0,15
"Zuber, Tyler",AAA,SL,104.15794001874464,7,104.0,1.1829,False,728.0,7
"Zuber, Tyler",AAA,ST,102.57088967867845,13,102.6,1.8143,True,1334.0,13
