{
 "meta": {
  "generated": "2026-07-20",
  "diffCap": 12,
  "extraInning": 10,
  "gAvg": 0.09955662201775957
 },
 "re24": {
  "000|0": 0.5067,
  "000|1": 0.2697,
  "000|2": 0.0999,
  "100|0": 0.9068,
  "100|1": 0.5347,
  "110|1": 0.9333,
  "110|2": 0.4489,
  "110|0": 1.5928,
  "111|1": 1.4312,
  "101|2": 0.4803,
  "111|0": 2.1757,
  "011|1": 1.1872,
  "010|2": 0.3035,
  "101|1": 1.0906,
  "100|2": 0.2332,
  "001|2": 0.3676,
  "111|2": 0.6271,
  "011|2": 0.4368,
  "011|0": 1.8362,
  "101|0": 1.6444,
  "010|1": 0.672,
  "010|0": 1.2201,
  "001|0": 1.4146,
  "001|1": 0.8882
 },
 "re24N": {
  "000|0": 24987,
  "000|1": 18106,
  "000|2": 14140,
  "100|0": 6011,
  "100|1": 7411,
  "110|1": 2550,
  "110|2": 3061,
  "110|0": 1525,
  "111|1": 1823,
  "101|2": 914,
  "111|0": 905,
  "011|1": 1015,
  "010|2": 2254,
  "101|1": 640,
  "100|2": 7504,
  "001|2": 1197,
  "111|2": 2486,
  "011|2": 1360,
  "011|0": 409,
  "101|0": 180,
  "010|1": 1741,
  "010|0": 1036,
  "001|0": 123,
  "001|1": 644
 },
 "countRV": {
  "0-0": -0.0007,
  "1-0": 0.0369,
  "1-1": -0.012,
  "1-2": -0.0798,
  "0-1": -0.0409,
  "0-2": -0.0998,
  "2-2": -0.0371,
  "2-1": 0.0411,
  "2-0": 0.0969,
  "3-2": 0.0541,
  "3-0": 0.2026,
  "3-1": 0.145
 },
 "countRVN": {
  "0-0": 101874,
  "1-0": 39224,
  "1-1": 39597,
  "1-2": 29958,
  "0-1": 50799,
  "0-2": 21437,
  "2-2": 24512,
  "2-1": 20707,
  "2-0": 13472,
  "3-2": 14334,
  "3-0": 4343,
  "3-1": 8789
 },
 "bbValue": {
  "000|0": 0.4001,
  "000|1": 0.2651,
  "000|2": 0.1334,
  "100|0": 0.6859,
  "100|1": 0.3986,
  "100|2": 0.2157,
  "010|0": 0.3727,
  "010|1": 0.2613,
  "010|2": 0.1454,
  "001|0": 0.2298,
  "001|1": 0.2024,
  "001|2": 0.1127,
  "110|0": 0.5829,
  "110|1": 0.4978,
  "110|2": 0.1782,
  "101|0": 0.5312,
  "101|1": 0.3405,
  "101|2": 0.1468,
  "011|0": 0.3395,
  "011|1": 0.244,
  "011|2": 0.1903,
  "111|0": 1.0,
  "111|1": 1.0,
  "111|2": 1.0
 },
 "kValue": {
  "000|0": -0.2371,
  "000|1": -0.1698,
  "000|2": -0.0999,
  "100|0": -0.3721,
  "100|1": -0.3015,
  "100|2": -0.2332,
  "010|0": -0.548,
  "010|1": -0.3686,
  "010|2": -0.3035,
  "001|0": -0.5264,
  "001|1": -0.5206,
  "001|2": -0.3676,
  "110|0": -0.6595,
  "110|1": -0.4845,
  "110|2": -0.4489,
  "101|0": -0.5538,
  "101|1": -0.6103,
  "101|2": -0.4803,
  "011|0": -0.649,
  "011|1": -0.7504,
  "011|2": -0.4368,
  "111|0": -0.7445,
  "111|1": -0.804,
  "111|2": -0.6271
 },
 "G": {
  "1|top|-12": 0.0,
  "1|bottom|-12": 0.002237,
  "1|top|-11": 0.003785,
  "1|bottom|-11": 0.00433,
  "1|top|-10": 0.006462,
  "1|bottom|-10": 0.007242,
  "1|top|-9": 0.010157,
  "1|bottom|-9": 0.011383,
  "1|top|-8": 0.015268,
  "1|bottom|-8": 0.017222,
  "1|top|-7": 0.022201,
  "1|bottom|-7": 0.025226,
  "1|top|-6": 0.031284,
  "1|bottom|-6": 0.035754,
  "1|top|-5": 0.042643,
  "1|bottom|-5": 0.048871,
  "1|top|-4": 0.056007,
  "1|bottom|-4": 0.064062,
  "1|top|-3": 0.070486,
  "1|bottom|-3": 0.079953,
  "1|top|-2": 0.084412,
  "1|bottom|-2": 0.094105,
  "1|top|-1": 0.095344,
  "1|bottom|-1": 0.103194,
  "1|top|0": 0.100484,
  "1|bottom|0": 0.103195,
  "1|top|1": 0.097331,
  "1|bottom|1": 0.094107,
  "1|top|2": 0.086794,
  "1|bottom|2": 0.079956,
  "1|top|3": 0.0725,
  "1|bottom|3": 0.064067,
  "1|top|4": 0.057328,
  "1|bottom|4": 0.048881,
  "1|top|5": 0.043276,
  "1|bottom|5": 0.035772,
  "1|top|6": 0.031391,
  "1|bottom|6": 0.025256,
  "1|top|7": 0.021991,
  "1|bottom|7": 0.017275,
  "1|top|8": 0.014926,
  "1|bottom|8": 0.011472,
  "1|top|9": 0.009817,
  "1|bottom|9": 0.00739,
  "1|top|10": 0.00622,
  "1|bottom|10": 0.004573,
  "1|top|11": 0.003707,
  "1|bottom|11": 0.002624,
  "1|top|12": 0.001911,
  "1|bottom|12": 0.0,
  "2|top|-12": 0.0,
  "2|bottom|-12": 0.001734,
  "2|top|-11": 0.003071,
  "2|bottom|-11": 0.003421,
  "2|top|-10": 0.005339,
  "2|bottom|-10": 0.005872,
  "2|top|-9": 0.0086,
  "2|bottom|-9": 0.009513,
  "2|top|-8": 0.013291,
  "2|bottom|-8": 0.014878,
  "2|top|-7": 0.019911,
  "2|bottom|-7": 0.02256,
  "2|top|-6": 0.028931,
  "2|bottom|-6": 0.033128,
  "2|top|-5": 0.040674,
  "2|bottom|-5": 0.046923,
  "2|top|-4": 0.055079,
  "2|bottom|-4": 0.0637,
  "2|top|-3": 0.071385,
  "2|bottom|-3": 0.082205,
  "2|top|-2": 0.087832,
  "2|bottom|-2": 0.099699,
  "2|top|-1": 0.101476,
  "2|bottom|-1": 0.111932,
  "2|top|0": 0.108529,
  "2|bottom|0": 0.111933,
  "2|top|1": 0.104582,
  "2|bottom|1": 0.0997,
  "2|top|2": 0.091035,
  "2|bottom|2": 0.082207,
  "2|top|3": 0.073804,
  "2|bottom|3": 0.063703,
  "2|top|4": 0.056461,
  "2|bottom|4": 0.046929,
  "2|top|5": 0.041174,
  "2|bottom|5": 0.033139,
  "2|top|6": 0.028836,
  "2|bottom|6": 0.022579,
  "2|top|7": 0.019508,
  "2|bottom|7": 0.014913,
  "2|top|8": 0.012795,
  "2|bottom|8": 0.009574,
  "2|top|9": 0.008144,
  "2|bottom|9": 0.005976,
  "2|top|10": 0.005008,
  "2|bottom|10": 0.003595,
  "2|top|11": 0.002909,
  "2|bottom|11": 0.00202,
  "2|top|12": 0.001471,
  "2|bottom|12": 0.0,
  "3|top|-12": 0.0,
  "3|bottom|-12": 0.001265,
  "3|top|-11": 0.00238,
  "3|bottom|-11": 0.002557,
  "3|top|-10": 0.004227,
  "3|bottom|-10": 0.004524,
  "3|top|-9": 0.007003,
  "3|bottom|-9": 0.007589,
  "3|top|-8": 0.011175,
  "3|bottom|-8": 0.012335,
  "3|top|-7": 0.017325,
  "3|bottom|-7": 0.019471,
  "3|top|-6": 0.026081,
  "3|bottom|-6": 0.029804,
  "3|top|-5": 0.038014,
  "3|bottom|-5": 0.044042,
  "3|top|-4": 0.053377,
  "3|bottom|-4": 0.062382,
  "3|top|-3": 0.071683,
  "3|bottom|-3": 0.083947,
  "3|top|-2": 0.091238,
  "3|bottom|-2": 0.105929,
  "3|top|-1": 0.108628,
  "3|bottom|-1": 0.123284,
  "3|top|0": 0.118858,
  "3|bottom|0": 0.123284,
  "3|top|1": 0.113743,
  "3|bottom|1": 0.105929,
  "3|top|2": 0.095557,
  "3|bottom|2": 0.083948,
  "3|top|3": 0.074505,
  "3|bottom|3": 0.062384,
  "3|top|4": 0.0547,
  "3|bottom|4": 0.044046,
  "3|top|5": 0.038258,
  "3|bottom|5": 0.02981,
  "3|top|6": 0.025699,
  "3|bottom|6": 0.019482,
  "3|top|7": 0.016688,
  "3|bottom|7": 0.012356,
  "3|top|8": 0.01052,
  "3|bottom|8": 0.007627,
  "3|top|9": 0.006446,
  "3|bottom|9": 0.004592,
  "3|top|10": 0.003829,
  "3|bottom|10": 0.002674,
  "3|top|11": 0.002158,
  "3|bottom|11": 0.001465,
  "3|top|12": 0.001067,
  "3|bottom|12": 0.0,
  "4|top|-12": 0.0,
  "4|bottom|-12": 0.000852,
  "4|top|-11": 0.001737,
  "4|bottom|-11": 0.001775,
  "4|top|-10": 0.003168,
  "4|bottom|-10": 0.003254,
  "4|top|-9": 0.005422,
  "4|bottom|-9": 0.005682,
  "4|top|-8": 0.008974,
  "4|bottom|-8": 0.009663,
  "4|top|-7": 0.014476,
  "4|bottom|-7": 0.015988,
  "4|top|-6": 0.022707,
  "4|bottom|-6": 0.025704,
  "4|top|-5": 0.034527,
  "4|bottom|-5": 0.039968,
  "4|top|-4": 0.05062,
  "4|bottom|-4": 0.059622,
  "4|top|-3": 0.070985,
  "4|bottom|-3": 0.084583,
  "4|top|-2": 0.094292,
  "4|bottom|-2": 0.112524,
  "4|top|-1": 0.116887,
  "4|bottom|-1": 0.138675,
  "4|top|0": 0.132667,
  "4|bottom|0": 0.138675,
  "4|top|1": 0.125752,
  "4|bottom|1": 0.112524,
  "4|top|2": 0.100034,
  "4|bottom|2": 0.084583,
  "4|top|3": 0.07408,
  "4|bottom|3": 0.059622,
  "4|top|4": 0.05165,
  "4|bottom|4": 0.039969,
  "4|top|5": 0.034333,
  "4|bottom|5": 0.025708,
  "4|top|6": 0.021937,
  "4|bottom|6": 0.015994,
  "4|top|7": 0.013573,
  "4|bottom|7": 0.009675,
  "4|top|8": 0.008167,
  "4|bottom|8": 0.005705,
  "4|top|9": 0.004787,
  "4|bottom|9": 0.003295,
  "4|top|10": 0.002732,
  "4|bottom|10": 0.001848,
  "4|top|11": 0.001486,
  "4|bottom|11": 0.000979,
  "4|top|12": 0.000713,
  "4|bottom|12": 0.0,
  "5|top|-12": 0.0,
  "5|bottom|-12": 0.000511,
  "5|top|-11": 0.00117,
  "5|bottom|-11": 0.001113,
  "5|top|-10": 0.002206,
  "5|bottom|-10": 0.002127,
  "5|top|-9": 0.003922,
  "5|bottom|-9": 0.003887,
  "5|top|-8": 0.006768,
  "5|bottom|-8": 0.006978,
  "5|top|-7": 0.011439,
  "5|bottom|-7": 0.012208,
  "5|top|-6": 0.018825,
  "5|bottom|-6": 0.020814,
  "5|top|-5": 0.030091,
  "5|bottom|-5": 0.034432,
  "5|top|-4": 0.046466,
  "5|bottom|-4": 0.054749,
  "5|top|-3": 0.068696,
  "5|bottom|-3": 0.083054,
  "5|top|-2": 0.096325,
  "5|bottom|-2": 0.118593,
  "5|top|-1": 0.126086,
  "5|bottom|-1": 0.160623,